﻿<?xml version="1.0" encoding="utf-8"?>
<ImportExportXml xmlns:xsi="http://www.w3.org/2001/XMLSchema-instance">
  <Entities />
  <Roles />
  <Workflows />
  <FieldSecurityProfiles />
  <Templates />
  <EntityMaps />
  <EntityRelationships />
  <OrganizationSettings />
  <optionsets />
  <SolutionPluginAssemblies>
    <PluginAssembly FullName="Adxstudio.Xrm.Workflow.GetRandomGuidHelper, Version=1.0.0.0, Culture=neutral, PublicKeyToken=94e462915e9c1195" CustomizationLevel="1">
      <IsolationMode>2</IsolationMode>
      <SourceType>0</SourceType>
      <IntroducedVersion>1.0</IntroducedVersion>
      <FileName>/PluginAssemblies/AdxstudioXrmWorkflowGetRandomGuidHelper-B95A6472-E762-4D36-B9E4-2EB877DD0BBE/AdxstudioXrmWorkflowGetRandomGuidHelper.dll</FileName>
      <PluginTypes>
        <PluginType AssemblyQualifiedName="Adxstudio.Xrm.Workflow.GetRandomGuidHelper.GetRandomGuid, Adxstudio.Xrm.Workflow.GetRandomGuidHelper, Version=1.0.0.0, Culture=neutral, PublicKeyToken=94e462915e9c1195" Name="Get Random GUID">
          <FriendlyName>0635ad1a-185d-44a4-bf92-b822c1ec349e</FriendlyName>
          <WorkflowActivityGroupName>Adxstudio Workflow Helpers</WorkflowActivityGroupName>
        </PluginType>
      </PluginTypes>
    </PluginAssembly>
  </SolutionPluginAssemblies>
  <Languages>
    <Language>1033</Language>
  </Languages>
</ImportExportXml>