﻿<?xml version="1.0" encoding="utf-8"?>
<ImportExportXml version="8.1.0000.0122" SolutionPackageVersion="8.1" languagecode="1033" generatedBy="OnPremise" xmlns:xsi="http://www.w3.org/2001/XMLSchema-instance">
  <SolutionManifest>
    <UniqueName>MicrosoftGetRandomGUIDWorkflowHelper</UniqueName>
    <LocalizedNames>
      <LocalizedName description="Dynamics 365 Portals - Get Random GUID Workflow Helper" languagecode="1033" />
      <LocalizedName description="Портали на Dynamics 365 – Помощник за работен поток за получаване на случаен GIUD" languagecode="1026" />
      <LocalizedName description="Portals del Dynamics 365: ajuda del flux de treball per obtenir el GUID aleatori" languagecode="1027" />
      <LocalizedName description="Portály Dynamics 365 – Pomocník pracovního postupu pro získání náhodného identifikátoru GUID" languagecode="1029" />
      <LocalizedName description="Dynamics 365-portaler - Hent tilfældig hjælpefunktion til GUID-arbejdsprocesser" languagecode="1030" />
      <LocalizedName description="Dynamics 365-Portale – Workflowhelfer zum Abfragen einer Zufalls-GUID" languagecode="1031" />
      <LocalizedName description="Πύλες Dynamics 365 - Βοηθός ροής εργασίας λήψης τυχαίου GUID" languagecode="1032" />
      <LocalizedName description="Portales de Dynamics 365: aplicación auxiliar del flujo de trabajo para obtener el GUID aleatorio" languagecode="3082" />
      <LocalizedName description="Dynamics 365 portaalid – juhusliku GUID hankimise töövoo spikker" languagecode="1061" />
      <LocalizedName description="Dynamics 365 Atariak: ausazko GUIDa lortzeko lan-fluxuaren laguntzailea" languagecode="1069" />
      <LocalizedName description="Dynamics 365 -portaalit – satunnaisen GUID-tunnuksen hakutyökulun apuosa" languagecode="1035" />
      <LocalizedName description="Portails Dynamics 365 - Assistant de workflow de GUID aléatoire" languagecode="1036" />
      <LocalizedName description="Portais de Dynamics 365: Asistente do fluxo de traballo para obter o GUID aleatorio" languagecode="1110" />
      <LocalizedName description="Dynamics 365 पोर्टल - रैंडम GUID कार्यप्रवाह सहायक प्राप्त करें" languagecode="1081" />
      <LocalizedName description="Portali sustava Dynamics 365 – Preuzmite pomoćnik za tijek rada za dohvaćanje nasumičnog GUID-a" languagecode="1050" />
      <LocalizedName description="Dynamics 365 portálok – véletlen GUID-lekérdezési munkafolyamat segédje" languagecode="1038" />
      <LocalizedName description="Portal Dynamics 365 - Dapatkan Bantuan Alur Kerja GUID Acak" languagecode="1057" />
      <LocalizedName description="Portali di Dynamics 365 - Ottieni helper flusso di lavoro GUID casuale" languagecode="1040" />
      <LocalizedName description="Dynamics 365 ポータル - ランダム GUID 取得ワークフロー ヘルパー" languagecode="1041" />
      <LocalizedName description="Dynamics 365 порталдары - Кездейсоқ GUID алу жұмыс ағынының көмекшісі" languagecode="1087" />
      <LocalizedName description="Dynamics 365 포털 - 임의 GUID 가져오기 워크플로 도우미" languagecode="1042" />
      <LocalizedName description="„Dynamics 365”portalai – gavimo atsitiktinio GUID darbo eigos pagalbinė priemonė" languagecode="1063" />
      <LocalizedName description="Dynamics 365 portāli — Nejauša GUID iegūšanas darbplūsmas palīgs" languagecode="1062" />
      <LocalizedName description="Portal Dynamics 365 - Dapatkan Pembantu Aliran Kerja GUID Rawak" languagecode="1086" />
      <LocalizedName description="Dynamics 365-portaler – arbeidsflythjelper for henting av tilfeldig GUID" languagecode="1044" />
      <LocalizedName description="Dynamics 365-portals - Hulpfunctie voor werkstroom Willekeurige GUID ophalen" languagecode="1043" />
      <LocalizedName description="Portale usługi Dynamics 365 — pomocnik przepływu pracy pobierania losowych identyfikatorów GUID" languagecode="1045" />
      <LocalizedName description="Portais do Dynamics 365 - Auxiliar de Fluxo de Trabalho de Obtenção de GUID Aleatório" languagecode="1046" />
      <LocalizedName description="Dynamics 365 Portais - Programa Auxiliar do Fluxo de Trabalho de Obtenção de GUID Aleatório" languagecode="2070" />
      <LocalizedName description="Portaluri Dynamics 365 - Ajutor pentru fluxul de lucru Obținere GUID aleator" languagecode="1048" />
      <LocalizedName description="Порталы Dynamics 365 — вспомогательная функция бизнес-процесса получения случайного GUID" languagecode="1049" />
      <LocalizedName description="Portály systému Dynamics 365 – pomocný objekt pracovného postupu získania náhodného identifikátora GUID" languagecode="1051" />
      <LocalizedName description="Portali storitve Dynamics 365 – pomočnik poteka dela za pridobivanje naključnega GUID" languagecode="1060" />
      <LocalizedName description="Dynamics 365 портали – Помоћник тока посла за добијање насумичне GUID вредности" languagecode="3098" />
      <LocalizedName description="Dynamics 365 портали – Помоћник тока посла за добијање насумичне GUID вредности" languagecode="10266" />
      <LocalizedName description="Dynamics 365 portali – Pomoćnik toka posla za dobijanje nasumične GUID vrednosti" languagecode="2074" />
      <LocalizedName description="Dynamics 365 portali – Pomoćnik toka posla za dobijanje nasumične GUID vrednosti" languagecode="9242" />
      <LocalizedName description="Dynamics 365-portaler – hjälp om arbetsflödet Skaffa slump-GUID" languagecode="1053" />
      <LocalizedName description="พอร์ทัล Dynamics 365 - ตัวช่วยเวิร์กโฟลว์การเรียก GUID แบบสุ่ม" languagecode="1054" />
      <LocalizedName description="Dynamics 365 Portalları - Rastgele GUID Alma İş Akışı Yardımcısı" languagecode="1055" />
      <LocalizedName description="Портали Dynamics 365 – Get Random GUID Workflow Helper" languagecode="1058" />
      <LocalizedName description="Cổng thông tin Dynamics 365 - Phần trợ giúp Nhận Quy trình làm việc GUID Ngẫu nhiên" languagecode="1066" />
      <LocalizedName description="Dynamics 365 门户 - 获取随机 GUID 工作流助手" languagecode="2052" />
      <LocalizedName description="Dynamics 365 入口網站 - 取得隨機 GUID 工作流程協助程式" languagecode="3076" />
      <LocalizedName description="Dynamics 365 入口網站 - 取得隨機 GUID 工作流程協助程式" languagecode="1028" />
    </LocalizedNames>
    <Descriptions>
      <Description description="Contains the GetRandomGUID custom workflow assembly. The helper allows you to generate a unique identifier that can then be used as part of your workflow." languagecode="1033" />
      <Description description="Съдържа допълнителния комплект бизнес процеси GetRandomGUID. Помощникът позволява генериране на еднозначен идентификатор, който след това може да се използва като част от вашия бизнес процес." languagecode="1026" />
      <Description description="Conté l'assemblatge de flux de treball personalitzat GetRandomGUID. L'assistent us permet generar un identificador únic que es pot utilitzar com a part del flux de treball." languagecode="1027" />
      <Description description="Obsahuje vlastní sestavení pracovního postupu GetRandomGUID. Tato pomocná rutina umožňuje vygenerovat jedinečný identifikátor, který lze následně použít jako součást pracovního postupu." languagecode="1029" />
      <Description description="Indeholder GetRandomGUID-assemblyen for brugerdefineret arbejdsproces. Denne hjælpefunktion giver dig mulighed for at generere et entydigt id, som derefter kan bruges som en del af din arbejdsproces." languagecode="1030" />
      <Description description="Enthält die benutzerdefinierte GetRandomGUID-Workflowassembly. Mit diesem Helfer können Sie eine eindeutige ID generieren, die Sie dann im Rahmen Ihres Workflows nutzen können." languagecode="1031" />
      <Description description="Περιέχει την προσαρμοσμένη συγκρότηση ροής εργασίας GetRandomGUID. Ο βοηθός σας επιτρέπει να δημιουργήσετε ένα μοναδικό αναγνωριστικό που μπορεί έπειτα να χρησιμοποιηθεί ως μέρος της ροής εργασίας σας." languagecode="1032" />
      <Description description="Contiene el ensamblado de flujo de trabajo personalizado GetRandomGUID. La aplicación auxiliar le permite generar un identificador único que se puede usar como parte del flujo de trabajo." languagecode="3082" />
      <Description description="Sisaldab kohandatud töövoo assemblerit GetRandomGUID. Abiline võimaldab teil luua ainuidentifikaatori, mida saab seejärel kasutada töövoo osana." languagecode="1061" />
      <Description description="GetRandomGUID lan-fluxuaren mihiztatze pertsonalizatua du. Bere laguntzaileari esker, lan-fluxuan erabil dezakezun identifikatzaile esklusibo bat sor dezakezu." languagecode="1069" />
      <Description description="Sisältää mukautetun työnkulun kokoonpanon GetRandomGUID. Tämän aputoiminnon avulla voit luoda yksilöllisen tunnuksen käytettäväksi työnkulun osana." languagecode="1035" />
      <Description description="Contient l'assembly de workflow personnalisé GetRandomGUID. L'application d'assistance vous permet de générer un identificateur unique qui peut ensuite être utilisé dans le contexte de votre workflow." languagecode="1036" />
      <Description description="Contén a ensamblaxe do fluxo de traballo personalizado GetRandomGUID. O asistente permítelle xerar un identificador único que se pode usar como parte do seu fluxo de traballo." languagecode="1110" />
      <Description description="इसमें GetRandomGUID कस्टम कार्यप्रवाह असेंबली होती है. सहायक आपको युनीक आइडेंटिफ़ायर उत्पन्न करने देता है जिसे आपके कार्यप्रवाह के भाग के रूप में उपयोग किया जा सकता है." languagecode="1081" />
      <Description description="Sadrži prilagođeni sklop tijeka rada GetRandomGUID. Pomoćnik vam omogućuje generiranje jedinstvenog identifikatora koji se može koristiti kao dio vašeg tijeka rada." languagecode="1050" />
      <Description description="A GetRandomGUID egyéni munkafolyamat-szerelvényt tartalmazza. A segédalkalmazással olyan egyedi azonosító generálható, amely a munkafolyamata részeként használható." languagecode="1038" />
      <Description description="Berisi asembli alur kerja kustom GetRandomGUID. Pendukung memungkinkan Anda membuat pengidentifikasi unik yang kemudian dapat digunakan sebagai bagian dari alur kerja Anda." languagecode="1057" />
      <Description description="Contiene l'assembly flusso di lavoro GetRandomGUID. L'helper consente di generare un identificatore univoco che può essere utilizzato come parte del tuo flusso di lavoro." languagecode="1040" />
      <Description description="GetRandomGUID カスタム ワークフロー アセンブリが含まれています。このヘルパーを使用すると、一意の識別子を生成してワークフローの中で使用できます。" languagecode="1041" />
      <Description description="GetRandomGUID реттелетін жұмыс ағыны торабынан тұрады. Көмекші жұмыс ағыны бөлігі ретінде пайдаланылуы мүмкін бір мәнді идентификатор құруға мүмкіндік береді." languagecode="1087" />
      <Description description="GetRandomGUID 사용자 지정 워크플로 어셈블리가 들어 있습니다. 도우미를 통해 워크플로의 일부로 사용될 수 있는 고유 식별자를 생성할 수 있습니다." languagecode="1042" />
      <Description description="Apima pasirinktinį darbo eigos rinkinį GetRandomGUID. Pagelbiklis suteikia jums galimybę generuoti unikalųjį identifikatorių, kurį paskui galima naudoti darbo eigoje." languagecode="1063" />
      <Description description="Satur pielāgotu darbplūsmas montāžu GetRandomGUID. Palīgs ļauj ģenerēt unikālu identifikatoru, kas attiecīgi var tikt izmantots kā daļa no darbplūsmas." languagecode="1062" />
      <Description description="Mengandungi pemasangan aliran kerja tersuai GetRandomGUID. Pembantu membolehkan anda menjana pengecam unik yang kemudiannya boleh digunakan sebagai sebahagian daripada aliran kerja anda." languagecode="1086" />
      <Description description="Inneholder den tilpassede GetRandomGUID-arbeidsflytsamlingen. Hjelperen gir mulighet til å generere en unik identifikator som deretter kan brukes som en del av arbeidsflyten." languagecode="1044" />
      <Description description="Bevat de aangepaste werkstroomassembly GetRandomGUID. Met de helper kunt u een unieke id genereren die kan worden gebruikt als onderdeel van uw werkstroom." languagecode="1043" />
      <Description description="Zawiera zestaw niestandardowego przepływu pracy GetRandomGUID. Wchodzący w jego skład pomocnik umożliwia wygenerowanie unikatowego identyfikatora, którego można następnie używać jako części swojego przepływu pracy." languagecode="1045" />
      <Description description="Contém o assembly de fluxo de trabalho personalizado GetRandomGUID. O auxiliar permite que você gere um identificador exclusivo que pode, em seguida, ser usado como parte do seu fluxo de trabalho." languagecode="1046" />
      <Description description="Contém a assemblagem de fluxo de trabalho personalizada GetRandomGUID. O programa auxiliar permite gerar um identificador exclusivo que pode ser utilizado como parte do fluxo de trabalho." languagecode="2070" />
      <Description description="Conține asamblarea de flux de lucru particularizată GetRandomGUID. Utilitarul de ajutor vă permite să generați un identificator unic care se poate utiliza drept parte a fluxului de lucru." languagecode="1048" />
      <Description description="Содержит сборку настраиваемого бизнес-процесса GetRandomGUID. Вспомогательная функция позволяет создать уникальный идентификатор, который можно использовать как часть бизнес-процесса." languagecode="1049" />
      <Description description="Obsahuje vlastnú zostavu pracovného postupu GetRandomGUID. Vďaka danému Pomocníkovi môžete vygenerovať jednoznačný identifikátor, ktorý sa dá potom použiť ako súčasť vášho pracovného postupu." languagecode="1051" />
      <Description description="Vključuje sklop poteka dela po meri GetRandomGUID. S pomočnikom lahko ustvarite enolični identifikator, ki ga lahko nato uporabite kot del poteka dela." languagecode="1060" />
      <Description description="Садржи прилагођени склоп тока посла GetRandomGUID. Помоћник вам омогућава да генеришете јединствени идентификатор који ћете моћи да користите у склопу тока посла." languagecode="3098" />
      <Description description="Садржи прилагођени склоп тока посла GetRandomGUID. Помоћник вам омогућава да генеришете јединствени идентификатор који ћете моћи да користите у склопу тока посла." languagecode="10266" />
      <Description description="Sadrži prilagođeni sklop toka posla GetRandomGUID. Pomoćnik vam omogućava da generišete jedinstveni identifikator koji ćete moći da koristite u sklopu toka posla." languagecode="2074" />
      <Description description="Sadrži prilagođeni sklop toka posla GetRandomGUID. Pomoćnik vam omogućava da generišete jedinstveni identifikator koji ćete moći da koristite u sklopu toka posla." languagecode="9242" />
      <Description description="Innehåller det anpassade arbetsflödespaketet GetRandomGUID. Med stödprocessen kan du skapa en unik identifierare som sedan kan användas som en del i arbetsflödet." languagecode="1053" />
      <Description description="มีแอสเซมบลีของเวิร์กโฟลว์แบบกำหนดเอง GetRandomGUID ตัวช่วยจะช่วยให้คุณสร้างรหัสเฉพาะที่สามารถใช้เป็นส่วนหนึ่งของเวิร์กโฟลว์ของคุณ" languagecode="1054" />
      <Description description="GetRandomGUID özel iş akışı derlemesini içerir. Yardımcı, daha sonra iş akışınızın parçası olarak kullanılabilecek bir benzersiz tanıtıcı oluşturabilmenizi sağlar." languagecode="1055" />
      <Description description="Містить настроювану збірку робочих циклів GetRandomGUID. Модуль-помічник дає змогу створити унікальний ідентифікатор для подальшого застосування в складі робочого циклу." languagecode="1058" />
      <Description description="Chứa tập hợp quy trình làm việc tùy chỉnh GetRandomGUID. Phần trợ giúp cho phép bạn có thể tạo một mã định danh duy nhất mà về sau có thể được dùng như một phần trong quy trình làm việc của bạn." languagecode="1066" />
      <Description description="包含 GetRandomGUID 自定义工作流程序集。帮助程序允许您生成一个唯一标识符，该标识符随后可在工作流中使用。" languagecode="2052" />
      <Description description="包含 GetRandomGUID 自訂工作流程組件。此協助程式可讓您產生唯一的識別碼，然後將它當做工作流程的一部分來使用。" languagecode="3076" />
      <Description description="包含 GetRandomGUID 自訂工作流程組件。此協助程式可讓您產生唯一的識別碼，然後將它當做工作流程的一部分來使用。" languagecode="1028" />
    </Descriptions>
    <Version>8.1.0002</Version>
    <Managed>1</Managed>
    <Publisher>
      <UniqueName>adxstudio</UniqueName>
      <LocalizedNames>
        <LocalizedName description="Microsoft" languagecode="1033" />
        <LocalizedName description="Microsoft" languagecode="1026" />
        <LocalizedName description="Microsoft" languagecode="1027" />
        <LocalizedName description="Microsoft" languagecode="1029" />
        <LocalizedName description="Microsoft" languagecode="1030" />
        <LocalizedName description="Microsoft" languagecode="1031" />
        <LocalizedName description="Microsoft" languagecode="1032" />
        <LocalizedName description="Microsoft" languagecode="3082" />
        <LocalizedName description="Microsoft" languagecode="1061" />
        <LocalizedName description="Microsoft" languagecode="1069" />
        <LocalizedName description="Microsoft" languagecode="1035" />
        <LocalizedName description="Microsoft" languagecode="1036" />
        <LocalizedName description="Microsoft" languagecode="1110" />
        <LocalizedName description="Microsoft" languagecode="1081" />
        <LocalizedName description="Microsoft" languagecode="1050" />
        <LocalizedName description="Microsoft" languagecode="1038" />
        <LocalizedName description="Microsoft" languagecode="1057" />
        <LocalizedName description="Microsoft" languagecode="1040" />
        <LocalizedName description="Microsoft" languagecode="1041" />
        <LocalizedName description="Microsoft" languagecode="1087" />
        <LocalizedName description="Microsoft" languagecode="1042" />
        <LocalizedName description="„Microsoft“" languagecode="1063" />
        <LocalizedName description="Microsoft" languagecode="1062" />
        <LocalizedName description="Microsoft" languagecode="1086" />
        <LocalizedName description="Microsoft" languagecode="1044" />
        <LocalizedName description="Microsoft" languagecode="1043" />
        <LocalizedName description="Microsoft" languagecode="1045" />
        <LocalizedName description="Microsoft" languagecode="1046" />
        <LocalizedName description="Microsoft" languagecode="2070" />
        <LocalizedName description="Microsoft" languagecode="1048" />
        <LocalizedName description="Корпорация Майкрософт" languagecode="1049" />
        <LocalizedName description="Microsoft" languagecode="1051" />
        <LocalizedName description="Microsoft" languagecode="1060" />
        <LocalizedName description="Microsoft" languagecode="3098" />
        <LocalizedName description="Microsoft" languagecode="10266" />
        <LocalizedName description="Microsoft" languagecode="2074" />
        <LocalizedName description="Microsoft" languagecode="9242" />
        <LocalizedName description="Microsoft" languagecode="1053" />
        <LocalizedName description="Microsoft" languagecode="1054" />
        <LocalizedName description="Microsoft" languagecode="1055" />
        <LocalizedName description="Microsoft" languagecode="1058" />
        <LocalizedName description="Microsoft" languagecode="1066" />
        <LocalizedName description="Microsoft" languagecode="2052" />
        <LocalizedName description="Microsoft" languagecode="3076" />
        <LocalizedName description="Microsoft" languagecode="1028" />
      </LocalizedNames>
      <Descriptions />
      <EMailAddress>support@adxstudio.com</EMailAddress>
      <SupportingWebsiteUrl>http://www.adxstudio.com</SupportingWebsiteUrl>
      <CustomizationPrefix>adx</CustomizationPrefix>
      <CustomizationOptionValuePrefix>10000</CustomizationOptionValuePrefix>
      <Addresses>
        <Address>
          <AddressNumber>1</AddressNumber>
          <AddressTypeCode>1</AddressTypeCode>
          <City xsi:nil="true"></City>
          <County xsi:nil="true"></County>
          <Country xsi:nil="true"></Country>
          <Fax xsi:nil="true"></Fax>
          <FreightTermsCode xsi:nil="true"></FreightTermsCode>
          <ImportSequenceNumber xsi:nil="true"></ImportSequenceNumber>
          <Latitude xsi:nil="true"></Latitude>
          <Line1 xsi:nil="true"></Line1>
          <Line2 xsi:nil="true"></Line2>
          <Line3 xsi:nil="true"></Line3>
          <Longitude xsi:nil="true"></Longitude>
          <Name xsi:nil="true"></Name>
          <PostalCode xsi:nil="true"></PostalCode>
          <PostOfficeBox xsi:nil="true"></PostOfficeBox>
          <PrimaryContactName xsi:nil="true"></PrimaryContactName>
          <ShippingMethodCode>1</ShippingMethodCode>
          <StateOrProvince xsi:nil="true"></StateOrProvince>
          <Telephone1 xsi:nil="true"></Telephone1>
          <Telephone2 xsi:nil="true"></Telephone2>
          <Telephone3 xsi:nil="true"></Telephone3>
          <TimeZoneRuleVersionNumber xsi:nil="true"></TimeZoneRuleVersionNumber>
          <UPSZone xsi:nil="true"></UPSZone>
          <UTCOffset xsi:nil="true"></UTCOffset>
          <UTCConversionTimeZoneCode xsi:nil="true"></UTCConversionTimeZoneCode>
        </Address>
        <Address>
          <AddressNumber>2</AddressNumber>
          <AddressTypeCode>1</AddressTypeCode>
          <City xsi:nil="true"></City>
          <County xsi:nil="true"></County>
          <Country xsi:nil="true"></Country>
          <Fax xsi:nil="true"></Fax>
          <FreightTermsCode xsi:nil="true"></FreightTermsCode>
          <ImportSequenceNumber xsi:nil="true"></ImportSequenceNumber>
          <Latitude xsi:nil="true"></Latitude>
          <Line1 xsi:nil="true"></Line1>
          <Line2 xsi:nil="true"></Line2>
          <Line3 xsi:nil="true"></Line3>
          <Longitude xsi:nil="true"></Longitude>
          <Name xsi:nil="true"></Name>
          <PostalCode xsi:nil="true"></PostalCode>
          <PostOfficeBox xsi:nil="true"></PostOfficeBox>
          <PrimaryContactName xsi:nil="true"></PrimaryContactName>
          <ShippingMethodCode>1</ShippingMethodCode>
          <StateOrProvince xsi:nil="true"></StateOrProvince>
          <Telephone1 xsi:nil="true"></Telephone1>
          <Telephone2 xsi:nil="true"></Telephone2>
          <Telephone3 xsi:nil="true"></Telephone3>
          <TimeZoneRuleVersionNumber xsi:nil="true"></TimeZoneRuleVersionNumber>
          <UPSZone xsi:nil="true"></UPSZone>
          <UTCOffset xsi:nil="true"></UTCOffset>
          <UTCConversionTimeZoneCode xsi:nil="true"></UTCConversionTimeZoneCode>
        </Address>
      </Addresses>
    </Publisher>
    <RootComponents>
      <RootComponent type="91" schemaName="Adxstudio.Xrm.Workflow.GetRandomGuidHelper, Version=1.0.0.0, Culture=neutral, PublicKeyToken=94e462915e9c1195" behavior="0" />
    </RootComponents>
    <MissingDependencies />
  </SolutionManifest>
</ImportExportXml>