﻿<?xml version="1.0" encoding="utf-8"?>
<ImportExportXml version="8.1.0000.0079" SolutionPackageVersion="8.0" languagecode="1033" generatedBy="OnPremise" xmlns:xsi="http://www.w3.org/2001/XMLSchema-instance">
  <SolutionManifest>
    <UniqueName>StarterPortal</UniqueName>
    <LocalizedNames>
      <LocalizedName description="Dynamics 365 Portals - Custom Portal" languagecode="1033" />
      <LocalizedName description="Портали на Dynamics 365 – Персонализиран портал" languagecode="1026" />
      <LocalizedName description="Portals del Dynamics 365: portal personalitzat" languagecode="1027" />
      <LocalizedName description="Portály Dynamics 365 – Vlastní portál" languagecode="1029" />
      <LocalizedName description="Dynamics 365-portaler - Kundeportal" languagecode="1030" />
      <LocalizedName description="Dynamics 365-Portale – Custom Portal" languagecode="1031" />
      <LocalizedName description="Πύλες Dynamics 365 - Προσαρμοσμένη πύλη" languagecode="1032" />
      <LocalizedName description="Portales de Dynamics 365: portal personalizado" languagecode="3082" />
      <LocalizedName description="Dynamics 365 portaalid – kohandatud portaal" languagecode="1061" />
      <LocalizedName description="Dynamics 365 Atariak: atari pertsonalizatua" languagecode="1069" />
      <LocalizedName description="Dynamics 365 -portaalit – mukautettu portaali" languagecode="1035" />
      <LocalizedName description="Portails Dynamics 365 - Portail personnalisé" languagecode="1036" />
      <LocalizedName description="Portais de Dynamics 365: Portal personalizado" languagecode="1110" />
      <LocalizedName description="Dynamics 365 पोर्टल - कस्टम पोर्टल" languagecode="1081" />
      <LocalizedName description="Portali sustava Dynamics 365 – Prilagođeni portal" languagecode="1050" />
      <LocalizedName description="Dynamics 365 portálok – egyéni portál" languagecode="1038" />
      <LocalizedName description="Portal Dynamics 365 - Portal Kustom" languagecode="1057" />
      <LocalizedName description="Portali di Dynamics 365 - Portale personalizzato" languagecode="1040" />
      <LocalizedName description="Dynamics 365 ポータル - カスタム ポータル" languagecode="1041" />
      <LocalizedName description="Dynamics 365 порталдары - Реттелетін портал" languagecode="1087" />
      <LocalizedName description="Dynamics 365 포털 - 사용자 지정 포털" languagecode="1042" />
      <LocalizedName description="„Dynamics 365” portalai – pasirinktinis portalas" languagecode="1063" />
      <LocalizedName description="Dynamics 365 portāli — Pielāgotais portāls" languagecode="1062" />
      <LocalizedName description="Portal Dynamics 365 - Portal Tersuai" languagecode="1086" />
      <LocalizedName description="Dynamics 365-portaler – egendefinert portal" languagecode="1044" />
      <LocalizedName description="Dynamics 365-portals - Aangepaste portal" languagecode="1043" />
      <LocalizedName description="Portale usługi Dynamics 365 — portal niestandardowy" languagecode="1045" />
      <LocalizedName description="Portais do Dynamics 365 - Portal Personalizado" languagecode="1046" />
      <LocalizedName description="Dynamics 365 Portais - Portal do Cliente" languagecode="2070" />
      <LocalizedName description="Portaluri Dynamics 365 - Portalul personalizat" languagecode="1048" />
      <LocalizedName description="Порталы Dynamics 365 — настраиваемый портал" languagecode="1049" />
      <LocalizedName description="Portály systému Dynamics 365 – vlastný portál" languagecode="1051" />
      <LocalizedName description="Portali storitve Dynamics 365 – portal po meri" languagecode="1060" />
      <LocalizedName description="Dynamics 365 портали – Прилагођени портал" languagecode="3098" />
      <LocalizedName description="Dynamics 365 портали – Прилагођени портал" languagecode="10266" />
      <LocalizedName description="Dynamics 365 portali – Prilagođeni portal" languagecode="2074" />
      <LocalizedName description="Dynamics 365 portali – Prilagođeni portal" languagecode="9242" />
      <LocalizedName description="Dynamics 365-portaler – anpassad portal" languagecode="1053" />
      <LocalizedName description="พอร์ทัล Dynamics 365 - พอร์ทัลแบบกำหนดเอง" languagecode="1054" />
      <LocalizedName description="Dynamics 365 Portalları - Özel Portal" languagecode="1055" />
      <LocalizedName description="Портали Dynamics 365 – користувацький портал" languagecode="1058" />
      <LocalizedName description="Cổng thông tin Dynamics 365 - Cổng thông tin Tùy chỉnh" languagecode="1066" />
      <LocalizedName description="Dynamics 365 门户 - 自定义门户" languagecode="2052" />
      <LocalizedName description="Dynamics 365 入口網站 - 自訂入口網站" languagecode="3076" />
      <LocalizedName description="Dynamics 365 入口網站 - 自訂入口網站" languagecode="1028" />
    </LocalizedNames>
    <Descriptions>
      <Description description="Portal capabilities that allow you to engage your customers and external audiences. Includes profile management, configurable business components, rich web content publishing, and responsive design." languagecode="1033" />
      <Description description="Възможности на портала, които ви позволяват да ангажирате клиентите си и външни аудитории. Включва управление на профили, конфигурируеми бизнес компоненти, публикуване на богато уеб съдържание и интерактивен дизайн." languagecode="1026" />
      <Description description="Capacitats de portal que us permeten interactuar amb clients i públics externs. Inclou administració de perfils, components empresarials configurables, publicació de contingut web i disseny dinàmic." languagecode="1027" />
      <Description description="Funkce portálu, které vám umožňují zapojit vaše zákazníky a externí cílové skupiny. Zahrnuje správu profilu, konfigurovatelné obchodní součásti, publikování formátovaného webového obsahu a přizpůsobivý návrh." languagecode="1029" />
      <Description description="Portalfunktioner, der giver dig mulighed for at engagere dine kunder og eksterne målgrupper. Omfatter profilstyring, konfigurerbare forretningskomponenter, publicering af omfattende webindhold og dynamisk design." languagecode="1030" />
      <Description description="Portalfunktionen, mit denen Sie Ihre Kunden und externe Zielgruppen binden können. Hierzu zählen Profilverwaltung, konfigurierbare Geschäftskomponenten, Veröffentlichung umfassender Webinhalte und reaktive Gestaltungselemente." languagecode="1031" />
      <Description description="Οι δυνατότητες πύλης που σας επιτρέπουν να επικοινωνείτε με τους πελάτες σας και με εξωτερικά είδη κοινού. Περιλαμβάνει διαχείριση προφίλ, επιχειρηματικά στοιχεία με δυνατότητα ρύθμισης παραμέτρων, δημοσίευση εμπλουτισμένου περιεχομένου web και δυναμική σχεδίαση." languagecode="1032" />
      <Description description="Capacidades de portal que le permiten interactuar con clientes y audiencias externas. Incluye administración de perfiles, componentes empresariales configurables, publicación de contenido web enriquecido y diseño dinámico." languagecode="3082" />
      <Description description="Portaali võimalused, mis võimaldavad teil kliente ja väliseid sihtrühmi kaasata. Hõlmab profiilihaldust, konfigureeritavaid ärikomponente, rikkalikku veebisisu avaldamist ja reageerivat kujundust." languagecode="1061" />
      <Description description="Atariak bezeroak eta kanpoko jarraitzaileak erakartzen laguntzen duten hainbat funtzio eskaintzen ditu; besteak beste: profilen kudeaketa, negozio-osagai konfiguragarriak, web-eduki aberastuaren argitalpena eta bezeroen beharrei erantzuten dien diseinua." languagecode="1069" />
      <Description description="Portaalitoimintoja, joiden avulla voit herättää asiakkaiden ja ulkoisten yleisöjen mielenkiinnon. Käsittää profiilinhallinnan, mukautettavat liiketoimintaosat, monipuolisen verkkosisällön julkaisemisen ja responsiivisen suunnittelun." languagecode="1035" />
      <Description description="Capacités du portail qui vous permettent d'interagir avec vos clients et audiences externes. Comprend la gestion de profil, les composants métiers configurables, la publication de contenu Web riche et une conception réactive." languagecode="1036" />
      <Description description="As funcionalidades do portal permítenlle interactuar cos clientes e co público externo. Estas funcionalidades inclúen xestión de perfís, compoñentes empresariais configurables, publicación de contido web enriquecido e deseño dinámico." languagecode="1110" />
      <Description description="ऐसी पोर्टल क्षमताएँ तो आपको अपने ग्राहकों और बाहरी ऑडिएंस से सहभागिता करने की अनुमति देता है. इसमें प्रोफ़ाइल प्रबंधन, कॉन्फ़िगर करने योग्य व्यवसाय घटक, रिच वेब सामग्री प्रकाशन और प्रतिसादी डिज़ाइन शामिल हैं." languagecode="1081" />
      <Description description="Mogućnosti portala koje vam omogućuju suradnju s klijentima i vanjskom publikom. Uključuje upravljanje profilom, konfigurabilne poslovne komponente, izdavanje bogatog web-sadržaja i responzivan dizajn." languagecode="1050" />
      <Description description="Portálszolgáltatások, amelyek lehetővé teszik Önnek az ügyfelekkel és a külső célközönséggel történő interakciót. Magában foglalja a profilkezelést, a konfigurálható üzleti összetevőket, a gazdag webtartalmak közzétételét és a hatékony kialakítást." languagecode="1038" />
      <Description description="Kemampuan portal yang memungkinkan Anda melibatkan pelanggan dan audiens eksternal. Termasuk manajemen profil, komponen bisnis yang dapat dikonfigurasi, publikasi konten web kaya, dan desain responsif." languagecode="1057" />
      <Description description="Funzionalità del portale che ti consentono di coinvolgere i clienti e i destinatari esterni. Sono incluse la gestione profilo, i componenti aziendali configurabili, la pubblicazione di contenuti Web approfonditi e la progettazione interattiva." languagecode="1040" />
      <Description description="顧客と外部の対象者とのやり取りを可能にするポータル機能です。プロファイル管理、構成可能なビジネス コンポーネント、表現力の高い Web コンテンツの公開、反応性のある設計のための機能があります。" languagecode="1041" />
      <Description description="Тұтынушылар мен сыртқы аудиторияларды қамтитын портал мүмкіндіктері. Профиль басқармасы, теңшелмелі бизнес құрамдастары, бай веб-мазмұн жариялау және жауапты дизайн кіреді." languagecode="1087" />
      <Description description="담당 고객과 외부 대상 그룹을 참여시킬 수 있는 포털 기능에는 프로필 관리, 구성 가능한 비즈니스 구성 요소, 풍부한 웹 내용 게시 및 반응형 디자인이 포함됩니다." languagecode="1042" />
      <Description description="Portalo galimybės, leidžiančios pritraukti klientų ir išorinę auditoriją. Tai yra profilio valdymas, konfigūruojami verslo komponentai, įvairaus žiniatinklio turinio publikavimas ir dizaino sprendimai." languagecode="1063" />
      <Description description="Portāla iespējas, kas ļauj piesaistīt klientus un ārējas mērķauditorijas. Ietver profila pārvaldību, konfigurējamus biznesa komponentus, daudzveidīga tīmekļa satura publicēšanu un interaktīvu dizainu." languagecode="1062" />
      <Description description="Keupayaan portal yang membenarkan anda melibatkan pelanggan dan pengguna luaran anda. Termasuk pengurusan profil, komponen perniagaan yang boleh dikonfigurasi, penerbitan kandungan web padat dan reka bentuk responsif." languagecode="1086" />
      <Description description="Portalfunksjonalitet som gir deg muligheten til å samhandle med kunder og eksterne målgrupper. Inkluderer profiladministrasjon, konfigurerbare forretningskomponenter, publisering av rikt webinnhold og utforming som gir respons." languagecode="1044" />
      <Description description="Portalmogelijkheden waarmee u klanten en externe doelgroepen bij het proces kunt betrekken. Omvat profielbeheer, configureerbare bedrijfsonderdelen, publicatie van uitgebreide webinhoud en responsief ontwerp." languagecode="1043" />
      <Description description="Funkcje portalu umożliwiające kontaktowanie się z klientami i odbiorcami zewnętrznymi. Zawiera funkcje zarządzania profilami, konfigurowalne składniki biznesowe, rozbudowane funkcje publikowania zawartości oraz reaktywny projekt." languagecode="1045" />
      <Description description="Os recursos do portal permitem que você envolva seus clientes e público-alvo externo. Inclui o gerenciamento de perfis, componentes de negócios configuráveis, publicação de conteúdo da Web sofisticado e design dinâmico." languagecode="1046" />
      <Description description="Capacidades do portal que lhe permitem contactar os seus clientes e as audiências externas. Inclui gestão de perfis, componentes de negócio configuráveis, publicação de conteúdo Web formatado e design reativo." languagecode="2070" />
      <Description description="Capacități de portal care vă permit să interacționați cu clienții și cu publicul extern. Includ gestionarea profilurilor, componente business configurabile, publicarea de conținut web îmbogățit și design adaptabil." languagecode="1048" />
      <Description description="Возможности портала, позволяющие взаимодействовать с клиентами и внешней аудиторией. К таким возможностям относятся управление профилями, настраиваемые бизнес-компоненты, публикация функционального веб-содержимого и интерактивный дизайн." languagecode="1049" />
      <Description description="Funkcie portálu, ktoré umožňujú zapojiť zákazníkov a externé publikum. Zahŕňa to správu profilov, konfigurovateľné obchodné súčasti, publikovanie formátovaného webového obsahu a dynamický dizajn." languagecode="1051" />
      <Description description="Zmogljivosti portala, ki vam omogočajo, da sodelujete s strankami in zunanjim občinstvom. Vključeno: urejanje profila, poslovne komponente, ki jih je mogoče konfigurirati, objavljanje bogatih spletnih vsebin in odzivna oblika." languagecode="1060" />
      <Description description="Могућности портала које вам омогућавају да ступате у односе са клијентима и спољашњим корисницима. Обухвата управљање профилом, пословне компоненте које могу да се конфигуришу, објављивање богатог веб-садржаја и прилагодљив дизајн." languagecode="3098" />
      <Description description="Могућности портала које вам омогућавају да ступате у односе са клијентима и спољашњим корисницима. Обухвата управљање профилом, пословне компоненте које могу да се конфигуришу, објављивање богатог веб-садржаја и прилагодљив дизајн." languagecode="10266" />
      <Description description="Mogućnosti portala koje vam omogućavaju da stupate u odnose sa klijentima i spoljašnjim korisnicima. Obuhvata upravljanje profilom, poslovne komponente koje mogu da se konfigurišu, objavljivanje bogatog veb-sadržaja i prilagodljiv dizajn." languagecode="2074" />
      <Description description="Mogućnosti portala koje vam omogućavaju da stupate u odnose sa klijentima i spoljašnjim korisnicima. Obuhvata upravljanje profilom, poslovne komponente koje mogu da se konfigurišu, objavljivanje bogatog veb-sadržaja i prilagodljiv dizajn." languagecode="9242" />
      <Description description="Portalfunktioner som ger dig möjlighet att göra dina kunder och externa målgrupper engagerade. Detta omfattar profilhantering, konfigurerbara affärskomponenter, publicering av webbinnehåll, samt responsiv design." languagecode="1053" />
      <Description description="ความสามารถของพอร์ทัลที่ช่วยให้คุณดึงให้ลูกค้าและกลุ่มเป้าหมายภายนอกเข้ามามีส่วนร่วม ซึ่งรวมถึงการจัดการโปรไฟล์ องค์ประกอบทางธุรกิจที่กำหนดค่าได้ การเผยแพร่เนื้อหาเว็บเต็มรูปแบบ และการออกแบบที่ตอบสนองได้อย่างรวดเร็ว" languagecode="1054" />
      <Description description="Müşteriler ve harici hedef kitlelerle bağlantı kurmanızı sağlayan portal yetenekleri. Profil yönetimi, yapılandırılabilir iş bileşenleri, zengin web içeriği yayımlama ve duyarlı tasarımı içerir." languagecode="1055" />
      <Description description="Можливості порталу, що дають змогу ефективніше взаємодіяти з клієнтами та ширшою аудиторією. До них належать керування профілем, настроювані компоненти для бізнесу, функції для публікування веб-вмісту та зручний дизайн." languagecode="1058" />
      <Description description="Khả năng cổng thông tin cho phép bạn gắn kết khách hàng và đối tượng người xem bên ngoài. Bao gồm quản lý cấu hình, các thành phần doanh nghiệp có thể cấu hình được, phát hành nội dung web đa phương tiện và thiết kế đáp ứng." languagecode="1066" />
      <Description description="用于供您联系客户和受众的门户功能。其中包括配置文件管理、可配置的业务组件、丰富的 Web 内容发布，以及响应式设计。" languagecode="2052" />
      <Description description="讓您與客戶和外部對象互動的入口網站功能，包含設定檔管理、可設定商務元件、豐富的 Web 內容發行，以及回應式設計。" languagecode="3076" />
      <Description description="讓您與客戶和外部對象互動的入口網站功能，包含設定檔管理、可設定商務元件、豐富的 Web 內容發行，以及回應式設計。" languagecode="1028" />
    </Descriptions>
    <Version>8.3.0.29</Version>
    <Managed>1</Managed>
    <Publisher>
      <UniqueName>adxstudio</UniqueName>
      <LocalizedNames>
        <LocalizedName description="Microsoft" languagecode="1033" />
        <LocalizedName description="Microsoft" languagecode="1026" />
        <LocalizedName description="Microsoft" languagecode="1027" />
        <LocalizedName description="Microsoft" languagecode="1029" />
        <LocalizedName description="Microsoft" languagecode="1030" />
        <LocalizedName description="Microsoft" languagecode="1031" />
        <LocalizedName description="Microsoft" languagecode="1032" />
        <LocalizedName description="Microsoft" languagecode="3082" />
        <LocalizedName description="Microsoft" languagecode="1061" />
        <LocalizedName description="Microsoft" languagecode="1069" />
        <LocalizedName description="Microsoft" languagecode="1035" />
        <LocalizedName description="Microsoft" languagecode="1036" />
        <LocalizedName description="Microsoft" languagecode="1110" />
        <LocalizedName description="Microsoft" languagecode="1081" />
        <LocalizedName description="Microsoft" languagecode="1050" />
        <LocalizedName description="Microsoft" languagecode="1038" />
        <LocalizedName description="Microsoft" languagecode="1057" />
        <LocalizedName description="Microsoft" languagecode="1040" />
        <LocalizedName description="Microsoft" languagecode="1041" />
        <LocalizedName description="Microsoft" languagecode="1087" />
        <LocalizedName description="Microsoft" languagecode="1042" />
        <LocalizedName description="„Microsoft“" languagecode="1063" />
        <LocalizedName description="Microsoft" languagecode="1062" />
        <LocalizedName description="Microsoft" languagecode="1086" />
        <LocalizedName description="Microsoft" languagecode="1044" />
        <LocalizedName description="Microsoft" languagecode="1043" />
        <LocalizedName description="Microsoft" languagecode="1045" />
        <LocalizedName description="Microsoft" languagecode="1046" />
        <LocalizedName description="Microsoft" languagecode="2070" />
        <LocalizedName description="Microsoft" languagecode="1048" />
        <LocalizedName description="Корпорация Майкрософт" languagecode="1049" />
        <LocalizedName description="Microsoft" languagecode="1051" />
        <LocalizedName description="Microsoft" languagecode="1060" />
        <LocalizedName description="Microsoft" languagecode="3098" />
        <LocalizedName description="Microsoft" languagecode="10266" />
        <LocalizedName description="Microsoft" languagecode="2074" />
        <LocalizedName description="Microsoft" languagecode="9242" />
        <LocalizedName description="Microsoft" languagecode="1053" />
        <LocalizedName description="Microsoft" languagecode="1054" />
        <LocalizedName description="Microsoft" languagecode="1055" />
        <LocalizedName description="Microsoft" languagecode="1058" />
        <LocalizedName description="Microsoft" languagecode="1066" />
        <LocalizedName description="Microsoft" languagecode="2052" />
        <LocalizedName description="Microsoft" languagecode="3076" />
        <LocalizedName description="Microsoft" languagecode="1028" />
      </LocalizedNames>
      <Descriptions />
      <EMailAddress>support@adxstudio.com</EMailAddress>
      <SupportingWebsiteUrl>http://www.adxstudio.com</SupportingWebsiteUrl>
      <CustomizationPrefix>adx</CustomizationPrefix>
      <CustomizationOptionValuePrefix>10000</CustomizationOptionValuePrefix>
      <Addresses>
        <Address>
          <AddressNumber>1</AddressNumber>
          <AddressTypeCode>1</AddressTypeCode>
          <City xsi:nil="true"></City>
          <County xsi:nil="true"></County>
          <Country xsi:nil="true"></Country>
          <Fax xsi:nil="true"></Fax>
          <FreightTermsCode xsi:nil="true"></FreightTermsCode>
          <ImportSequenceNumber xsi:nil="true"></ImportSequenceNumber>
          <Latitude xsi:nil="true"></Latitude>
          <Line1 xsi:nil="true"></Line1>
          <Line2 xsi:nil="true"></Line2>
          <Line3 xsi:nil="true"></Line3>
          <Longitude xsi:nil="true"></Longitude>
          <Name xsi:nil="true"></Name>
          <PostalCode xsi:nil="true"></PostalCode>
          <PostOfficeBox xsi:nil="true"></PostOfficeBox>
          <PrimaryContactName xsi:nil="true"></PrimaryContactName>
          <ShippingMethodCode>1</ShippingMethodCode>
          <StateOrProvince xsi:nil="true"></StateOrProvince>
          <Telephone1 xsi:nil="true"></Telephone1>
          <Telephone2 xsi:nil="true"></Telephone2>
          <Telephone3 xsi:nil="true"></Telephone3>
          <TimeZoneRuleVersionNumber xsi:nil="true"></TimeZoneRuleVersionNumber>
          <UPSZone xsi:nil="true"></UPSZone>
          <UTCOffset xsi:nil="true"></UTCOffset>
          <UTCConversionTimeZoneCode xsi:nil="true"></UTCConversionTimeZoneCode>
        </Address>
        <Address>
          <AddressNumber>2</AddressNumber>
          <AddressTypeCode>1</AddressTypeCode>
          <City xsi:nil="true"></City>
          <County xsi:nil="true"></County>
          <Country xsi:nil="true"></Country>
          <Fax xsi:nil="true"></Fax>
          <FreightTermsCode xsi:nil="true"></FreightTermsCode>
          <ImportSequenceNumber xsi:nil="true"></ImportSequenceNumber>
          <Latitude xsi:nil="true"></Latitude>
          <Line1 xsi:nil="true"></Line1>
          <Line2 xsi:nil="true"></Line2>
          <Line3 xsi:nil="true"></Line3>
          <Longitude xsi:nil="true"></Longitude>
          <Name xsi:nil="true"></Name>
          <PostalCode xsi:nil="true"></PostalCode>
          <PostOfficeBox xsi:nil="true"></PostOfficeBox>
          <PrimaryContactName xsi:nil="true"></PrimaryContactName>
          <ShippingMethodCode>1</ShippingMethodCode>
          <StateOrProvince xsi:nil="true"></StateOrProvince>
          <Telephone1 xsi:nil="true"></Telephone1>
          <Telephone2 xsi:nil="true"></Telephone2>
          <Telephone3 xsi:nil="true"></Telephone3>
          <TimeZoneRuleVersionNumber xsi:nil="true"></TimeZoneRuleVersionNumber>
          <UPSZone xsi:nil="true"></UPSZone>
          <UTCOffset xsi:nil="true"></UTCOffset>
          <UTCConversionTimeZoneCode xsi:nil="true"></UTCConversionTimeZoneCode>
        </Address>
      </Addresses>
    </Publisher>
    <RootComponents />
    <MissingDependencies />
  </SolutionManifest>
</ImportExportXml>