﻿<?xml version="1.0" encoding="utf-8"?>
<ImportExportXml version="8.1.0000.0641" SolutionPackageVersion="8.1" languagecode="1033" generatedBy="OnPremise" xmlns:xsi="http://www.w3.org/2001/XMLSchema-instance">
  <SolutionManifest>
    <UniqueName>MicrosoftIdentityWorkflows</UniqueName>
    <LocalizedNames>
      <LocalizedName description="Dynamics 365 Portals - Identity Workflows" languagecode="1033" />
      <LocalizedName description="Портали на Dynamics 365 – Работни потоци на самоличност" languagecode="1026" />
      <LocalizedName description="Portals del Dynamics 365: fluxos de treball d'identitat" languagecode="1027" />
      <LocalizedName description="Portály Dynamics 365 – Pracovní postupy pro identitu" languagecode="1029" />
      <LocalizedName description="Dynamics 365-portaler - Arbejdsprocesser for identitet" languagecode="1030" />
      <LocalizedName description="Dynamics 365-Portale – Workflows für die Identität" languagecode="1031" />
      <LocalizedName description="Πύλες Dynamics 365 - Ροές εργασίας ταυτότητας" languagecode="1032" />
      <LocalizedName description="Portales de Dynamics 365: flujos de trabajo de identidad" languagecode="3082" />
      <LocalizedName description="Dynamics 365 portaalid – identiteedi töövood" languagecode="1061" />
      <LocalizedName description="Dynamics 365 Atariak: identitatearen lan-fluxuak" languagecode="1069" />
      <LocalizedName description="Dynamics 365 -portaalit – käyttäjätietojen työnkulut" languagecode="1035" />
      <LocalizedName description="Portails Dynamics 365 - Workflows d'identité" languagecode="1036" />
      <LocalizedName description="Portais de Dynamics 365: Fluxos de traballo de identidade" languagecode="1110" />
      <LocalizedName description="Dynamics 365 पोर्टल - पहचान कार्यप्रवाह" languagecode="1081" />
      <LocalizedName description="Portali sustava Dynamics 365 – Tijekovi rada sustava Identity" languagecode="1050" />
      <LocalizedName description="Dynamics 365 portálok – Identity munkafolyamatok" languagecode="1038" />
      <LocalizedName description="Portal Dynamics 365 - Alur Kerja Identitas" languagecode="1057" />
      <LocalizedName description="Portali di Dynamics 365- Flussi di lavoro di identità" languagecode="1040" />
      <LocalizedName description="Dynamics 365 ポータル - アイデンティティ ワークフロー" languagecode="1041" />
      <LocalizedName description="Dynamics 365 порталдары - Сәйкестік жұмыс ағындары" languagecode="1087" />
      <LocalizedName description="Dynamics 365 포털 - ID 워크플로" languagecode="1042" />
      <LocalizedName description="„Dynamics 365”portalai – tapatybės darbo eigos" languagecode="1063" />
      <LocalizedName description="Dynamics 365 portāli — Identitātes darbplūsmas" languagecode="1062" />
      <LocalizedName description="Portal Dynamics 365 - Aliran Kerja Identity" languagecode="1086" />
      <LocalizedName description="Dynamics 365-portaler – identitetsarbeidsflyter" languagecode="1044" />
      <LocalizedName description="Dynamics 365-portals - Identity-werkstromen" languagecode="1043" />
      <LocalizedName description="Portale usługi Dynamics 365 — przepływy pracy modułu Tożsamość" languagecode="1045" />
      <LocalizedName description="Portais do Dynamics 365 - Fluxos de Trabalho de Identidade" languagecode="1046" />
      <LocalizedName description="Dynamics 365 Portais - Fluxos de Trabalho do Identity" languagecode="2070" />
      <LocalizedName description="Portaluri Dynamics 365 - Fluxuri de lucru de identitate" languagecode="1048" />
      <LocalizedName description="Порталы Dynamics 365 — бизнес-процессы удостоверений" languagecode="1049" />
      <LocalizedName description="Portály systému Dynamics 365 – pracovné postupy v rámci identity" languagecode="1051" />
      <LocalizedName description="Portali storitve Dynamics 365 – poteki dela identitete" languagecode="1060" />
      <LocalizedName description="Dynamics 365 портали – Токови посла идентитета" languagecode="3098" />
      <LocalizedName description="Dynamics 365 портали – Токови посла идентитета" languagecode="10266" />
      <LocalizedName description="Dynamics 365 portali – Tokovi posla identiteta" languagecode="2074" />
      <LocalizedName description="Dynamics 365 portali – Tokovi posla identiteta" languagecode="9242" />
      <LocalizedName description="Dynamics 365-portaler – identitetsarbetsflöden" languagecode="1053" />
      <LocalizedName description="พอร์ทัล Dynamics 365 - เวิร์กโฟลว์ข้อมูลเอกลักษณ์" languagecode="1054" />
      <LocalizedName description="Dynamics 365 Portalları - Kimlik İş Akışları" languagecode="1055" />
      <LocalizedName description="Портали Dynamics 365 – робочі цикли посвідчень" languagecode="1058" />
      <LocalizedName description="Cổng thông tin Dynamics 365 - Quy trình làm việc Identity" languagecode="1066" />
      <LocalizedName description="Dynamics 365 门户 - 标识工作流" languagecode="2052" />
      <LocalizedName description="Dynamics 365 入口網站 - Identity 工作流程" languagecode="3076" />
      <LocalizedName description="Dynamics 365 入口網站 - Identity 工作流程" languagecode="1028" />
    </LocalizedNames>
    <Descriptions>
      <Description description="Contains the workflow processes that are used by Identity." languagecode="1033" />
      <Description description="Съдържа процесите на работни потоци, използвани от функцията за идентичност." languagecode="1026" />
      <Description description="Conté els processos de flux de treball utilitzats per Identitat." languagecode="1027" />
      <Description description="Obsahuje procesy pracovních postupů používané pro Identitu." languagecode="1029" />
      <Description description="Indeholder de arbejdsprocesser, der bruges af identitet." languagecode="1030" />
      <Description description="Enthält die von Identitäten verwendeten Workflowprozesse." languagecode="1031" />
      <Description description="Περιέχει τις διεργασίες ροής εργασίας που χρησιμοποιούνται από την Ταυτότητα." languagecode="1032" />
      <Description description="Contiene los procesos de flujo de trabajo usados por Identidad." languagecode="3082" />
      <Description description="Sisaldab identiteedi kasutatavaid töövooprotsesse." languagecode="1061" />
      <Description description="Identitatea soluzioak erabiltzen dituen lan-fluxuaren prozesuak ditu." languagecode="1069" />
      <Description description="Sisältää käyttäjätietoja varten käytettävät työnkulun prosessit." languagecode="1035" />
      <Description description="Contient les processus de workflow utilisés par Identité." languagecode="1036" />
      <Description description="Contén os procesos de fluxo de traballo que usa Identidade." languagecode="1110" />
      <Description description="इसमें पहचान द्वारा उपयोग किए जाने वाला कार्यप्रवाह शामिल होता है." languagecode="1081" />
      <Description description="Sadrži postupke tijeka rada kojima se koristi Identitet." languagecode="1050" />
      <Description description="Az Identity által használt munkafolyamatokat tartalmazza." languagecode="1038" />
      <Description description="Berisi proses alur kerja yang digunakan oleh Identitas." languagecode="1057" />
      <Description description="Contiene i processi del flusso di lavoro usati da Identify." languagecode="1040" />
      <Description description="Identity で使用するワークフロー プロセスが含まれています。" languagecode="1041" />
      <Description description="Идентификатор бойынша пайдаланылатын жұмыс ағыны процестерінен тұрады." languagecode="1087" />
      <Description description="ID에 사용되는 워크플로 프로세스가 들어 있습니다." languagecode="1042" />
      <Description description="Apima darbo eigos procesus, kurie naudojami pagal tapatybę." languagecode="1063" />
      <Description description="Satur darbplūsmas procesus, kas tiek izmantoti identitātes veidošanai." languagecode="1062" />
      <Description description="Mengandungi proses aliran kerja yang digunakan oleh Identiti." languagecode="1086" />
      <Description description="Inneholder arbeidsflytprosessene som brukes av identitet." languagecode="1044" />
      <Description description="Bevat de werkstroomprocessen die worden gebruikt door Identiteit." languagecode="1043" />
      <Description description="Zawiera procesy przepływów pracy używane przez moduł Tożsamość." languagecode="1045" />
      <Description description="Contém os processos de fluxo de trabalho utilizados por Identidade." languagecode="1046" />
      <Description description="Contém os processos de fluxo de trabalho utilizados pela Identidade." languagecode="2070" />
      <Description description="Conține procesele de flux de lucru utilizate de Identity." languagecode="1048" />
      <Description description="Содержит бизнес-процессы, используемые удостоверением." languagecode="1049" />
      <Description description="Obsahuje procesy pracovných postupov, ktoré využíva sekcia Identita." languagecode="1051" />
      <Description description="Vključuje procese potekov dela, ki jih uporablja Identiteta." languagecode="1060" />
      <Description description="Садржи процесе тока посла које користи идентитет." languagecode="3098" />
      <Description description="Садржи процесе тока посла које користи идентитет." languagecode="10266" />
      <Description description="Sadrži procese toka posla koje koristi identitet." languagecode="2074" />
      <Description description="Sadrži procese toka posla koje koristi identitet." languagecode="9242" />
      <Description description="Innehåller arbetsflödesprocesser som används av Identitet." languagecode="1053" />
      <Description description="มีกระบวนการเวิร์กโฟลว์ที่ใช้โดยข้อมูลเอกลักษณ์" languagecode="1054" />
      <Description description="Kimlik tarafından kullanılan iş akışı işlemlerini içerir." languagecode="1055" />
      <Description description="Містить процеси робочих циклів, які використовуються сутністю &quot;Посвідчення&quot;." languagecode="1058" />
      <Description description="Chứa các quy trình làm việc được sử dụng bởi Danh tính." languagecode="1066" />
      <Description description="包含身份标识所使用的工作流进程。" languagecode="2052" />
      <Description description="包含可供身分識別使用的工作流程。" languagecode="3076" />
      <Description description="包含可供身分識別使用的工作流程。" languagecode="1028" />
    </Descriptions>
    <Version>8.3.0.0</Version>
    <Managed>1</Managed>
    <Publisher>
      <UniqueName>adxstudio</UniqueName>
      <LocalizedNames>
        <LocalizedName description="Microsoft" languagecode="1033" />
        <LocalizedName description="Microsoft" languagecode="1026" />
        <LocalizedName description="Microsoft" languagecode="1027" />
        <LocalizedName description="Microsoft" languagecode="1029" />
        <LocalizedName description="Microsoft" languagecode="1030" />
        <LocalizedName description="Microsoft" languagecode="1031" />
        <LocalizedName description="Microsoft" languagecode="1032" />
        <LocalizedName description="Microsoft" languagecode="3082" />
        <LocalizedName description="Microsoft" languagecode="1061" />
        <LocalizedName description="Microsoft" languagecode="1069" />
        <LocalizedName description="Microsoft" languagecode="1035" />
        <LocalizedName description="Microsoft" languagecode="1036" />
        <LocalizedName description="Microsoft" languagecode="1110" />
        <LocalizedName description="Microsoft" languagecode="1081" />
        <LocalizedName description="Microsoft" languagecode="1050" />
        <LocalizedName description="Microsoft" languagecode="1038" />
        <LocalizedName description="Microsoft" languagecode="1057" />
        <LocalizedName description="Microsoft" languagecode="1040" />
        <LocalizedName description="Microsoft" languagecode="1041" />
        <LocalizedName description="Microsoft" languagecode="1087" />
        <LocalizedName description="Microsoft" languagecode="1042" />
        <LocalizedName description="„Microsoft“" languagecode="1063" />
        <LocalizedName description="Microsoft" languagecode="1062" />
        <LocalizedName description="Microsoft" languagecode="1086" />
        <LocalizedName description="Microsoft" languagecode="1044" />
        <LocalizedName description="Microsoft" languagecode="1043" />
        <LocalizedName description="Microsoft" languagecode="1045" />
        <LocalizedName description="Microsoft" languagecode="1046" />
        <LocalizedName description="Microsoft" languagecode="2070" />
        <LocalizedName description="Microsoft" languagecode="1048" />
        <LocalizedName description="Корпорация Майкрософт" languagecode="1049" />
        <LocalizedName description="Microsoft" languagecode="1051" />
        <LocalizedName description="Microsoft" languagecode="1060" />
        <LocalizedName description="Microsoft" languagecode="3098" />
        <LocalizedName description="Microsoft" languagecode="10266" />
        <LocalizedName description="Microsoft" languagecode="2074" />
        <LocalizedName description="Microsoft" languagecode="9242" />
        <LocalizedName description="Microsoft" languagecode="1053" />
        <LocalizedName description="Microsoft" languagecode="1054" />
        <LocalizedName description="Microsoft" languagecode="1055" />
        <LocalizedName description="Microsoft" languagecode="1058" />
        <LocalizedName description="Microsoft" languagecode="1066" />
        <LocalizedName description="Microsoft" languagecode="2052" />
        <LocalizedName description="Microsoft" languagecode="3076" />
        <LocalizedName description="Microsoft" languagecode="1028" />
      </LocalizedNames>
      <Descriptions />
      <EMailAddress>support@adxstudio.com</EMailAddress>
      <SupportingWebsiteUrl>http://www.adxstudio.com</SupportingWebsiteUrl>
      <CustomizationPrefix>adx</CustomizationPrefix>
      <CustomizationOptionValuePrefix>10000</CustomizationOptionValuePrefix>
      <Addresses>
        <Address>
          <AddressNumber>1</AddressNumber>
          <AddressTypeCode>1</AddressTypeCode>
          <City xsi:nil="true"></City>
          <County xsi:nil="true"></County>
          <Country xsi:nil="true"></Country>
          <Fax xsi:nil="true"></Fax>
          <FreightTermsCode xsi:nil="true"></FreightTermsCode>
          <ImportSequenceNumber xsi:nil="true"></ImportSequenceNumber>
          <Latitude xsi:nil="true"></Latitude>
          <Line1 xsi:nil="true"></Line1>
          <Line2 xsi:nil="true"></Line2>
          <Line3 xsi:nil="true"></Line3>
          <Longitude xsi:nil="true"></Longitude>
          <Name xsi:nil="true"></Name>
          <PostalCode xsi:nil="true"></PostalCode>
          <PostOfficeBox xsi:nil="true"></PostOfficeBox>
          <PrimaryContactName xsi:nil="true"></PrimaryContactName>
          <ShippingMethodCode>1</ShippingMethodCode>
          <StateOrProvince xsi:nil="true"></StateOrProvince>
          <Telephone1 xsi:nil="true"></Telephone1>
          <Telephone2 xsi:nil="true"></Telephone2>
          <Telephone3 xsi:nil="true"></Telephone3>
          <TimeZoneRuleVersionNumber xsi:nil="true"></TimeZoneRuleVersionNumber>
          <UPSZone xsi:nil="true"></UPSZone>
          <UTCOffset xsi:nil="true"></UTCOffset>
          <UTCConversionTimeZoneCode xsi:nil="true"></UTCConversionTimeZoneCode>
        </Address>
        <Address>
          <AddressNumber>2</AddressNumber>
          <AddressTypeCode>1</AddressTypeCode>
          <City xsi:nil="true"></City>
          <County xsi:nil="true"></County>
          <Country xsi:nil="true"></Country>
          <Fax xsi:nil="true"></Fax>
          <FreightTermsCode xsi:nil="true"></FreightTermsCode>
          <ImportSequenceNumber xsi:nil="true"></ImportSequenceNumber>
          <Latitude xsi:nil="true"></Latitude>
          <Line1 xsi:nil="true"></Line1>
          <Line2 xsi:nil="true"></Line2>
          <Line3 xsi:nil="true"></Line3>
          <Longitude xsi:nil="true"></Longitude>
          <Name xsi:nil="true"></Name>
          <PostalCode xsi:nil="true"></PostalCode>
          <PostOfficeBox xsi:nil="true"></PostOfficeBox>
          <PrimaryContactName xsi:nil="true"></PrimaryContactName>
          <ShippingMethodCode>1</ShippingMethodCode>
          <StateOrProvince xsi:nil="true"></StateOrProvince>
          <Telephone1 xsi:nil="true"></Telephone1>
          <Telephone2 xsi:nil="true"></Telephone2>
          <Telephone3 xsi:nil="true"></Telephone3>
          <TimeZoneRuleVersionNumber xsi:nil="true"></TimeZoneRuleVersionNumber>
          <UPSZone xsi:nil="true"></UPSZone>
          <UTCOffset xsi:nil="true"></UTCOffset>
          <UTCConversionTimeZoneCode xsi:nil="true"></UTCConversionTimeZoneCode>
        </Address>
      </Addresses>
    </Publisher>
    <RootComponents>
      <RootComponent type="29" id="{64d6844a-4133-43d8-90c4-a5b4e56c11d6}" behavior="0" />
      <RootComponent type="29" id="{da70a700-2cba-4fa9-b685-f703e2ecd0fa}" behavior="0" />
      <RootComponent type="29" id="{f5ccd248-6d34-41be-b0ef-d01c890f8b0d}" behavior="0" />
    </RootComponents>
    <MissingDependencies />
  </SolutionManifest>
</ImportExportXml>