﻿<?xml version="1.0" encoding="utf-8"?>
<ImportExportXml xmlns:xsi="http://www.w3.org/2001/XMLSchema-instance">
  <Entities />
  <Roles />
  <Workflows />
  <FieldSecurityProfiles />
  <Templates />
  <EntityMaps />
  <EntityRelationships />
  <OrganizationSettings />
  <optionsets />
  <SolutionPluginAssemblies>
    <PluginAssembly FullName="Adxstudio.Xrm.Workflow.AssociateHelper, Version=1.0.0.0, Culture=neutral, PublicKeyToken=d3a7bc6bb27ca094" CustomizationLevel="1">
      <IsolationMode>2</IsolationMode>
      <SourceType>0</SourceType>
      <IntroducedVersion>1.0</IntroducedVersion>
      <FileName>/PluginAssemblies/AdxstudioXrmWorkflowAssociateHelper-66312F56-BE2B-4663-A554-2E76898B75DD/AdxstudioXrmWorkflowAssociateHelper.dll</FileName>
      <PluginTypes>
        <PluginType AssemblyQualifiedName="Adxstudio.Xrm.Workflow.AssociateHelper.Associate, Adxstudio.Xrm.Workflow.AssociateHelper, Version=1.0.0.0, Culture=neutral, PublicKeyToken=d3a7bc6bb27ca094" Name="Associate">
          <FriendlyName>2470bfcd-4e02-4186-98dc-2797c130bee0</FriendlyName>
          <WorkflowActivityGroupName>Adxstudio Workflow Helpers</WorkflowActivityGroupName>
        </PluginType>
        <PluginType AssemblyQualifiedName="Adxstudio.Xrm.Workflow.AssociateHelper.Disassociate, Adxstudio.Xrm.Workflow.AssociateHelper, Version=1.0.0.0, Culture=neutral, PublicKeyToken=d3a7bc6bb27ca094" Name="Disassociate">
          <FriendlyName>050d4ee1-d2c9-4072-937e-305a719ff8a6</FriendlyName>
          <WorkflowActivityGroupName>Adxstudio Workflow Helpers</WorkflowActivityGroupName>
        </PluginType>
      </PluginTypes>
    </PluginAssembly>
  </SolutionPluginAssemblies>
  <Languages>
    <Language>1033</Language>
  </Languages>
</ImportExportXml>