﻿<?xml version="1.0" encoding="utf-8"?>
<ImportExportXml version="8.1.0000.0122" SolutionPackageVersion="8.1" languagecode="1033" generatedBy="OnPremise" xmlns:xsi="http://www.w3.org/2001/XMLSchema-instance">
  <SolutionManifest>
    <UniqueName>MicrosoftAssociateWorkflowHelper</UniqueName>
    <LocalizedNames>
      <LocalizedName description="Dynamics 365 Portals - Associate Workflow Helper" languagecode="1033" />
      <LocalizedName description="Портали на Dynamics 365 – Помощник за работен поток на сътрудници" languagecode="1026" />
      <LocalizedName description="Portals del Dynamics 365: ajuda del flux de treball d'associació" languagecode="1027" />
      <LocalizedName description="Portály Dynamics 365 – Pomocník pracovního postupu pro přidružení" languagecode="1029" />
      <LocalizedName description="Dynamics 365-portaler - Tilknyt-hjælpefunktion til arbejdsprocesser" languagecode="1030" />
      <LocalizedName description="Dynamics 365-Portale – Associate-Workflowhelfer" languagecode="1031" />
      <LocalizedName description="Πύλες Dynamics 365 - Βοηθός ροής εργασίας συσχέτισης" languagecode="1032" />
      <LocalizedName description="Portales de Dynamics 365: aplicación auxiliar del flujo de trabajo de asociados" languagecode="3082" />
      <LocalizedName description="Dynamics 365 portaalid – seostamise töövoo spikker" languagecode="1061" />
      <LocalizedName description="Dynamics 365 Atariak: erlazionatutako lan-fluxuaren laguntzailea" languagecode="1069" />
      <LocalizedName description="Dynamics 365 -portaalit – liitostyönkulun apuosa" languagecode="1035" />
      <LocalizedName description="Portails Dynamics 365 - Assistant de workflow associé" languagecode="1036" />
      <LocalizedName description="Portais de Dynamics 365: Asistente do fluxo de traballo de asociación" languagecode="1110" />
      <LocalizedName description="Dynamics 365 पोर्टल - सहयोगी कार्यप्रवाह सहायक" languagecode="1081" />
      <LocalizedName description="Portali sustava Dynamics 365 – Pomoćnik za tijek rada za pridruživanje" languagecode="1050" />
      <LocalizedName description="Dynamics 365 portálok – társítási munkafolyamat segédje" languagecode="1038" />
      <LocalizedName description="Portal Dynamics 365 - Kaitkan Bantuan Alur Kerja" languagecode="1057" />
      <LocalizedName description="Portali di Dynamics 365 - Associa helper flusso di lavoro" languagecode="1040" />
      <LocalizedName description="Dynamics 365 ポータル - ワークフローの関連付けヘルパー" languagecode="1041" />
      <LocalizedName description="Dynamics 365 порталдары - Байланыстыру жұмыс ағынының көмекшісі" languagecode="1087" />
      <LocalizedName description="Dynamics 365 포털 - 연결 워크플로 도우미" languagecode="1042" />
      <LocalizedName description="„Dynamics 365” portalai – susijusios darbo eigos pagalbinė priemonė" languagecode="1063" />
      <LocalizedName description="Dynamics 365 portāli — Saistītās darbplūsmas palīgs" languagecode="1062" />
      <LocalizedName description="Portal Dynamics 365 - Pembantu Aliran Kerja Berkaitan" languagecode="1086" />
      <LocalizedName description="Dynamics 365-portaler – hjelper for tilknyttet arbeidsflyt" languagecode="1044" />
      <LocalizedName description="Dynamics 365-portals - Hulpfunctie Werkstroom koppelen" languagecode="1043" />
      <LocalizedName description="Portale usługi Dynamics 365 — pomocnik przepływu pracy kojarzenia" languagecode="1045" />
      <LocalizedName description="Portais do Dynamics 365 - Auxiliar de Fluxo de Trabalho Associado" languagecode="1046" />
      <LocalizedName description="Dynamics 365 Portais - Programa Auxiliar do Fluxo de Trabalho de Associação" languagecode="2070" />
      <LocalizedName description="Portaluri Dynamics 365 - Ajutor pentru flux de lucru asociat" languagecode="1048" />
      <LocalizedName description="Порталы Dynamics 365 — вспомогательная функция бизнес-процесса связывания" languagecode="1049" />
      <LocalizedName description="Portály systému Dynamics 365 – pomocný objekt pracovného postupu priradenia" languagecode="1051" />
      <LocalizedName description="Portali storitve Dynamics 365 – pomočnik za povezovanje poteka dela" languagecode="1060" />
      <LocalizedName description="Dynamics 365 портали – Помоћник за придруживање тока посла" languagecode="3098" />
      <LocalizedName description="Dynamics 365 портали – Помоћник за придруживање тока посла" languagecode="10266" />
      <LocalizedName description="Dynamics 365 portali – Pomoćnik za pridruživanje toka posla" languagecode="2074" />
      <LocalizedName description="Dynamics 365 portali – Pomoćnik za pridruživanje toka posla" languagecode="9242" />
      <LocalizedName description="Dynamics 365-portaler – hjälp för arbetsflödet Associera" languagecode="1053" />
      <LocalizedName description="พอร์ทัล Dynamics 365 - ตัวช่วยเวิร์กโฟลว์ Associate" languagecode="1054" />
      <LocalizedName description="Dynamics 365 Portalları - İlişkilendirme İş Akışı Yardımcısı" languagecode="1055" />
      <LocalizedName description="Портали Dynamics 365 – Associate Workflow Helper" languagecode="1058" />
      <LocalizedName description="Cổng thông tin Dynamics 365 - Phần trợ giúp Liên kết Quy trình làm việc" languagecode="1066" />
      <LocalizedName description="Dynamics 365 门户 - 关联工作流助手" languagecode="2052" />
      <LocalizedName description="Dynamics 365 入口網站 - 關聯工作流程協助程式" languagecode="3076" />
      <LocalizedName description="Dynamics 365 入口網站 - 關聯工作流程協助程式" languagecode="1028" />
    </LocalizedNames>
    <Descriptions>
      <Description description="Contains workflow assembly helpers to associate and disassociate records specified by ID to the record against which the workflow is being called." languagecode="1033" />
      <Description description="Съдържа помощници за комплекти бизнес процеси за свързване и премахване на свързаността на записи, определени с ИД със записа, във връзка с когото е извикан бизнес процеса." languagecode="1026" />
      <Description description="Conté els assistents d'assemblatge de flux de treball per associar i dissociar registres especificats per identificador amb el registre contra el qual es crida el flux de treball." languagecode="1027" />
      <Description description="Obsahuje pomocné rutiny sestavení pracovního postupu pro přidružení a zrušení přidružení záznamů určených identifikátorem k záznamu, vůči kterému se pracovní postup volá." languagecode="1029" />
      <Description description="Indeholder hjælpefunktioner til arbejdsproces-assembly til tilknytning og ophævelse af tilknytning af poster, der er angivet med id, til den post, som arbejdsprocessen kaldes i forhold til." languagecode="1030" />
      <Description description="Enthält Workflowassembly-Helfer zum Einrichten und Aufheben von Zuordnungen von über IDs festgelegten Datensätzen mit dem Datensatz, über den der Workflow aufgerufen wird." languagecode="1031" />
      <Description description="Περιέχει βοηθούς συγκρότησης ροής εργασίας για τον συσχετισμό ή μη καρτελών που καθορίζονται από αναγνωριστικό με την καρτέλα για την οποία έχει κληθεί η ροή εργασίας." languagecode="1032" />
      <Description description="Contiene aplicaciones auxiliares de ensamblado de flujo de trabajo para asociar y desasociar registros especificados por identificador con el registro en el que se llama al flujo de trabajo." languagecode="3082" />
      <Description description="Sisaldab töövoo assembleri abilisi, et siduda ID järgi määratletud kirjeid kirjega, mille suhtes töövoogu kutsutakse, ja neid eemaldada." languagecode="1061" />
      <Description description="Lan-fluxua mihiztatzeko laguntzaileak ditu; horiei esker, IDaren arabera zehaztutako erregistroek lan-fluxuari deitzen dion erregistroarekin duten erlazioa gauzatzeko eta kentzeko aukera edukiko dute." languagecode="1069" />
      <Description description="Sisältää työnkulun kokoonpanon aputoimintoja, joilla voi liittää tunnuksen avulla määritettyjä tietueita tietueeseen, jota varten työnkulkua kutsutaan, sekä poistaa näitä liitoksia." languagecode="1035" />
      <Description description="Contient des programmes d'assistance d'assembly de workflow pour associer et dissocier des enregistrements spécifiés par ID aux enregistrements avec lesquels le workflow est appelé." languagecode="1036" />
      <Description description="Contén asistentes de ensamblaxe do fluxo de traballo para asociar e desasociar rexistros especificados por ID co rexistro co que se chama ao fluxo de traballo." languagecode="1110" />
      <Description description="इसमें कार्यप्रवाह असेंबली सहायक शामिल होते हैं जो ID के द्वारा निर्दिष्ट रिकार्डों को उस रिकॉर्ड के साथ संबद्ध और असंबद्ध करते हैं जिसके विरुद्ध कार्यप्रवाह को कॉल किया जा रहा है." languagecode="1081" />
      <Description description="Sadrži pomoćnike za sklop tijeka rada za pridruživanje i poništavanje pridruživanja zapisa navedenih po ID-u zapisu u odnosu na koji se tijek rada poziva." languagecode="1050" />
      <Description description="Olyan segédalkalmazásokat tartalmaz a munkafolyamat-szerelvényekhez, amelyekkel az azonosító alapján meghatározott rekordok hozzárendelhetők ahhoz a rekordhoz, amelyhez a munkafolyamatot meghívták, illetve ezek hozzárendelése törölhető." languagecode="1038" />
      <Description description="Berisi pendukung asembli alur kerja untuk mengaitkan dan membatalkan keterkaitan rekaman yang ditetapkan ID dengan rekaman terhadap alur kerja yang dipanggil." languagecode="1057" />
      <Description description="Contiene helper di assembly flusso di lavoro per associare o annullare l'associazione dei record specificati per ID con i record per cui il flusso di lavoro viene richiamato." languagecode="1040" />
      <Description description="ID によって指定されたレコードを、呼び出されるワークフローの処理対象レコードに関連付けたり、関連付けを解除したりするワークフロー アセンブリ ヘルパーが含まれています。" languagecode="1041" />
      <Description description="Шақырылатын жұмыс ағыны бойынша жазба ИД бойынша көрсетілген жазбаларды байланыстыру және ажырату үшін жұмыс ағыны торабы көмекшілерінен тұрады." languagecode="1087" />
      <Description description="ID별로 지정된 레코드를 워크플로가 호출되는 레코드에 연결 및 연결 해제하는 워크플로 어셈블리 도우미가 들어 있습니다." languagecode="1042" />
      <Description description="Apima darbo eigos rinkinio pagelbiklius, kuriuos naudojant galima susieti įrašus, nurodytus pagal ID, su įrašu, kuriam skirta darbo eiga iškviečiama, arba juos atsieti." languagecode="1063" />
      <Description description="Satur darbplūsmas veidošanas palīgus, lai saistītu ierakstus un noņemtu piesaisti no ierakstiem, kas tiek identificēti pēc tā ieraksta ID, pēc kura darbplūsma tika veidota." languagecode="1062" />
      <Description description="Mengandungi pembantu pemasangan aliran kerja untuk mengaitkan dan tidak mengaitkan rekod yang dinyatakan oleh ID untuk merekod mengikut aliran kerja yang dipanggil." languagecode="1086" />
      <Description description="Inneholder arbeidsflytsamlingshjelpere for å tilknytte og oppheve tilknytning av poster angitt etter ID til posten som arbeidsflyten kalles mot." languagecode="1044" />
      <Description description="Bevat helpers voor werkstroomassembly's voor het koppelen en ontkoppelen van records die per id worden opgegeven aan de record waarvoor de werkstroom wordt aangeroepen." languagecode="1043" />
      <Description description="Zawiera funkcje pomocnika zestawu przepływu pracy służące do kojarzenia i anulowania skojarzeń rekordów określonych na podstawie identyfikatora z rekordem, dla którego został wywołany przepływ pracy." languagecode="1045" />
      <Description description="Contém auxiliares de assembly de fluxo de trabalho para associar e desassociar registros especificados pela ID para o registro no qual o fluxo de trabalho está sendo chamado." languagecode="1046" />
      <Description description="Contém programas auxiliares de assemblagem de fluxo de trabalho para associar e desassociar registos especificados por ID ao registo para o qual o fluxo de trabalho está a ser chamado." languagecode="2070" />
      <Description description="Conține asamblări de flux de lucru de ajutor care asociază și anulează asocierea înregistrărilor specificate de ID la înregistrarea în raport cu care este apelat fluxul de lucru." languagecode="1048" />
      <Description description="Содержит вспомогательные функции сборки бизнес-процесса для связи записей, определенных идентификатором, с записью, для которой вызывается бизнес-процесс, и отмены этой связи." languagecode="1049" />
      <Description description="Obsahuje Pomocníkov zostavy pracovného postupu na priradenie a zrušenia priradenia záznamov špecifikovaných pomocou ID k záznamu, z hľadiska ktorého sa vyvolá tento pracovný postup." languagecode="1051" />
      <Description description="Vključuje pomočnika za sklop poteka dela, ki lahko vzpostavi in prekine povezavo med zapisom, določenim z ID-jem, in zapisom, za katerega je priklican potek dela." languagecode="1060" />
      <Description description="Садржи помоћнике склопа тока посла за повезивање и прекид везе записа означених ID-ом са записом за који се ток посла позива." languagecode="3098" />
      <Description description="Садржи помоћнике склопа тока посла за повезивање и прекид везе записа означених ID-ом са записом за који се ток посла позива." languagecode="10266" />
      <Description description="Sadrži pomoćnike sklopa toka posla za povezivanje i prekid veze zapisa označenih ID-om sa zapisom za koji se tok posla poziva." languagecode="2074" />
      <Description description="Sadrži pomoćnike sklopa toka posla za povezivanje i prekid veze zapisa označenih ID-om sa zapisom za koji se tok posla poziva." languagecode="9242" />
      <Description description="Innehåller stödprocesser för arbetsflödespaket som associerar och avassocierar poster som anges med ID till posten som arbetsflödet anropas mot." languagecode="1053" />
      <Description description="มีตัวช่วยแอสเซมบลีของเวิร์กโฟลว์เพื่อเชื่อมโยงและยกเลิกการเชื่อมโยงเรกคอร์ดที่ระบุโดย ID กับเรกคอร์ดซึ่งมีการเรียกใช้เวิร์กโฟลว์" languagecode="1054" />
      <Description description="ID ile belirtilen kayıtları iş akışının çağırıldığı kayıt ile ilişkilendiren ve bu ilişkiyi kaldıran iş akışı derlemesi yardımcılarını içerir." languagecode="1055" />
      <Description description="Містить модуль-помічник збірки робочих циклів для асоціювання та роз’єднання записів із зазначеним ідентифікатором із записами, для яких викликається робочий цикл." languagecode="1058" />
      <Description description="Chứa các phần trợ giúp tập hợp quy trình làm việc để liên kết và hủy liên kết các bản ghi đã được chỉ định theo ID đến bản ghi mà theo đó, quy trình làm việc này đã được gọi." languagecode="1066" />
      <Description description="包含工作流程序集帮助程序，用于关联和取消关联通过 ID 指定的记录以及调用工作流所针对的记录。" languagecode="2052" />
      <Description description="包含工作流程組件協助程式，以便針對呼叫工作流程的記錄與識別碼所指定的記錄建立關聯及解除關聯。" languagecode="3076" />
      <Description description="包含工作流程組件協助程式，以便針對呼叫工作流程的記錄與識別碼所指定的記錄建立關聯及解除關聯。" languagecode="1028" />
    </Descriptions>
    <Version>8.1.0003</Version>
    <Managed>1</Managed>
    <Publisher>
      <UniqueName>adxstudio</UniqueName>
      <LocalizedNames>
        <LocalizedName description="Microsoft" languagecode="1033" />
        <LocalizedName description="Microsoft" languagecode="1026" />
        <LocalizedName description="Microsoft" languagecode="1027" />
        <LocalizedName description="Microsoft" languagecode="1029" />
        <LocalizedName description="Microsoft" languagecode="1030" />
        <LocalizedName description="Microsoft" languagecode="1031" />
        <LocalizedName description="Microsoft" languagecode="1032" />
        <LocalizedName description="Microsoft" languagecode="3082" />
        <LocalizedName description="Microsoft" languagecode="1061" />
        <LocalizedName description="Microsoft" languagecode="1069" />
        <LocalizedName description="Microsoft" languagecode="1035" />
        <LocalizedName description="Microsoft" languagecode="1036" />
        <LocalizedName description="Microsoft" languagecode="1110" />
        <LocalizedName description="Microsoft" languagecode="1081" />
        <LocalizedName description="Microsoft" languagecode="1050" />
        <LocalizedName description="Microsoft" languagecode="1038" />
        <LocalizedName description="Microsoft" languagecode="1057" />
        <LocalizedName description="Microsoft" languagecode="1040" />
        <LocalizedName description="Microsoft" languagecode="1041" />
        <LocalizedName description="Microsoft" languagecode="1087" />
        <LocalizedName description="Microsoft" languagecode="1042" />
        <LocalizedName description="„Microsoft“" languagecode="1063" />
        <LocalizedName description="Microsoft" languagecode="1062" />
        <LocalizedName description="Microsoft" languagecode="1086" />
        <LocalizedName description="Microsoft" languagecode="1044" />
        <LocalizedName description="Microsoft" languagecode="1043" />
        <LocalizedName description="Microsoft" languagecode="1045" />
        <LocalizedName description="Microsoft" languagecode="1046" />
        <LocalizedName description="Microsoft" languagecode="2070" />
        <LocalizedName description="Microsoft" languagecode="1048" />
        <LocalizedName description="Корпорация Майкрософт" languagecode="1049" />
        <LocalizedName description="Microsoft" languagecode="1051" />
        <LocalizedName description="Microsoft" languagecode="1060" />
        <LocalizedName description="Microsoft" languagecode="3098" />
        <LocalizedName description="Microsoft" languagecode="10266" />
        <LocalizedName description="Microsoft" languagecode="2074" />
        <LocalizedName description="Microsoft" languagecode="9242" />
        <LocalizedName description="Microsoft" languagecode="1053" />
        <LocalizedName description="Microsoft" languagecode="1054" />
        <LocalizedName description="Microsoft" languagecode="1055" />
        <LocalizedName description="Microsoft" languagecode="1058" />
        <LocalizedName description="Microsoft" languagecode="1066" />
        <LocalizedName description="Microsoft" languagecode="2052" />
        <LocalizedName description="Microsoft" languagecode="3076" />
        <LocalizedName description="Microsoft" languagecode="1028" />
      </LocalizedNames>
      <Descriptions />
      <EMailAddress>support@adxstudio.com</EMailAddress>
      <SupportingWebsiteUrl>http://www.adxstudio.com</SupportingWebsiteUrl>
      <CustomizationPrefix>adx</CustomizationPrefix>
      <CustomizationOptionValuePrefix>10000</CustomizationOptionValuePrefix>
      <Addresses>
        <Address>
          <AddressNumber>1</AddressNumber>
          <AddressTypeCode>1</AddressTypeCode>
          <City xsi:nil="true"></City>
          <County xsi:nil="true"></County>
          <Country xsi:nil="true"></Country>
          <Fax xsi:nil="true"></Fax>
          <FreightTermsCode xsi:nil="true"></FreightTermsCode>
          <ImportSequenceNumber xsi:nil="true"></ImportSequenceNumber>
          <Latitude xsi:nil="true"></Latitude>
          <Line1 xsi:nil="true"></Line1>
          <Line2 xsi:nil="true"></Line2>
          <Line3 xsi:nil="true"></Line3>
          <Longitude xsi:nil="true"></Longitude>
          <Name xsi:nil="true"></Name>
          <PostalCode xsi:nil="true"></PostalCode>
          <PostOfficeBox xsi:nil="true"></PostOfficeBox>
          <PrimaryContactName xsi:nil="true"></PrimaryContactName>
          <ShippingMethodCode>1</ShippingMethodCode>
          <StateOrProvince xsi:nil="true"></StateOrProvince>
          <Telephone1 xsi:nil="true"></Telephone1>
          <Telephone2 xsi:nil="true"></Telephone2>
          <Telephone3 xsi:nil="true"></Telephone3>
          <TimeZoneRuleVersionNumber xsi:nil="true"></TimeZoneRuleVersionNumber>
          <UPSZone xsi:nil="true"></UPSZone>
          <UTCOffset xsi:nil="true"></UTCOffset>
          <UTCConversionTimeZoneCode xsi:nil="true"></UTCConversionTimeZoneCode>
        </Address>
        <Address>
          <AddressNumber>2</AddressNumber>
          <AddressTypeCode>1</AddressTypeCode>
          <City xsi:nil="true"></City>
          <County xsi:nil="true"></County>
          <Country xsi:nil="true"></Country>
          <Fax xsi:nil="true"></Fax>
          <FreightTermsCode xsi:nil="true"></FreightTermsCode>
          <ImportSequenceNumber xsi:nil="true"></ImportSequenceNumber>
          <Latitude xsi:nil="true"></Latitude>
          <Line1 xsi:nil="true"></Line1>
          <Line2 xsi:nil="true"></Line2>
          <Line3 xsi:nil="true"></Line3>
          <Longitude xsi:nil="true"></Longitude>
          <Name xsi:nil="true"></Name>
          <PostalCode xsi:nil="true"></PostalCode>
          <PostOfficeBox xsi:nil="true"></PostOfficeBox>
          <PrimaryContactName xsi:nil="true"></PrimaryContactName>
          <ShippingMethodCode>1</ShippingMethodCode>
          <StateOrProvince xsi:nil="true"></StateOrProvince>
          <Telephone1 xsi:nil="true"></Telephone1>
          <Telephone2 xsi:nil="true"></Telephone2>
          <Telephone3 xsi:nil="true"></Telephone3>
          <TimeZoneRuleVersionNumber xsi:nil="true"></TimeZoneRuleVersionNumber>
          <UPSZone xsi:nil="true"></UPSZone>
          <UTCOffset xsi:nil="true"></UTCOffset>
          <UTCConversionTimeZoneCode xsi:nil="true"></UTCConversionTimeZoneCode>
        </Address>
      </Addresses>
    </Publisher>
    <RootComponents>
      <RootComponent type="91" schemaName="Adxstudio.Xrm.Workflow.AssociateHelper, Version=1.0.0.0, Culture=neutral, PublicKeyToken=d3a7bc6bb27ca094" behavior="0" />
    </RootComponents>
    <MissingDependencies />
  </SolutionManifest>
</ImportExportXml>