﻿<?xml version="1.0" encoding="utf-8"?>
<ImportExportXml version="8.2" SolutionPackageVersion="8.1" languagecode="1033" generatedBy="OnPremise" xmlns:xsi="http://www.w3.org/2001/XMLSchema-instance">
  <SolutionManifest>
    <UniqueName>MicrosoftForums</UniqueName>
    <LocalizedNames>
      <LocalizedName description="Dynamics 365 Portals - Discussion Forums" languagecode="1033" />
      <LocalizedName description="Портали на Dynamics 365 – Дискусионни форуми" languagecode="1026" />
      <LocalizedName description="Portals del Dynamics 365: fòrums de debat" languagecode="1027" />
      <LocalizedName description="Portály Dynamics 365 – Diskusní fóra" languagecode="1029" />
      <LocalizedName description="Dynamics 365-portaler - Debatforummer" languagecode="1030" />
      <LocalizedName description="Dynamics 365-Portale – Diskussionsforen" languagecode="1031" />
      <LocalizedName description="Πύλες Dynamics 365 - Φόρουμ συζήτησης" languagecode="1032" />
      <LocalizedName description="Portales de Dynamics 365: foros de discusión" languagecode="3082" />
      <LocalizedName description="Dynamics 365 portaalid – arutelufoorumid" languagecode="1061" />
      <LocalizedName description="Dynamics 365 Atariak: eztabaida-foroak" languagecode="1069" />
      <LocalizedName description="Dynamics 365 -portaalit – keskustelupalstat" languagecode="1035" />
      <LocalizedName description="Portails Dynamics 365 - Forums de discussion" languagecode="1036" />
      <LocalizedName description="Portais de Dynamics 365: Foros de debate" languagecode="1110" />
      <LocalizedName description="Dynamics 365 पोर्टल - चर्चा फ़ोरम" languagecode="1081" />
      <LocalizedName description="Portali sustava Dynamics 365 – Forumi za rasprave" languagecode="1050" />
      <LocalizedName description="Dynamics 365 portálok – vitafórumok" languagecode="1038" />
      <LocalizedName description="Portal Dynamics 365 - Forum Diskusi" languagecode="1057" />
      <LocalizedName description="Portali di Dynamics 365 - Forum di discussione" languagecode="1040" />
      <LocalizedName description="Dynamics 365 ポータル - ディスカッション フォーラム" languagecode="1041" />
      <LocalizedName description="Dynamics 365 порталдары - Талқылау форумдары" languagecode="1087" />
      <LocalizedName description="Dynamics 365 포털 - 토론 포럼" languagecode="1042" />
      <LocalizedName description="„Dynamics 365” portalai – diskusijų forumai" languagecode="1063" />
      <LocalizedName description="Dynamics 365 portāli — Diskusiju forumi" languagecode="1062" />
      <LocalizedName description="Portal Dynamics 365 - Forum Perbincangan" languagecode="1086" />
      <LocalizedName description="Dynamics 365-portaler – diskusjonsfora" languagecode="1044" />
      <LocalizedName description="Dynamics 365-portals - Discussieforums" languagecode="1043" />
      <LocalizedName description="Portale usługi Dynamics 365 — Fora dyskusyjne" languagecode="1045" />
      <LocalizedName description="Portais do Dynamics 365 - Fóruns de Discussão" languagecode="1046" />
      <LocalizedName description="Dynamics 365 Portais - Fóruns de Discussão" languagecode="2070" />
      <LocalizedName description="Portaluri Dynamics 365 - Forumuri de discuții" languagecode="1048" />
      <LocalizedName description="Порталы Dynamics 365 — дискуссионные форумы" languagecode="1049" />
      <LocalizedName description="Portály systému Dynamics 365 – diskusné fóra" languagecode="1051" />
      <LocalizedName description="Portali storitve Dynamics 365 – forumi za razprave" languagecode="1060" />
      <LocalizedName description="Dynamics 365 портали – Дискусиони форуми" languagecode="3098" />
      <LocalizedName description="Dynamics 365 портали – Дискусиони форуми" languagecode="10266" />
      <LocalizedName description="Dynamics 365 portali – Diskusioni forumi" languagecode="2074" />
      <LocalizedName description="Dynamics 365 portali – Diskusioni forumi" languagecode="9242" />
      <LocalizedName description="Dynamics 365-portaler – diskussionsforum" languagecode="1053" />
      <LocalizedName description="พอร์ทัล Dynamics 365 - ฟอรั่มการสนทนา" languagecode="1054" />
      <LocalizedName description="Dynamics 365 Portalları - Tartışma Forumları" languagecode="1055" />
      <LocalizedName description="Портали Dynamics 365 – дискусійні форуми" languagecode="1058" />
      <LocalizedName description="Cổng thông tin Dynamics 365 - Diễn đàn Thảo luận" languagecode="1066" />
      <LocalizedName description="Dynamics 365 门户 - 论坛" languagecode="2052" />
      <LocalizedName description="Dynamics 365 入口網站 - 論壇" languagecode="3076" />
      <LocalizedName description="Dynamics 365 入口網站 - 論壇" languagecode="1028" />
    </LocalizedNames>
    <Descriptions>
      <Description description="Forums extend portals with online discussions to allow users to hold conversations in the form of posted messages." languagecode="1033" />
      <Description description="Форумите разширяват възможностите на порталите с онлайн дискусии, за да позволят на потребителите да провеждат разговори под формата на публикувани съобщения." languagecode="1026" />
      <Description description="Els fòrums amplien els portals amb debats en línia on els usuaris poden mantenir converses a través de la publicació de missatges." languagecode="1027" />
      <Description description="Fóra rozšiřují portály o online diskuse, které uživatelům umožňují konverzovat formou publikování zpráv." languagecode="1029" />
      <Description description="Forummer udvider portaler med onlinedebatter, hvor brugerne kan føre samtaler i form af opslag med meddelelser." languagecode="1030" />
      <Description description="Foren erweitern Portale um Onlinediskussionen, mit denen Benutzer Unterhaltungen in Form veröffentlichter Nachrichten führen können." languagecode="1031" />
      <Description description="Τα φόρουμ επεκτείνουν πύλες με συζητήσεις στο Internet, επιτρέποντας στους χρήστες να συνομιλούν με τη μορφή καταχωρημένων μηνυμάτων." languagecode="1032" />
      <Description description="Los foros amplían los portales con discusiones en línea para que los usuarios puedan mantener conversaciones mediante mensajes publicados." languagecode="3082" />
      <Description description="Foorumid täiendavad portaale veebiaruteludega, kus kasutajad saavad postitatud sõnumite kaudu vestlusi pidada." languagecode="1061" />
      <Description description="Foroek atariak hedatzen dituzte lineako eztabaidekin, erabiltzaileek elkarrizketak izan ditzaten argitaratutako mezuen bidez." languagecode="1069" />
      <Description description="Keskustelupalstat tuovat verkkokeskustelut portaaleihin, jotta käyttäjät voivat keskustella julkaisemalla viestejä." languagecode="1035" />
      <Description description="Les forums étendent les possibilités des portails grâce aux discussions en ligne qui permettent aux utilisateurs de tenir des conversations sous la forme de messages publiés." languagecode="1036" />
      <Description description="Os foros fan medrar os portais con discusións en liña que permiten aos usuarios manter conversas en forma de mensaxes publicadas." languagecode="1110" />
      <Description description="उपयोगकर्ताओं को पोस्ट किए गए संदेशों के रूप में वार्तालाप करने देने के लिए, फ़ोरम ऑनलाइन चर्चाओं के साथ पोर्टल का विस्तार करते हैं." languagecode="1081" />
      <Description description="Forumi proširuju portale mrežnim raspravama kako bi omogućili korisnicima vođenje razgovora u obliku objavljenih poruka." languagecode="1050" />
      <Description description="A fórumok online vitalehetőségekkel egészítik ki a portálok szolgáltatásait, így a felhasználók üzenetek közzétételével beszélgethetnek egymással." languagecode="1038" />
      <Description description="Forum memperluas portal dengan diskusi online untuk memungkinkan pengguna melakukan percakapan dalam bentuk pesan yang diposting." languagecode="1057" />
      <Description description="I forum migliorano ulteriormente i portali con discussioni online per consentire agli utenti di tenere conversazioni in forma di messaggi pubblicati." languagecode="1040" />
      <Description description="オンライン ディスカッションの機能によってポータルを拡張するフォーラムは、メッセージの投稿という形式でユーザー間の会話を実現します。" languagecode="1041" />
      <Description description="Пайдаланушыларға жіберілген хабарлар пішінінде сұхбаттарды сақтауға рұқсат беру үшін, форумдар онлайн талқылаулармен порталдарды кеңейтеді." languagecode="1087" />
      <Description description="포럼은 사용자가 게시된 메시지 형태로 대화할 수 있도록 온라인 토론으로 포털을 확장합니다." languagecode="1042" />
      <Description description="Forumai papildo portalus internetinių diskusijų sritimis ir vartotojai gali bendrauti skelbiamais pranešimais." languagecode="1063" />
      <Description description="Forumi paplašina portālu iespējas, pievienojot tiešsaistes diskusijas, lai lietotāji varētu sarunāties, publicējot ziņas." languagecode="1062" />
      <Description description="Forum melanjutkan portal dengan perbincangan dalam talian untuk membenarkan pengguna mengadakan perbualan dalam bentuk mesej disiarkan." languagecode="1086" />
      <Description description="Fora utvider portaler med nettdiskusjoner som gir brukerne mulighet til å ha samtaler ved hjelp av meldinger som legges inn." languagecode="1044" />
      <Description description="Forums breiden portals uit met online discussies, zodat gebruikers gesprekken kunnen voeren in de vorm van geplaatste berichten." languagecode="1043" />
      <Description description="Moduł Fora rozszerza możliwości portali o funkcje dyskusji w trybie online umożliwiające użytkownikom prowadzenie konwersacji w formie publikowanych wiadomości." languagecode="1045" />
      <Description description="Os fóruns ampliam os portais com discussões online que permitem aos usuários manter conversas na forma de mensagens postadas." languagecode="1046" />
      <Description description="Os fóruns expandem os portais da Microsoft com debates online para permitir que os utilizadores mantenham conversações sob a forma de mensagens publicadas." languagecode="2070" />
      <Description description="Forumurile extind portalurile cu discuții online, pentru a le permite utilizatorilor să poarte conversații în formă de mesaje publicate." languagecode="1048" />
      <Description description="Форумы расширяют возможности порталов благодаря интернет-дискуссиям, позволяющим пользователям общаться с помощью опубликованных сообщений." languagecode="1049" />
      <Description description="Fóra rozširujú portály o online diskusie, ktoré umožňujú používateľom konverzovať formou uverejňovaných správ." languagecode="1051" />
      <Description description="Forumi na portale prinašajo spletne razprave, ki uporabnikom omogočajo pogovore v obliki objavljanja sporočil." languagecode="1060" />
      <Description description="Форуми проширују портале дискусијама на мрежи, чиме омогућавају корисницима да воде разговоре у облику објављених порука." languagecode="3098" />
      <Description description="Форуми проширују портале дискусијама на мрежи, чиме омогућавају корисницима да воде разговоре у облику објављених порука." languagecode="10266" />
      <Description description="Forumi proširuju portale diskusijama na mreži, čime omogućavaju korisnicima da vode razgovore u obliku objavljenih poruka." languagecode="2074" />
      <Description description="Forumi proširuju portale diskusijama na mreži, čime omogućavaju korisnicima da vode razgovore u obliku objavljenih poruka." languagecode="9242" />
      <Description description="Forum utökar portaler med onlinediskussioner där användare kan föra samtal i form av publicerade meddelanden." languagecode="1053" />
      <Description description="ฟอรั่มขยายประสิทธิภาพพอร์ทัลด้วยการสนทนาออนไลน์เพื่อช่วยให้ผู้ใช้สามารถสนทนากันในรูปแบบข้อความที่โพสต์" languagecode="1054" />
      <Description description="Forumlar, portalları kullanıcıların gönderilen iletiler biçiminde konuşma yapabilmeleri için çevrimiçi tartışmalarla genişletir." languagecode="1055" />
      <Description description="Форуми додають до порталів функції онлайн-дискусій, що дають змогу користувачам підтримувати розмову через публікацію повідомлень." languagecode="1058" />
      <Description description="Diễn đàn mở rộng cổng thông tin bằng các cuộc thảo luận trực tuyến để cho phép người dùng tổ chức các cuộc hội thoại dưới dạng đăng tải thông điệp." languagecode="1066" />
      <Description description="论坛通过在线讨论扩展门户，让用户可以以发布消息的形式保持对话。" languagecode="2052" />
      <Description description="論壇的線上討論可讓使用者以張貼訊息的形式進行交談，藉以擴充入口網站。" languagecode="3076" />
      <Description description="論壇的線上討論可讓使用者以張貼訊息的形式進行交談，藉以擴充入口網站。" languagecode="1028" />
    </Descriptions>
    <Version>8.3.0.0</Version>
    <Managed>1</Managed>
    <Publisher>
      <UniqueName>adxstudio</UniqueName>
      <LocalizedNames>
        <LocalizedName description="Microsoft" languagecode="1033" />
        <LocalizedName description="Microsoft" languagecode="1026" />
        <LocalizedName description="Microsoft" languagecode="1027" />
        <LocalizedName description="Microsoft" languagecode="1029" />
        <LocalizedName description="Microsoft" languagecode="1030" />
        <LocalizedName description="Microsoft" languagecode="1031" />
        <LocalizedName description="Microsoft" languagecode="1032" />
        <LocalizedName description="Microsoft" languagecode="3082" />
        <LocalizedName description="Microsoft" languagecode="1061" />
        <LocalizedName description="Microsoft" languagecode="1069" />
        <LocalizedName description="Microsoft" languagecode="1035" />
        <LocalizedName description="Microsoft" languagecode="1036" />
        <LocalizedName description="Microsoft" languagecode="1110" />
        <LocalizedName description="Microsoft" languagecode="1081" />
        <LocalizedName description="Microsoft" languagecode="1050" />
        <LocalizedName description="Microsoft" languagecode="1038" />
        <LocalizedName description="Microsoft" languagecode="1057" />
        <LocalizedName description="Microsoft" languagecode="1040" />
        <LocalizedName description="Microsoft" languagecode="1041" />
        <LocalizedName description="Microsoft" languagecode="1087" />
        <LocalizedName description="Microsoft" languagecode="1042" />
        <LocalizedName description="„Microsoft“" languagecode="1063" />
        <LocalizedName description="Microsoft" languagecode="1062" />
        <LocalizedName description="Microsoft" languagecode="1086" />
        <LocalizedName description="Microsoft" languagecode="1044" />
        <LocalizedName description="Microsoft" languagecode="1043" />
        <LocalizedName description="Microsoft" languagecode="1045" />
        <LocalizedName description="Microsoft" languagecode="1046" />
        <LocalizedName description="Microsoft" languagecode="2070" />
        <LocalizedName description="Microsoft" languagecode="1048" />
        <LocalizedName description="Корпорация Майкрософт" languagecode="1049" />
        <LocalizedName description="Microsoft" languagecode="1051" />
        <LocalizedName description="Microsoft" languagecode="1060" />
        <LocalizedName description="Microsoft" languagecode="3098" />
        <LocalizedName description="Microsoft" languagecode="10266" />
        <LocalizedName description="Microsoft" languagecode="2074" />
        <LocalizedName description="Microsoft" languagecode="9242" />
        <LocalizedName description="Microsoft" languagecode="1053" />
        <LocalizedName description="Microsoft" languagecode="1054" />
        <LocalizedName description="Microsoft" languagecode="1055" />
        <LocalizedName description="Microsoft" languagecode="1058" />
        <LocalizedName description="Microsoft" languagecode="1066" />
        <LocalizedName description="Microsoft" languagecode="2052" />
        <LocalizedName description="Microsoft" languagecode="3076" />
        <LocalizedName description="Microsoft" languagecode="1028" />
      </LocalizedNames>
      <Descriptions />
      <EMailAddress>support@adxstudio.com</EMailAddress>
      <SupportingWebsiteUrl>http://www.adxstudio.com</SupportingWebsiteUrl>
      <CustomizationPrefix>adx</CustomizationPrefix>
      <CustomizationOptionValuePrefix>75615</CustomizationOptionValuePrefix>
      <Addresses>
        <Address>
          <AddressNumber>1</AddressNumber>
          <AddressTypeCode>1</AddressTypeCode>
          <City xsi:nil="true"></City>
          <County xsi:nil="true"></County>
          <Country xsi:nil="true"></Country>
          <Fax xsi:nil="true"></Fax>
          <FreightTermsCode xsi:nil="true"></FreightTermsCode>
          <ImportSequenceNumber xsi:nil="true"></ImportSequenceNumber>
          <Latitude xsi:nil="true"></Latitude>
          <Line1 xsi:nil="true"></Line1>
          <Line2 xsi:nil="true"></Line2>
          <Line3 xsi:nil="true"></Line3>
          <Longitude xsi:nil="true"></Longitude>
          <Name xsi:nil="true"></Name>
          <PostalCode xsi:nil="true"></PostalCode>
          <PostOfficeBox xsi:nil="true"></PostOfficeBox>
          <PrimaryContactName xsi:nil="true"></PrimaryContactName>
          <ShippingMethodCode>1</ShippingMethodCode>
          <StateOrProvince xsi:nil="true"></StateOrProvince>
          <Telephone1 xsi:nil="true"></Telephone1>
          <Telephone2 xsi:nil="true"></Telephone2>
          <Telephone3 xsi:nil="true"></Telephone3>
          <TimeZoneRuleVersionNumber xsi:nil="true"></TimeZoneRuleVersionNumber>
          <UPSZone xsi:nil="true"></UPSZone>
          <UTCOffset xsi:nil="true"></UTCOffset>
          <UTCConversionTimeZoneCode xsi:nil="true"></UTCConversionTimeZoneCode>
        </Address>
        <Address>
          <AddressNumber>2</AddressNumber>
          <AddressTypeCode>1</AddressTypeCode>
          <City xsi:nil="true"></City>
          <County xsi:nil="true"></County>
          <Country xsi:nil="true"></Country>
          <Fax xsi:nil="true"></Fax>
          <FreightTermsCode xsi:nil="true"></FreightTermsCode>
          <ImportSequenceNumber xsi:nil="true"></ImportSequenceNumber>
          <Latitude xsi:nil="true"></Latitude>
          <Line1 xsi:nil="true"></Line1>
          <Line2 xsi:nil="true"></Line2>
          <Line3 xsi:nil="true"></Line3>
          <Longitude xsi:nil="true"></Longitude>
          <Name xsi:nil="true"></Name>
          <PostalCode xsi:nil="true"></PostalCode>
          <PostOfficeBox xsi:nil="true"></PostOfficeBox>
          <PrimaryContactName xsi:nil="true"></PrimaryContactName>
          <ShippingMethodCode>1</ShippingMethodCode>
          <StateOrProvince xsi:nil="true"></StateOrProvince>
          <Telephone1 xsi:nil="true"></Telephone1>
          <Telephone2 xsi:nil="true"></Telephone2>
          <Telephone3 xsi:nil="true"></Telephone3>
          <TimeZoneRuleVersionNumber xsi:nil="true"></TimeZoneRuleVersionNumber>
          <UPSZone xsi:nil="true"></UPSZone>
          <UTCOffset xsi:nil="true"></UTCOffset>
          <UTCConversionTimeZoneCode xsi:nil="true"></UTCConversionTimeZoneCode>
        </Address>
      </Addresses>
    </Publisher>
    <RootComponents>
      <RootComponent type="1" schemaName="adx_communityforum" behavior="0" />
      <RootComponent type="1" schemaName="adx_communityforumaccesspermission" behavior="0" />
      <RootComponent type="1" schemaName="adx_communityforumalert" behavior="0" />
      <RootComponent type="1" schemaName="adx_communityforumannouncement" behavior="0" />
      <RootComponent type="1" schemaName="adx_communityforumpost" behavior="0" />
      <RootComponent type="1" schemaName="adx_communityforumthread" behavior="0" />
      <RootComponent type="1" schemaName="adx_forumnotification" behavior="0" />
      <RootComponent type="1" schemaName="adx_forumthreadtype" behavior="0" />
      <RootComponent type="1" schemaName="adx_shortcut" behavior="1" />
      <RootComponent type="60" id="{b3aa8ee3-42a4-4983-bc25-fde77738edb0}" behavior="0" />
      <RootComponent type="61" schemaName="adx_forumaccess_medium" behavior="0" />
      <RootComponent type="61" schemaName="adx_forumaccess_small" behavior="0" />
      <RootComponent type="61" schemaName="adx_icons/gray/Community_16.png" behavior="0" />
      <RootComponent type="61" schemaName="adx_icons/white/Community_32.png" behavior="0" />
      <RootComponent type="61" schemaName="adx_icon_nav_community_32.png" behavior="0" />
      <RootComponent type="61" schemaName="adx_icon_nav_social_small" behavior="0" />
      <RootComponent type="62" behavior="0" />
      <RootComponent type="91" schemaName="Adxstudio.Xrm.Plugins.ForumPost, Version=1.0.0.0, Culture=neutral, PublicKeyToken=5c3a597f35ed4b66" behavior="0" />
      <RootComponent type="91" schemaName="Adxstudio.Xrm.Plugins.Forums, Version=5.1.0.1, Culture=neutral, PublicKeyToken=33116b9f1e2c247a" behavior="0" />
      <RootComponent type="92" id="{12b0f4ae-d928-e611-80d6-00155d0bd99f}" behavior="0" />
      <RootComponent type="92" id="{1f24f05c-8a22-e611-80d6-00155d0bd99f}" behavior="0" />
      <RootComponent type="92" id="{2c1d1a4c-8a22-e611-80d6-00155d0bd99f}" behavior="0" />
      <RootComponent type="92" id="{2c7b9365-d928-e611-80d6-00155d0bd99f}" behavior="0" />
      <RootComponent type="92" id="{2ca51123-d928-e611-80d6-00155d0bd99f}" behavior="0" />
      <RootComponent type="92" id="{a5a9e2fe-01c6-e511-80d2-00155d9cb202}" behavior="0" />
      <RootComponent type="92" id="{c68a3a7b-8a22-e611-80d6-00155d0bd99f}" behavior="0" />
    </RootComponents>
    <MissingDependencies>
      <MissingDependency>
        <Required key="0" type="1" schemaName="adx_shortcut" displayName="Shortcut" solution="MicrosoftCrmPortalBase (8.2.0001)" />
        <Dependent key="0" type="1" schemaName="adx_shortcut" displayName="Shortcut" />
      </MissingDependency>
      <MissingDependency>
        <Required key="1" type="1" schemaName="adx_contentsnippet" displayName="Content Snippet" solution="MicrosoftCrmPortalDependencies (8.1.0007)" />
        <Dependent key="2" type="62" id="{2405795e-8c52-e611-80d3-00155db8927d}" />
      </MissingDependency>
      <MissingDependency>
        <Required key="3" type="1" schemaName="adx_sitesetting" displayName="Site Setting" solution="MicrosoftCrmPortalDependencies (8.1.0007)" />
        <Dependent key="2" type="62" id="{2405795e-8c52-e611-80d3-00155db8927d}" />
      </MissingDependency>
      <MissingDependency>
        <Required key="4" type="1" schemaName="adx_poll" displayName="Poll" solution="MicrosoftCrmPortalBase (8.2.0001)" />
        <Dependent key="2" type="62" id="{2405795e-8c52-e611-80d3-00155db8927d}" />
      </MissingDependency>
      <MissingDependency>
        <Required key="5" type="1" schemaName="adx_websitelanguage" displayName="Website Language" solution="MicrosoftCrmPortalBase (8.2.0001)" />
        <Dependent key="6" type="10" schemaName="adx_websitelanguage_communityforum" displayName="adx_websitelanguage_communityforum" parentSchemaName="adx_communityforum" parentDisplayName="Forum" />
      </MissingDependency>
      <MissingDependency>
        <Required key="7" type="1" schemaName="adx_redirect" displayName="Redirect" solution="MicrosoftCrmPortalBase (8.2.0001)" />
        <Dependent key="2" type="62" id="{2405795e-8c52-e611-80d3-00155db8927d}" />
      </MissingDependency>
      <MissingDependency>
        <Required key="8" type="1" schemaName="adx_webpage" displayName="Web Page" solution="MicrosoftCrmPortalDependencies (8.1.0007)" />
        <Dependent key="2" type="62" id="{2405795e-8c52-e611-80d3-00155db8927d}" />
      </MissingDependency>
      <MissingDependency>
        <Required key="8" type="1" schemaName="adx_webpage" displayName="Web Page" solution="MicrosoftCrmPortalDependencies (8.1.0007)" />
        <Dependent key="9" type="10" schemaName="adx_webpage_communityforum" displayName="adx_webpage_communityforum" parentSchemaName="adx_communityforum" parentDisplayName="Forum" />
      </MissingDependency>
      <MissingDependency>
        <Required key="8" type="1" schemaName="adx_webpage" displayName="Web Page" solution="MicrosoftCrmPortalDependencies (8.1.0007)" />
        <Dependent key="10" type="10" schemaName="adx_webpage_forumnotification" displayName="adx_webpage_forumnotification" parentSchemaName="adx_forumnotification" parentDisplayName="Forum Notification" />
      </MissingDependency>
      <MissingDependency>
        <Required key="11" type="1" schemaName="adx_webfile" displayName="Web File" solution="MicrosoftCrmPortalDependencies (8.1.0007)" />
        <Dependent key="2" type="62" id="{2405795e-8c52-e611-80d3-00155db8927d}" />
      </MissingDependency>
      <MissingDependency>
        <Required key="12" type="1" schemaName="adx_websitebinding" displayName="Website Binding" solution="MicrosoftCrmPortalBase (8.2.0001)" />
        <Dependent key="2" type="62" id="{2405795e-8c52-e611-80d3-00155db8927d}" />
      </MissingDependency>
      <MissingDependency>
        <Required key="13" type="1" schemaName="adx_weblinkset" displayName="Web Link Set" solution="MicrosoftCrmPortalDependencies (8.1.0007)" />
        <Dependent key="2" type="62" id="{2405795e-8c52-e611-80d3-00155db8927d}" />
      </MissingDependency>
      <MissingDependency>
        <Required key="14" type="1" schemaName="adx_webpageaccesscontrolrule" displayName="Web Page Access Control Rule" solution="MicrosoftCrmPortalBase (8.2.0001)" />
        <Dependent key="2" type="62" id="{2405795e-8c52-e611-80d3-00155db8927d}" />
      </MissingDependency>
      <MissingDependency>
        <Required key="15" type="1" schemaName="adx_pagetemplate" displayName="Page Template" solution="MicrosoftCrmPortalDependencies (8.1.0007)" />
        <Dependent key="16" type="10" schemaName="adx_threadpagetemplate_communityforum" displayName="adx_threadpagetemplate_communityforum" parentSchemaName="adx_communityforum" parentDisplayName="Forum" />
      </MissingDependency>
      <MissingDependency>
        <Required key="15" type="1" schemaName="adx_pagetemplate" displayName="Page Template" solution="MicrosoftCrmPortalDependencies (8.1.0007)" />
        <Dependent key="2" type="62" id="{2405795e-8c52-e611-80d3-00155db8927d}" />
      </MissingDependency>
      <MissingDependency>
        <Required key="17" type="1" schemaName="adx_website" displayName="Website" solution="MicrosoftCrmPortalDependencies (8.1.0007)" />
        <Dependent key="18" type="10" schemaName="adx_website_forumnotification" displayName="adx_website_forumnotification" parentSchemaName="adx_forumnotification" parentDisplayName="Forum Notification" />
      </MissingDependency>
      <MissingDependency>
        <Required key="17" type="1" schemaName="adx_website" displayName="Website" solution="MicrosoftCrmPortalDependencies (8.1.0007)" />
        <Dependent key="19" type="60" displayName="Information" parentDisplayName="Forum" id="{b3aa8ee3-42a4-4983-bc25-fde77738edb0}" />
      </MissingDependency>
      <MissingDependency>
        <Required key="17" type="1" schemaName="adx_website" displayName="Website" solution="MicrosoftCrmPortalDependencies (8.1.0007)" />
        <Dependent key="2" type="62" id="{2405795e-8c52-e611-80d3-00155db8927d}" />
      </MissingDependency>
      <MissingDependency>
        <Required key="17" type="1" schemaName="adx_website" displayName="Website" solution="MicrosoftCrmPortalDependencies (8.1.0007)" />
        <Dependent key="20" type="10" schemaName="adx_website_forumthreadtype" displayName="adx_website_forumthreadtype" parentSchemaName="adx_forumthreadtype" parentDisplayName="Forum Thread Type" />
      </MissingDependency>
      <MissingDependency>
        <Required key="17" type="1" schemaName="adx_website" displayName="Website" solution="MicrosoftCrmPortalDependencies (8.1.0007)" />
        <Dependent key="21" type="10" schemaName="adx_website_communityforum" displayName="adx_website_communityforum" parentSchemaName="adx_communityforum" parentDisplayName="Forum" />
      </MissingDependency>
      <MissingDependency>
        <Required key="22" type="1" schemaName="adx_sitemarker" displayName="Site Marker" solution="MicrosoftCrmPortalDependencies (8.1.0007)" />
        <Dependent key="2" type="62" id="{2405795e-8c52-e611-80d3-00155db8927d}" />
      </MissingDependency>
      <MissingDependency>
        <Required key="23" type="1" schemaName="adx_publishingstate" displayName="Publishing State" solution="MicrosoftCrmPortalBase (8.2.0001)" />
        <Dependent key="24" type="26" schemaName="Portal Search" displayName="Portal Search" parentSchemaName="adx_communityforumpost" parentDisplayName="Forum Post" id="{9d14236e-f3d7-df11-a3be-00155d036405}" />
      </MissingDependency>
      <MissingDependency>
        <Required key="23" type="1" schemaName="adx_publishingstate" displayName="Publishing State" solution="MicrosoftCrmPortalBase (8.2.0001)" />
        <Dependent key="25" type="10" schemaName="adx_publishingstate_communityforumpost" displayName="adx_publishingstate_communityforumpost" parentSchemaName="adx_communityforumpost" parentDisplayName="Forum Post" />
      </MissingDependency>
      <MissingDependency>
        <Required key="23" type="1" schemaName="adx_publishingstate" displayName="Publishing State" solution="MicrosoftCrmPortalBase (8.2.0001)" />
        <Dependent key="26" type="10" schemaName="adx_publishingstate_communityforumthread" displayName="adx_publishingstate_communityforumthread" parentSchemaName="adx_communityforumthread" parentDisplayName="Forum Thread" />
      </MissingDependency>
      <MissingDependency>
        <Required key="23" type="1" schemaName="adx_publishingstate" displayName="Publishing State" solution="MicrosoftCrmPortalBase (8.2.0001)" />
        <Dependent key="27" type="10" schemaName="adx_publishingstate_communityforum" displayName="adx_publishingstate_communityforum" parentSchemaName="adx_communityforum" parentDisplayName="Forum" />
      </MissingDependency>
      <MissingDependency>
        <Required key="28" type="1" schemaName="adx_webnotificationurl" displayName="Web Notification URL" solution="MicrosoftCrmPortalDependencies (8.1.0007)" />
        <Dependent key="2" type="62" id="{2405795e-8c52-e611-80d3-00155db8927d}" />
      </MissingDependency>
      <MissingDependency>
        <Required key="29" type="1" schemaName="adx_ad" displayName="Ad" solution="MicrosoftCrmPortalBase (8.2.0001)" />
        <Dependent key="2" type="62" id="{2405795e-8c52-e611-80d3-00155db8927d}" />
      </MissingDependency>
      <MissingDependency>
        <Required key="30" type="1" schemaName="adx_publishingstatetransitionrule" displayName="Publishing State Transition Rule" solution="MicrosoftCrmPortalBase (8.2.0001)" />
        <Dependent key="2" type="62" id="{2405795e-8c52-e611-80d3-00155db8927d}" />
      </MissingDependency>
      <MissingDependency>
        <Required key="31" type="1" schemaName="adx_adplacement" displayName="Ad Placement" solution="MicrosoftCrmPortalBase (8.2.0001)" />
        <Dependent key="2" type="62" id="{2405795e-8c52-e611-80d3-00155db8927d}" />
      </MissingDependency>
      <MissingDependency>
        <Required key="32" type="1" schemaName="adx_websiteaccess" displayName="Website Access" solution="MicrosoftCrmPortalBase (8.2.0001)" />
        <Dependent key="2" type="62" id="{2405795e-8c52-e611-80d3-00155db8927d}" />
      </MissingDependency>
      <MissingDependency>
        <Required key="33" type="1" schemaName="adx_pollplacement" displayName="Poll Placement" solution="MicrosoftCrmPortalBase (8.2.0001)" />
        <Dependent key="2" type="62" id="{2405795e-8c52-e611-80d3-00155db8927d}" />
      </MissingDependency>
      <MissingDependency>
        <Required key="34" type="1" schemaName="adx_webrole" displayName="Web Role" solution="MicrosoftCrmPortalDependencies (8.1.0007)" />
        <Dependent key="2" type="62" id="{2405795e-8c52-e611-80d3-00155db8927d}" />
      </MissingDependency>
      <MissingDependency>
        <Required key="34" type="1" schemaName="adx_webrole" displayName="Web Role" solution="MicrosoftCrmPortalDependencies (8.1.0007)" />
        <Dependent key="35" type="60" displayName="Information" parentDisplayName="Forum Access Permission" id="{69616887-89b2-421c-a369-666319ac7404}" />
      </MissingDependency>
      <MissingDependency>
        <Required key="36" type="2" schemaName="adx_websiteid" displayName="Website" parentSchemaName="adx_website" parentDisplayName="Website" solution="MicrosoftCrmPortalDependencies (8.1.0007)" />
        <Dependent key="21" type="10" schemaName="adx_website_communityforum" displayName="adx_website_communityforum" parentSchemaName="adx_communityforum" parentDisplayName="Forum" />
      </MissingDependency>
      <MissingDependency>
        <Required key="36" type="2" schemaName="adx_websiteid" displayName="Website" parentSchemaName="adx_website" parentDisplayName="Website" solution="MicrosoftCrmPortalDependencies (8.1.0007)" />
        <Dependent key="20" type="10" schemaName="adx_website_forumthreadtype" displayName="adx_website_forumthreadtype" parentSchemaName="adx_forumthreadtype" parentDisplayName="Forum Thread Type" />
      </MissingDependency>
      <MissingDependency>
        <Required key="36" type="2" schemaName="adx_websiteid" displayName="Website" parentSchemaName="adx_website" parentDisplayName="Website" solution="MicrosoftCrmPortalDependencies (8.1.0007)" />
        <Dependent key="18" type="10" schemaName="adx_website_forumnotification" displayName="adx_website_forumnotification" parentSchemaName="adx_forumnotification" parentDisplayName="Forum Notification" />
      </MissingDependency>
      <MissingDependency>
        <Required key="37" type="2" schemaName="adx_pagetemplateid" displayName="Page Template" parentSchemaName="adx_pagetemplate" parentDisplayName="Page Template" solution="MicrosoftCrmPortalDependencies (8.1.0007)" />
        <Dependent key="16" type="10" schemaName="adx_threadpagetemplate_communityforum" displayName="adx_threadpagetemplate_communityforum" parentSchemaName="adx_communityforum" parentDisplayName="Forum" />
      </MissingDependency>
      <MissingDependency>
        <Required key="38" type="2" schemaName="adx_publishingstateid" displayName="Publishing State" parentSchemaName="adx_publishingstate" parentDisplayName="Publishing State" solution="MicrosoftCrmPortalBase (8.2.0001)" />
        <Dependent key="26" type="10" schemaName="adx_publishingstate_communityforumthread" displayName="adx_publishingstate_communityforumthread" parentSchemaName="adx_communityforumthread" parentDisplayName="Forum Thread" />
      </MissingDependency>
      <MissingDependency>
        <Required key="38" type="2" schemaName="adx_publishingstateid" displayName="Publishing State" parentSchemaName="adx_publishingstate" parentDisplayName="Publishing State" solution="MicrosoftCrmPortalBase (8.2.0001)" />
        <Dependent key="27" type="10" schemaName="adx_publishingstate_communityforum" displayName="adx_publishingstate_communityforum" parentSchemaName="adx_communityforum" parentDisplayName="Forum" />
      </MissingDependency>
      <MissingDependency>
        <Required key="38" type="2" schemaName="adx_publishingstateid" displayName="Publishing State" parentSchemaName="adx_publishingstate" parentDisplayName="Publishing State" solution="MicrosoftCrmPortalBase (8.2.0001)" />
        <Dependent key="24" type="26" schemaName="Portal Search" displayName="Portal Search" parentSchemaName="adx_communityforumpost" parentDisplayName="Forum Post" id="{9d14236e-f3d7-df11-a3be-00155d036405}" />
      </MissingDependency>
      <MissingDependency>
        <Required key="38" type="2" schemaName="adx_publishingstateid" displayName="Publishing State" parentSchemaName="adx_publishingstate" parentDisplayName="Publishing State" solution="MicrosoftCrmPortalBase (8.2.0001)" />
        <Dependent key="25" type="10" schemaName="adx_publishingstate_communityforumpost" displayName="adx_publishingstate_communityforumpost" parentSchemaName="adx_communityforumpost" parentDisplayName="Forum Post" />
      </MissingDependency>
      <MissingDependency>
        <Required key="39" type="2" schemaName="adx_name" displayName="Name" parentSchemaName="adx_websitelanguage" parentDisplayName="Website Language" solution="MicrosoftCrmPortalBase (8.2.0001)" />
        <Dependent key="6" type="10" schemaName="adx_websitelanguage_communityforum" displayName="adx_websitelanguage_communityforum" parentSchemaName="adx_communityforum" parentDisplayName="Forum" />
      </MissingDependency>
      <MissingDependency>
        <Required key="40" type="2" schemaName="adx_name" displayName="Name" parentSchemaName="adx_pagetemplate" parentDisplayName="Page Template" solution="MicrosoftCrmPortalDependencies (8.1.0007)" />
        <Dependent key="16" type="10" schemaName="adx_threadpagetemplate_communityforum" displayName="adx_threadpagetemplate_communityforum" parentSchemaName="adx_communityforum" parentDisplayName="Forum" />
      </MissingDependency>
      <MissingDependency>
        <Required key="40" type="2" schemaName="adx_name" displayName="Name" parentSchemaName="adx_pagetemplate" parentDisplayName="Page Template" solution="MicrosoftCrmPortalDependencies (8.1.0007)" />
        <Dependent key="41" type="10" schemaName="adx_forumpagetemplate_communityforum" displayName="adx_forumpagetemplate_communityforum" parentSchemaName="adx_communityforum" parentDisplayName="Forum" />
      </MissingDependency>
      <MissingDependency>
        <Required key="42" type="2" schemaName="adx_websiteid" displayName="Website" parentSchemaName="adx_publishingstate" parentDisplayName="Publishing State" solution="MicrosoftCrmPortalBase (8.2.0001)" />
        <Dependent key="24" type="26" schemaName="Portal Search" displayName="Portal Search" parentSchemaName="adx_communityforumpost" parentDisplayName="Forum Post" id="{9d14236e-f3d7-df11-a3be-00155d036405}" />
      </MissingDependency>
      <MissingDependency>
        <Required key="43" type="2" schemaName="adx_webpageid" displayName="Web Page" parentSchemaName="adx_webpage" parentDisplayName="Web Page" solution="MicrosoftCrmPortalDependencies (8.1.0007)" />
        <Dependent key="10" type="10" schemaName="adx_webpage_forumnotification" displayName="adx_webpage_forumnotification" parentSchemaName="adx_forumnotification" parentDisplayName="Forum Notification" />
      </MissingDependency>
      <MissingDependency>
        <Required key="43" type="2" schemaName="adx_webpageid" displayName="Web Page" parentSchemaName="adx_webpage" parentDisplayName="Web Page" solution="MicrosoftCrmPortalDependencies (8.1.0007)" />
        <Dependent key="9" type="10" schemaName="adx_webpage_communityforum" displayName="adx_webpage_communityforum" parentSchemaName="adx_communityforum" parentDisplayName="Forum" />
      </MissingDependency>
      <MissingDependency>
        <Required key="44" type="2" schemaName="adx_name" displayName="Name" parentSchemaName="adx_publishingstate" parentDisplayName="Publishing State" solution="MicrosoftCrmPortalBase (8.2.0001)" />
        <Dependent key="26" type="10" schemaName="adx_publishingstate_communityforumthread" displayName="adx_publishingstate_communityforumthread" parentSchemaName="adx_communityforumthread" parentDisplayName="Forum Thread" />
      </MissingDependency>
      <MissingDependency>
        <Required key="44" type="2" schemaName="adx_name" displayName="Name" parentSchemaName="adx_publishingstate" parentDisplayName="Publishing State" solution="MicrosoftCrmPortalBase (8.2.0001)" />
        <Dependent key="25" type="10" schemaName="adx_publishingstate_communityforumpost" displayName="adx_publishingstate_communityforumpost" parentSchemaName="adx_communityforumpost" parentDisplayName="Forum Post" />
      </MissingDependency>
      <MissingDependency>
        <Required key="44" type="2" schemaName="adx_name" displayName="Name" parentSchemaName="adx_publishingstate" parentDisplayName="Publishing State" solution="MicrosoftCrmPortalBase (8.2.0001)" />
        <Dependent key="27" type="10" schemaName="adx_publishingstate_communityforum" displayName="adx_publishingstate_communityforum" parentSchemaName="adx_communityforum" parentDisplayName="Forum" />
      </MissingDependency>
      <MissingDependency>
        <Required key="45" type="2" schemaName="adx_name" displayName="Name" parentSchemaName="adx_webpage" parentDisplayName="Web Page" solution="MicrosoftCrmPortalDependencies (8.1.0007)" />
        <Dependent key="10" type="10" schemaName="adx_webpage_forumnotification" displayName="adx_webpage_forumnotification" parentSchemaName="adx_forumnotification" parentDisplayName="Forum Notification" />
      </MissingDependency>
      <MissingDependency>
        <Required key="45" type="2" schemaName="adx_name" displayName="Name" parentSchemaName="adx_webpage" parentDisplayName="Web Page" solution="MicrosoftCrmPortalDependencies (8.1.0007)" />
        <Dependent key="9" type="10" schemaName="adx_webpage_communityforum" displayName="adx_webpage_communityforum" parentSchemaName="adx_communityforum" parentDisplayName="Forum" />
      </MissingDependency>
      <MissingDependency>
        <Required key="46" type="2" schemaName="adx_websitelanguageid" displayName="Website Language" parentSchemaName="adx_websitelanguage" parentDisplayName="Website Language" solution="MicrosoftCrmPortalBase (8.2.0001)" />
        <Dependent key="6" type="10" schemaName="adx_websitelanguage_communityforum" displayName="adx_websitelanguage_communityforum" parentSchemaName="adx_communityforum" parentDisplayName="Forum" />
      </MissingDependency>
      <MissingDependency>
        <Required key="47" type="2" schemaName="adx_name" displayName="Name" parentSchemaName="adx_website" parentDisplayName="Website" solution="MicrosoftCrmPortalDependencies (8.1.0007)" />
        <Dependent key="21" type="10" schemaName="adx_website_communityforum" displayName="adx_website_communityforum" parentSchemaName="adx_communityforum" parentDisplayName="Forum" />
      </MissingDependency>
      <MissingDependency>
        <Required key="47" type="2" schemaName="adx_name" displayName="Name" parentSchemaName="adx_website" parentDisplayName="Website" solution="MicrosoftCrmPortalDependencies (8.1.0007)" />
        <Dependent key="18" type="10" schemaName="adx_website_forumnotification" displayName="adx_website_forumnotification" parentSchemaName="adx_forumnotification" parentDisplayName="Forum Notification" />
      </MissingDependency>
      <MissingDependency>
        <Required key="47" type="2" schemaName="adx_name" displayName="Name" parentSchemaName="adx_website" parentDisplayName="Website" solution="MicrosoftCrmPortalDependencies (8.1.0007)" />
        <Dependent key="20" type="10" schemaName="adx_website_forumthreadtype" displayName="adx_website_forumthreadtype" parentSchemaName="adx_forumthreadtype" parentDisplayName="Forum Thread Type" />
      </MissingDependency>
      <MissingDependency>
        <Required key="48" type="10" schemaName="adx_website_publishingstate" displayName="adx_website_publishingstate" parentSchemaName="adx_publishingstate" parentDisplayName="Publishing State" solution="MicrosoftCrmPortalBase (8.2.0001)" />
        <Dependent key="19" type="60" displayName="Information" parentDisplayName="Forum" id="{b3aa8ee3-42a4-4983-bc25-fde77738edb0}" />
      </MissingDependency>
      <MissingDependency>
        <Required key="49" type="10" schemaName="adx_website_webpage" displayName="adx_website_webpage" parentSchemaName="adx_webpage" parentDisplayName="Web Page" solution="MicrosoftCrmPortalDependencies (8.1.0007)" />
        <Dependent key="19" type="60" displayName="Information" parentDisplayName="Forum" id="{b3aa8ee3-42a4-4983-bc25-fde77738edb0}" />
      </MissingDependency>
      <MissingDependency>
        <Required key="50" type="10" schemaName="adx_website_pagetemplate" displayName="adx_website_pagetemplate" parentSchemaName="adx_pagetemplate" parentDisplayName="Page Template" solution="MicrosoftCrmPortalDependencies (8.1.0007)" />
        <Dependent key="19" type="60" displayName="Information" parentDisplayName="Forum" id="{b3aa8ee3-42a4-4983-bc25-fde77738edb0}" />
      </MissingDependency>
      <MissingDependency>
        <Required key="34" type="1" schemaName="adx_webrole" displayName="Web Role" solution="MicrosoftCrmPortalDependencies (8.1.0007)" />
        <Dependent key="51" type="10" schemaName="adx_communityforumaccesspermission_webrole" displayName="adx_communityforumaccesspermission_webrole" parentSchemaName="adx_communityforumaccesspermission" parentDisplayName="Forum Access Permission" />
      </MissingDependency>
      <MissingDependency>
        <Required key="0" type="1" schemaName="adx_shortcut" displayName="Shortcut" solution="MicrosoftCrmPortalBase (8.2.0001)" />
        <Dependent key="52" type="10" schemaName="adx_communityforum_shortcut" displayName="adx_communityforum_shortcut" parentSchemaName="adx_shortcut" parentDisplayName="Shortcut" />
      </MissingDependency>
      <MissingDependency>
        <Required key="15" type="1" schemaName="adx_pagetemplate" displayName="Page Template" solution="MicrosoftCrmPortalDependencies (8.1.0007)" />
        <Dependent key="41" type="10" schemaName="adx_forumpagetemplate_communityforum" displayName="adx_forumpagetemplate_communityforum" parentSchemaName="adx_communityforum" parentDisplayName="Forum" />
      </MissingDependency>
      <MissingDependency>
        <Required key="53" type="1" schemaName="adx_tag" displayName="Tag" solution="MicrosoftCrmPortalBase (8.2.0001)" />
        <Dependent key="54" type="10" schemaName="adx_communityforumthread_tag" displayName="adx_communityforumthread_tag" parentSchemaName="adx_communityforumthread" parentDisplayName="Forum Thread" />
      </MissingDependency>
      <MissingDependency>
        <Required key="55" type="26" schemaName="Publishing State Lookup View" displayName="Publishing State Lookup View" parentSchemaName="adx_publishingstate" parentDisplayName="Publishing State" solution="MicrosoftCrmPortalBase (8.2.0001)" id="{c0fc9644-2a90-43cb-93ba-7e06dd4b9641}" />
        <Dependent key="19" type="60" displayName="Information" parentDisplayName="Forum" id="{b3aa8ee3-42a4-4983-bc25-fde77738edb0}" />
      </MissingDependency>
      <MissingDependency>
        <Required key="56" type="26" schemaName="Inactive WebPages" displayName="Inactive WebPages" parentSchemaName="adx_webpage" parentDisplayName="Web Page" solution="MicrosoftCrmPortalDependencies (8.1.0007)" id="{aab2f4bb-7813-46b2-9891-4c050325962b}" />
        <Dependent key="19" type="60" displayName="Information" parentDisplayName="Forum" id="{b3aa8ee3-42a4-4983-bc25-fde77738edb0}" />
      </MissingDependency>
      <MissingDependency>
        <Required key="57" type="26" schemaName="Page Template Lookup View" displayName="Page Template Lookup View" parentSchemaName="adx_pagetemplate" parentDisplayName="Page Template" solution="MicrosoftCrmPortalDependencies (8.1.0007)" id="{a90e04f7-39cc-40f5-88d6-c4c756c1083c}" />
        <Dependent key="19" type="60" displayName="Information" parentDisplayName="Forum" id="{b3aa8ee3-42a4-4983-bc25-fde77738edb0}" />
      </MissingDependency>
      <MissingDependency>
        <Required key="59" type="26" schemaName="Active WebPages" displayName="Active WebPages" parentSchemaName="adx_webpage" parentDisplayName="Web Page" solution="MicrosoftCrmPortalDependencies (8.1.0007)" id="{ebc6fc95-4c19-44e0-8ba5-cb188ddf8a14}" />
        <Dependent key="19" type="60" displayName="Information" parentDisplayName="Forum" id="{b3aa8ee3-42a4-4983-bc25-fde77738edb0}" />
      </MissingDependency>
      <MissingDependency>
        <Required key="60" type="26" schemaName="Website Language Lookup View" displayName="Website Language Lookup View" parentSchemaName="adx_websitelanguage" parentDisplayName="Website Language" solution="MicrosoftCrmPortalBase (8.2.0001)" id="{8f1824b8-9500-448e-9377-ab993254bb9a}" />
        <Dependent key="19" type="60" displayName="Information" parentDisplayName="Forum" id="{b3aa8ee3-42a4-4983-bc25-fde77738edb0}" />
      </MissingDependency>
      <MissingDependency>
        <Required key="61" type="26" schemaName="Web Page Lookup View" displayName="Web Page Lookup View" parentSchemaName="adx_webpage" parentDisplayName="Web Page" solution="MicrosoftCrmPortalDependencies (8.1.0007)" id="{d40f1c4b-2b80-4d7d-8ed1-d5817562ab54}" />
        <Dependent key="19" type="60" displayName="Information" parentDisplayName="Forum" id="{b3aa8ee3-42a4-4983-bc25-fde77738edb0}" />
      </MissingDependency>
      <MissingDependency>
        <Required key="62" type="26" schemaName="Active Web Roles" displayName="Active Web Roles" parentSchemaName="adx_webrole" parentDisplayName="Web Role" solution="MicrosoftCrmPortalDependencies (8.1.0007)" id="{8a3aad5d-06ee-40ad-a1ba-000c521a8f83}" />
        <Dependent key="35" type="60" displayName="Information" parentDisplayName="Forum Access Permission" id="{69616887-89b2-421c-a369-666319ac7404}" />
      </MissingDependency>
      <MissingDependency>
        <Required key="63" type="61" schemaName="msa_icon_nav_portals_32.png" displayName="msa_icon_nav_portals_32.png" solution="MicrosoftCrmPortalDependencies (8.1.0007)" />
        <Dependent key="2" type="62" id="{2405795e-8c52-e611-80d3-00155db8927d}" />
      </MissingDependency>
      <MissingDependency>
        <Required key="64" type="61" schemaName="adx_shortcut_small" displayName="adx_shortcut_small" solution="MicrosoftCrmPortalBase (8.2.0001)" />
        <Dependent key="0" type="1" schemaName="adx_shortcut" displayName="Shortcut" />
      </MissingDependency>
      <MissingDependency>
        <Required key="65" type="61" schemaName="adx_ckeditor/adx.ckeditor.html" displayName="adx_ckeditor/adx.ckeditor.html" solution="MicrosoftCrmPortalBase (8.2.0001)" />
        <Dependent key="66" type="60" displayName="Information" parentDisplayName="Forum Announcement" id="{454e8ad6-0eef-4992-8bab-1f91a9deb732}" />
      </MissingDependency>
      <MissingDependency>
        <Required key="65" type="61" schemaName="adx_ckeditor/adx.ckeditor.html" displayName="adx_ckeditor/adx.ckeditor.html" solution="MicrosoftCrmPortalBase (8.2.0001)" />
        <Dependent key="67" type="60" displayName="Information" parentDisplayName="Forum Post" id="{b3c685ab-4609-43b1-aeef-86f80f9649b3}" />
      </MissingDependency>
      <MissingDependency>
        <Required key="68" type="61" schemaName="adx_shortcut_medium" displayName="adx_shortcut_medium" solution="MicrosoftCrmPortalBase (8.2.0001)" />
        <Dependent key="0" type="1" schemaName="adx_shortcut" displayName="Shortcut" />
      </MissingDependency>
    </MissingDependencies>
  </SolutionManifest>
</ImportExportXml>