﻿<?xml version="1.0" encoding="utf-8"?>
<ImportExportXml version="8.1.0000.0122" SolutionPackageVersion="8.1" languagecode="1033" generatedBy="OnPremise" xmlns:xsi="http://www.w3.org/2001/XMLSchema-instance">
  <SolutionManifest>
    <UniqueName>MicrosoftBadges</UniqueName>
    <LocalizedNames>
      <LocalizedName description="Dynamics 365 Portals - Community Badges" languagecode="1033" />
      <LocalizedName description="Портали на Dynamics 365 – Значки на общността" languagecode="1026" />
      <LocalizedName description="Portals del Dynamics 365: distintius de la comunitat" languagecode="1027" />
      <LocalizedName description="Portály Dynamics 365 – Komunitní odznáčky" languagecode="1029" />
      <LocalizedName description="Dynamics 365-portaler - Community badges" languagecode="1030" />
      <LocalizedName description="Dynamics 365-Portale – Badges der Community" languagecode="1031" />
      <LocalizedName description="Πύλες Dynamics 365 - Σήματα κοινότητας" languagecode="1032" />
      <LocalizedName description="Portales de Dynamics 365: distintivos de la comunidad" languagecode="3082" />
      <LocalizedName description="Dynamics 365 portaalid – kogukonnamärgid" languagecode="1061" />
      <LocalizedName description="Dynamics 365 Atariak: komunitateko bereizgarriak" languagecode="1069" />
      <LocalizedName description="Dynamics 365 -portaalit – yhteisötunnukset" languagecode="1035" />
      <LocalizedName description="Portails Dynamics 365 - Badges communautaires" languagecode="1036" />
      <LocalizedName description="Portais de Dynamics 365: Distintivos da comunidade" languagecode="1110" />
      <LocalizedName description="Dynamics 365 पोर्टल - समुदाय बैज" languagecode="1081" />
      <LocalizedName description="Portali sustava Dynamics 365 – Značke zajednice" languagecode="1050" />
      <LocalizedName description="Dynamics 365 portálok – közösségi jelvények" languagecode="1038" />
      <LocalizedName description="Portal Dynamics 365 - Lencana Komunitas" languagecode="1057" />
      <LocalizedName description="Portali di Dynamics 365 - Badge della community" languagecode="1040" />
      <LocalizedName description="Dynamics 365 ポータル - コミュニティ バッジ" languagecode="1041" />
      <LocalizedName description="Dynamics 365 порталдары - Қауымдастық белгілері" languagecode="1087" />
      <LocalizedName description="Dynamics 365 포털 - 커뮤니티 배지" languagecode="1042" />
      <LocalizedName description="„Dynamics 365”portalai – bendruomenės įvykių ženkleliai" languagecode="1063" />
      <LocalizedName description="Dynamics 365 portāli — Kopienas žetoni" languagecode="1062" />
      <LocalizedName description="Portal Dynamics 365 - Lencana Komuniti" languagecode="1086" />
      <LocalizedName description="Dynamics 365-portaler – fellesskapskort" languagecode="1044" />
      <LocalizedName description="Dynamics 365-portals - Communitybadges" languagecode="1043" />
      <LocalizedName description="Portale usługi Dynamics 365 — znaczki społeczności" languagecode="1045" />
      <LocalizedName description="Portais do Dynamics 365 - Selos da Comunidade" languagecode="1046" />
      <LocalizedName description="Dynamics 365 Portais - Distintivos da Comunidade" languagecode="2070" />
      <LocalizedName description="Portaluri Dynamics 365 - Ecusoane de comunitate" languagecode="1048" />
      <LocalizedName description="Порталы Dynamics 365 — эмблемы сообществ" languagecode="1049" />
      <LocalizedName description="Portály systému Dynamics 365 – štítky komunity" languagecode="1051" />
      <LocalizedName description="Portali storitve Dynamics 365 – značke skupnosti" languagecode="1060" />
      <LocalizedName description="Dynamics 365 портали – Беџеви заједнице" languagecode="3098" />
      <LocalizedName description="Dynamics 365 портали – Беџеви заједнице" languagecode="10266" />
      <LocalizedName description="Dynamics 365 portali – Bedževi zajednice" languagecode="2074" />
      <LocalizedName description="Dynamics 365 portali – Bedževi zajednice" languagecode="9242" />
      <LocalizedName description="Dynamics 365-portaler – community-namnbrickor" languagecode="1053" />
      <LocalizedName description="พอร์ทัล Dynamics 365 - แบดจ์ชุมชน" languagecode="1054" />
      <LocalizedName description="Dynamics 365 Portalları - Topluluk Rozetleri" languagecode="1055" />
      <LocalizedName description="Портали Dynamics 365 – значки спільноти" languagecode="1058" />
      <LocalizedName description="Cổng thông tin Dynamics 365 - Huy hiệu Cộng đồng" languagecode="1066" />
      <LocalizedName description="Dynamics 365 门户 - 社区徽章" languagecode="2052" />
      <LocalizedName description="Dynamics 365 入口網站 - 社群徽章" languagecode="3076" />
      <LocalizedName description="Dynamics 365 入口網站 - 社群徽章" languagecode="1028" />
    </LocalizedNames>
    <Descriptions>
      <Description description="Extends portals with badges displayed with user name on forum posts." languagecode="1033" />
      <Description description="Разширява възможностите на порталите с опция за показване на значки с потребителското име при публикации във форумите." languagecode="1026" />
      <Description description="Amplia els portals amb distintius que mostren el nom d'usuari a les entrades del fòrum." languagecode="1027" />
      <Description description="Rozšiřuje portály o odznáčky, které se zobrazují s uživatelským jménem u příspěvků ve fórech." languagecode="1029" />
      <Description description="Udvider portaler med badges, der vises sammen med brugernavnet i forumopslag." languagecode="1030" />
      <Description description="Erweitert die Portale um Markierungen, die mit dem Benutzernamen bei Forumsbeiträgen angezeigt werden." languagecode="1031" />
      <Description description="Επεκτείνει πύλες με κάρτες που εμφανίζονται με το όνομα χρήστη στις καταχωρήσεις του φόρουμ." languagecode="1032" />
      <Description description="Amplía los portales con distintivos junto al nombre de usuario en las entradas de foro." languagecode="3082" />
      <Description description="Täiendab portaale märkidega, mis kuvatakse koos kasutajanimega foorumipostituste juures." languagecode="1061" />
      <Description description="Atariak hedatzen ditu foro-mezuetan erabiltzaile-izenarekin batera bistaratzen diren bereizgarriei esker." languagecode="1069" />
      <Description description="Laajentaa portaalit tunnuksilla, jotka näytetään keskustelupalstan viesteissä käyttäjänimen yhteydessä." languagecode="1035" />
      <Description description="Étend les portails grâce à des badges affichés avec le nom de l'utilisateur sur les publications des forums." languagecode="1036" />
      <Description description="Amplía as funcionalidades dos portais con distintivos que se mostran co nome de usuario nas mensaxes dos foros." languagecode="1110" />
      <Description description="फ़ोरम पोस्ट पर उपयोगकर्ता नाम के साथ प्रदर्शित किए गए बैज़ के साथ पोर्टल को विस्तृत करता है." languagecode="1081" />
      <Description description="Proširuje portale značkama prikazanim uz korisničko ime u objavama na forumu." languagecode="1050" />
      <Description description="A portálok szolgáltatásait jelvényekkel egészíti ki, melyek a felhasználónévvel együtt jelennek meg a fórumbejegyzésekben." languagecode="1038" />
      <Description description="Memperluas portal dengan lencana ditampilkan beserta nama pengguna pada posting forum." languagecode="1057" />
      <Description description="Amplia i portali con badge visualizzati con il nome utente sui post del forum." languagecode="1040" />
      <Description description="フォーラムの投稿にバッジとユーザー名を表示してポータルを拡張します。" languagecode="1041" />
      <Description description="Пайдаланушы атымен форум хабарларында көрсетілген белгілері бар порталдарды кеңейтеді." languagecode="1087" />
      <Description description="포럼 게시물에 사용자 이름과 함께 표시된 배지로 포털을 확장합니다." languagecode="1042" />
      <Description description="Išplečiamos portalų galimybės: forumo skelbimuose šalia vartotojų vardų naudojami įvykių ženkleliai." languagecode="1063" />
      <Description description="Paplašina portālu iespējas, pievienojot žetonus, kas kopā ar lietotājvārdu tiek rādīti pie ierakstiem forumā." languagecode="1062" />
      <Description description="Lanjutkan portal dengan lencana yang dipaparkan dengan nama pengguna pada siaran forum." languagecode="1086" />
      <Description description="Utvider portaler med kort som vises med brukernavnet i foruminnlegg." languagecode="1044" />
      <Description description="Breidt portals uit met badges die met de gebruikersnaam worden weergegeven in forumberichten." languagecode="1043" />
      <Description description="Rozszerza możliwości portali o wskaźniki wyświetlane wraz z nazwą użytkownika we wpisach na forum." languagecode="1045" />
      <Description description="Amplia os portais com selos exibidos com o nome do usuário em postagens em fóruns." languagecode="1046" />
      <Description description="Expande os portais apresentando distintivos com o nome de utilizador em publicações em fóruns." languagecode="2070" />
      <Description description="Extinde portalurile cu ecusoanele afișate cu numele de utilizator în postările de pe forum." languagecode="1048" />
      <Description description="Расширяет возможности порталов благодаря эмблемам, которые отображаются вместе с именем пользователя в публикациях на форумах." languagecode="1049" />
      <Description description="Rozširuje portály o štítky zobrazované s menom používateľa v príspevkoch vo fórach." languagecode="1051" />
      <Description description="Razširi portale z značkami, ki so prikazane ob uporabniškem imenu pri objavah v forumu." languagecode="1060" />
      <Description description="Проширује портале са беџевима који се приказују са корисничким именом у порукама на форуму." languagecode="3098" />
      <Description description="Проширује портале са беџевима који се приказују са корисничким именом у порукама на форуму." languagecode="10266" />
      <Description description="Proširuje portale sa bedževima koji se prikazuju sa korisničkim imenom u porukama na forumu." languagecode="2074" />
      <Description description="Proširuje portale sa bedževima koji se prikazuju sa korisničkim imenom u porukama na forumu." languagecode="9242" />
      <Description description="Utökar portaler med namnbrickor som visas med användarnamnet i foruminlägg." languagecode="1053" />
      <Description description="ขยายประสิทธิภาพพอร์ทัลด้วยแบดจ์ที่จะแสดงพร้อมกับชื่อผู้ใช้บนโพสต์ในฟอรั่ม" languagecode="1054" />
      <Description description="Portalları forum iletilerinde kullanıcı adıyla görüntülenen rozetlerle genişletir." languagecode="1055" />
      <Description description="Розширює можливості порталів значками, що відображаються разом з ім’ям користувача в повідомленнях на форумі." languagecode="1058" />
      <Description description="Mở rộng cổng thông tin bằng huy hiệu được hiển thị với tên người dùng ở bài đăng trên diễn đàn." languagecode="1066" />
      <Description description="展开门户，且在论坛帖子中显示徽章和用户名。" languagecode="2052" />
      <Description description="使用與使用者名稱一起在論壇文章上顯示的徽章，藉以擴充入口網站。" languagecode="3076" />
      <Description description="使用與使用者名稱一起在論壇文章上顯示的徽章，藉以擴充入口網站。" languagecode="1028" />
    </Descriptions>
    <Version>8.1.0002</Version>
    <Managed>1</Managed>
    <Publisher>
      <UniqueName>adxstudio</UniqueName>
      <LocalizedNames>
        <LocalizedName description="Microsoft" languagecode="1033" />
        <LocalizedName description="Microsoft" languagecode="1026" />
        <LocalizedName description="Microsoft" languagecode="1027" />
        <LocalizedName description="Microsoft" languagecode="1029" />
        <LocalizedName description="Microsoft" languagecode="1030" />
        <LocalizedName description="Microsoft" languagecode="1031" />
        <LocalizedName description="Microsoft" languagecode="1032" />
        <LocalizedName description="Microsoft" languagecode="3082" />
        <LocalizedName description="Microsoft" languagecode="1061" />
        <LocalizedName description="Microsoft" languagecode="1069" />
        <LocalizedName description="Microsoft" languagecode="1035" />
        <LocalizedName description="Microsoft" languagecode="1036" />
        <LocalizedName description="Microsoft" languagecode="1110" />
        <LocalizedName description="Microsoft" languagecode="1081" />
        <LocalizedName description="Microsoft" languagecode="1050" />
        <LocalizedName description="Microsoft" languagecode="1038" />
        <LocalizedName description="Microsoft" languagecode="1057" />
        <LocalizedName description="Microsoft" languagecode="1040" />
        <LocalizedName description="Microsoft" languagecode="1041" />
        <LocalizedName description="Microsoft" languagecode="1087" />
        <LocalizedName description="Microsoft" languagecode="1042" />
        <LocalizedName description="„Microsoft“" languagecode="1063" />
        <LocalizedName description="Microsoft" languagecode="1062" />
        <LocalizedName description="Microsoft" languagecode="1086" />
        <LocalizedName description="Microsoft" languagecode="1044" />
        <LocalizedName description="Microsoft" languagecode="1043" />
        <LocalizedName description="Microsoft" languagecode="1045" />
        <LocalizedName description="Microsoft" languagecode="1046" />
        <LocalizedName description="Microsoft" languagecode="2070" />
        <LocalizedName description="Microsoft" languagecode="1048" />
        <LocalizedName description="Корпорация Майкрософт" languagecode="1049" />
        <LocalizedName description="Microsoft" languagecode="1051" />
        <LocalizedName description="Microsoft" languagecode="1060" />
        <LocalizedName description="Microsoft" languagecode="3098" />
        <LocalizedName description="Microsoft" languagecode="10266" />
        <LocalizedName description="Microsoft" languagecode="2074" />
        <LocalizedName description="Microsoft" languagecode="9242" />
        <LocalizedName description="Microsoft" languagecode="1053" />
        <LocalizedName description="Microsoft" languagecode="1054" />
        <LocalizedName description="Microsoft" languagecode="1055" />
        <LocalizedName description="Microsoft" languagecode="1058" />
        <LocalizedName description="Microsoft" languagecode="1066" />
        <LocalizedName description="Microsoft" languagecode="2052" />
        <LocalizedName description="Microsoft" languagecode="3076" />
        <LocalizedName description="Microsoft" languagecode="1028" />
      </LocalizedNames>
      <Descriptions />
      <EMailAddress>support@adxstudio.com</EMailAddress>
      <SupportingWebsiteUrl>http://www.adxstudio.com</SupportingWebsiteUrl>
      <CustomizationPrefix>adx</CustomizationPrefix>
      <CustomizationOptionValuePrefix>10000</CustomizationOptionValuePrefix>
      <Addresses>
        <Address>
          <AddressNumber>1</AddressNumber>
          <AddressTypeCode>1</AddressTypeCode>
          <City xsi:nil="true"></City>
          <County xsi:nil="true"></County>
          <Country xsi:nil="true"></Country>
          <Fax xsi:nil="true"></Fax>
          <FreightTermsCode xsi:nil="true"></FreightTermsCode>
          <ImportSequenceNumber xsi:nil="true"></ImportSequenceNumber>
          <Latitude xsi:nil="true"></Latitude>
          <Line1 xsi:nil="true"></Line1>
          <Line2 xsi:nil="true"></Line2>
          <Line3 xsi:nil="true"></Line3>
          <Longitude xsi:nil="true"></Longitude>
          <Name xsi:nil="true"></Name>
          <PostalCode xsi:nil="true"></PostalCode>
          <PostOfficeBox xsi:nil="true"></PostOfficeBox>
          <PrimaryContactName xsi:nil="true"></PrimaryContactName>
          <ShippingMethodCode>1</ShippingMethodCode>
          <StateOrProvince xsi:nil="true"></StateOrProvince>
          <Telephone1 xsi:nil="true"></Telephone1>
          <Telephone2 xsi:nil="true"></Telephone2>
          <Telephone3 xsi:nil="true"></Telephone3>
          <TimeZoneRuleVersionNumber xsi:nil="true"></TimeZoneRuleVersionNumber>
          <UPSZone xsi:nil="true"></UPSZone>
          <UTCOffset xsi:nil="true"></UTCOffset>
          <UTCConversionTimeZoneCode xsi:nil="true"></UTCConversionTimeZoneCode>
        </Address>
        <Address>
          <AddressNumber>2</AddressNumber>
          <AddressTypeCode>1</AddressTypeCode>
          <City xsi:nil="true"></City>
          <County xsi:nil="true"></County>
          <Country xsi:nil="true"></Country>
          <Fax xsi:nil="true"></Fax>
          <FreightTermsCode xsi:nil="true"></FreightTermsCode>
          <ImportSequenceNumber xsi:nil="true"></ImportSequenceNumber>
          <Latitude xsi:nil="true"></Latitude>
          <Line1 xsi:nil="true"></Line1>
          <Line2 xsi:nil="true"></Line2>
          <Line3 xsi:nil="true"></Line3>
          <Longitude xsi:nil="true"></Longitude>
          <Name xsi:nil="true"></Name>
          <PostalCode xsi:nil="true"></PostalCode>
          <PostOfficeBox xsi:nil="true"></PostOfficeBox>
          <PrimaryContactName xsi:nil="true"></PrimaryContactName>
          <ShippingMethodCode>1</ShippingMethodCode>
          <StateOrProvince xsi:nil="true"></StateOrProvince>
          <Telephone1 xsi:nil="true"></Telephone1>
          <Telephone2 xsi:nil="true"></Telephone2>
          <Telephone3 xsi:nil="true"></Telephone3>
          <TimeZoneRuleVersionNumber xsi:nil="true"></TimeZoneRuleVersionNumber>
          <UPSZone xsi:nil="true"></UPSZone>
          <UTCOffset xsi:nil="true"></UTCOffset>
          <UTCConversionTimeZoneCode xsi:nil="true"></UTCConversionTimeZoneCode>
        </Address>
      </Addresses>
    </Publisher>
    <RootComponents>
      <RootComponent type="1" schemaName="adx_badge" behavior="0" />
      <RootComponent type="1" schemaName="adx_badgetype" behavior="0" />
    </RootComponents>
    <MissingDependencies />
  </SolutionManifest>
</ImportExportXml>