﻿<?xml version="1.0" encoding="utf-8"?>
<ImportExportXml xmlns:xsi="http://www.w3.org/2001/XMLSchema-instance">
  <Entities />
  <Roles />
  <Workflows />
  <FieldSecurityProfiles />
  <Templates />
  <EntityMaps />
  <EntityRelationships />
  <OrganizationSettings />
  <optionsets />
  <SolutionPluginAssemblies>
    <PluginAssembly FullName="Adxstudio.Xrm.Workflow.GetRecordIdHelper, Version=1.0.0.0, Culture=neutral, PublicKeyToken=c3f7c100072097e5" CustomizationLevel="1">
      <IsolationMode>2</IsolationMode>
      <SourceType>0</SourceType>
      <IntroducedVersion>1.0</IntroducedVersion>
      <FileName>/PluginAssemblies/AdxstudioXrmWorkflowGetRecordIdHelper-532D2108-4880-4B16-8F31-D8167F70EA74/AdxstudioXrmWorkflowGetRecordIdHelper.dll</FileName>
      <PluginTypes>
        <PluginType AssemblyQualifiedName="Adxstudio.Xrm.Workflow.GetRecordIdHelper.GetRecordId, Adxstudio.Xrm.Workflow.GetRecordIdHelper, Version=1.0.0.0, Culture=neutral, PublicKeyToken=c3f7c100072097e5" Name="Get Record ID">
          <FriendlyName>8d6044d1-a0ea-4a2d-808d-8405c47ce012</FriendlyName>
          <WorkflowActivityGroupName>Adxstudio Workflow Helpers</WorkflowActivityGroupName>
        </PluginType>
        <PluginType AssemblyQualifiedName="Adxstudio.Xrm.Workflow.GetRecordIdHelper.GetRecordIdFromUrl, Adxstudio.Xrm.Workflow.GetRecordIdHelper, Version=1.0.0.0, Culture=neutral, PublicKeyToken=c3f7c100072097e5" Name="Get Record ID From URL">
          <FriendlyName>4fd101e0-51fa-4e8e-9740-8f1585611c9d</FriendlyName>
          <WorkflowActivityGroupName>Adxstudio Workflow Helpers</WorkflowActivityGroupName>
        </PluginType>
      </PluginTypes>
    </PluginAssembly>
  </SolutionPluginAssemblies>
  <Languages>
    <Language>1033</Language>
  </Languages>
</ImportExportXml>