﻿<?xml version="1.0" encoding="utf-8"?>
<ImportExportXml version="8.1.0000.0122" SolutionPackageVersion="8.1" languagecode="1033" generatedBy="OnPremise" xmlns:xsi="http://www.w3.org/2001/XMLSchema-instance">
  <SolutionManifest>
    <UniqueName>MicrosoftGetRecordIDWorkflowHelper</UniqueName>
    <LocalizedNames>
      <LocalizedName description="Dynamics 365 Portals - Get Record ID Workflow Helper" languagecode="1033" />
      <LocalizedName description="Портали на Dynamics 365 – Помощник за работен поток за получаване на ИД на запис" languagecode="1026" />
      <LocalizedName description="Portals del Dynamics 365: ajuda del flux de treball per obtenir l'identificador de registre" languagecode="1027" />
      <LocalizedName description="Portály Dynamics 365 – Pomocník pracovního postupu pro získání ID záznamu" languagecode="1029" />
      <LocalizedName description="Dynamics 365-portaler - GetRecordID-hjælpefunktion til arbejdsprocesser" languagecode="1030" />
      <LocalizedName description="Dynamics 365-Portale – Workflowhelfer zum Abfragen der Datensatz-ID" languagecode="1031" />
      <LocalizedName description="Πύλες Dynamics 365 - Βοηθός ροής εργασίας λήψης αναγνωριστικού καρτέλας" languagecode="1032" />
      <LocalizedName description="Portales de Dynamics 365: aplicación auxiliar del flujo de trabajo para obtener el id. de registro" languagecode="3082" />
      <LocalizedName description="Dynamics 365 portaalid – kirje ID hankimise töövoo spikker" languagecode="1061" />
      <LocalizedName description="Dynamics 365 Atariak: erregistroaren IDa lortzeko lan-fluxuaren laguntzailea" languagecode="1069" />
      <LocalizedName description="Dynamics 365 -portaalit – tietuetunnuksen hakutyökulun apuosa" languagecode="1035" />
      <LocalizedName description="Portails Dynamics 365 - Assistant de workflow Récupérer ID d'enregistrement" languagecode="1036" />
      <LocalizedName description="Portais de Dynamics 365: Asistente do fluxo de traballo para obter o ID de rexistro" languagecode="1110" />
      <LocalizedName description="Dynamics 365 पोर्टल - रिकॉर्ड ID कार्यप्रवाह सहायक प्राप्त करें" languagecode="1081" />
      <LocalizedName description="Portali sustava Dynamics 365 – Preuzmite pomoćnik za tijek rada za dohvaćanje ID-a zapisa" languagecode="1050" />
      <LocalizedName description="Dynamics 365 portálok – rekordazonosító-lekérdezési munkafolyamat segédje" languagecode="1038" />
      <LocalizedName description="Portal Dynamics 365 - Dapatkan Bantuan Alur Kerja ID Data" languagecode="1057" />
      <LocalizedName description="Portali di Dynamics 365 - Ottieni helper flusso di lavoro ID record" languagecode="1040" />
      <LocalizedName description="Dynamics 365 ポータル - レコード ID 取得ワークフロー ヘルパー" languagecode="1041" />
      <LocalizedName description="Dynamics 365 порталдары - Жазба ИД алу жұмыс ағынының көмекшісі" languagecode="1087" />
      <LocalizedName description="Dynamics 365 포털 - 레코드 ID 가져오기 워크플로 도우미" languagecode="1042" />
      <LocalizedName description="„Dynamics 365” portalai – gavimo įrašo ID darbo eigos pagalbinė priemonė" languagecode="1063" />
      <LocalizedName description="Dynamics 365 portāli — Ieraksta ID iegūšanas darbplūsmas palīgs" languagecode="1062" />
      <LocalizedName description="Portal Dynamics 365 - Dapatkan Pembantu Aliran Kerja ID Rekod" languagecode="1086" />
      <LocalizedName description="Dynamics 365-portaler – arbeidsflythjelper for å hente oppførings-ID" languagecode="1044" />
      <LocalizedName description="Dynamics 365-portals - Hulpfunctie voor werkstroom Record-id ophalen" languagecode="1043" />
      <LocalizedName description="Portale usługi Dynamics 365 — pomocnik przepływu pracy pobierania identyfikatorów rekordów" languagecode="1045" />
      <LocalizedName description="Portais do Dynamics 365 - Auxiliar de Fluxo de Trabalho de Obtenção de ID de Registro" languagecode="1046" />
      <LocalizedName description="Dynamics 365 Portais - Programa Auxiliar do Fluxo de Trabalho de Obtenção de ID do Registo" languagecode="2070" />
      <LocalizedName description="Portaluri Dynamics 365 - Ajutor pentru fluxul de lucru Obținere ID înregistrare" languagecode="1048" />
      <LocalizedName description="Порталы Dynamics 365 — вспомогательная функция бизнес-процесса получения идентификаторов записей" languagecode="1049" />
      <LocalizedName description="Portály systému Dynamics 365 – pomocný objekt pracovného postupu získania ID záznamu" languagecode="1051" />
      <LocalizedName description="Portali storitve Dynamics 365 – pomočnik poteka dela za pridobivanje ID-ja zapisa" languagecode="1060" />
      <LocalizedName description="Dynamics 365 портали – Помоћник тока посла за добијање ID-а записа" languagecode="3098" />
      <LocalizedName description="Dynamics 365 портали – Помоћник тока посла за добијање ID-а записа" languagecode="10266" />
      <LocalizedName description="Dynamics 365 portali – Pomoćnik toka posla za dobijanje ID-a zapisa" languagecode="2074" />
      <LocalizedName description="Dynamics 365 portali – Pomoćnik toka posla za dobijanje ID-a zapisa" languagecode="9242" />
      <LocalizedName description="Dynamics 365-portaler – arbetsflödeshjälp – hämta post-ID" languagecode="1053" />
      <LocalizedName description="พอร์ทัล Dynamics 365 - ตัวช่วยเวิร์กโฟลว์การเรียกรหัสเรกคอร์ด" languagecode="1054" />
      <LocalizedName description="Dynamics 365 Portalları - Kayıt Kimliğini Alma İş Akışı Yardımcısı" languagecode="1055" />
      <LocalizedName description="Портали Dynamics 365 – Get Record ID Workflow Helper" languagecode="1058" />
      <LocalizedName description="Cổng thông tin Dynamics 365 - Phần trợ giúp Nhận ID Bản ghi trong Quy trình làm việc" languagecode="1066" />
      <LocalizedName description="Dynamics 365 门户 - 获取记录 ID 工作流助手" languagecode="2052" />
      <LocalizedName description="Dynamics 365 入口網站 - 取得記錄識別碼工作流程協助程式" languagecode="3076" />
      <LocalizedName description="Dynamics 365 入口網站 - 取得記錄識別碼工作流程協助程式" languagecode="1028" />
    </LocalizedNames>
    <Descriptions>
      <Description description="Contains the GetRecordIdHelper custom workflow assembly. This includes two helpers that will allow you to get the unique identifier of a record in the context of a workflow." languagecode="1033" />
      <Description description="Съдържа допълнителния комплект бизнес процеси GetRecordIdHelper. Той включва два помощника, които ще ви позволят да получите еднозначния идентификатор на даден запис в контекста на даден бизнес процес." languagecode="1026" />
      <Description description="Conté l'assemblatge de flux de treball personalitzat GetRecordIdHelper. Això inclou dos assistents que us permetran obtenir un identificador únic d'un registre en el context d'un flux de treball." languagecode="1027" />
      <Description description="Obsahuje vlastní sestavení pracovního postupu GetRecordIdHelper. Jeho součástí jsou dvě pomocné rutiny, které umožní získat jedinečný identifikátor záznamu v kontextu pracovního postupu." languagecode="1029" />
      <Description description="Indeholder GetRecordIdHelper-assemblyen for brugerdefineret arbejdsproces. Den indeholder to hjælpefunktioner, der giver dig mulighed for at hente det entydige id for en post i konteksten af en arbejdsproces." languagecode="1030" />
      <Description description="Enthält die benutzerdefinierte GetRecordIdHelper-Workflowassembly. Diese umfasst zwei Helfer, mit denen Sie eine eindeutige ID eines Datensatzes im Kontext eines Worflows abrufen können." languagecode="1031" />
      <Description description="Περιέχει την προσαρμοσμένη συγκρότηση ροής εργασίας GetRecordIdHelper. Αυτή με τη σειρά της περιλαμβάνει δύο βοηθούς που θα σας επιτρέψουν να λάβετε το μοναδικό αναγνωριστικό μιας καρτέλας στο πλαίσιο μια ροής εργασίας." languagecode="1032" />
      <Description description="Contiene el ensamblado de flujo de trabajo personalizado GetRecordIdHelper. Incluye dos aplicaciones auxiliares que le permitirán obtener el identificador único de un registro en el contexto de un flujo de trabajo." languagecode="3082" />
      <Description description="Sisaldab kohandatud töövoo assemblerit GetRecordIdHelper. See hõlmab kaht abilist, mis võimaldavad teil hankida töövoo kontekstis kirje ainuidentifikaatori." languagecode="1061" />
      <Description description="GetRecordIdHelper lan-fluxuaren mihiztatze pertsonalizatua du. Honek, lan-fluxu baten testuinguruko erregistro baten identifikatzaile esklusiboa lortzen lagunduko dizuten bi laguntzaile ditu." languagecode="1069" />
      <Description description="Sisältää mukautetun työnkulun kokoonpanon GetRecordIdHelper. Tähän kuuluu kaksi aputoimintoa, joiden avulla voit noutaa tietueen yksilöllisen tunnuksen työnkulun kontekstissa." languagecode="1035" />
      <Description description="Contient l'assembly de workflow personnalisé GetRecordIdHelper. Cela comprend deux programmes d'assistance qui vous permettent d'obtenir l'identificateur unique d'un enregistrement dans le contexte d'un workflow." languagecode="1036" />
      <Description description="Contén a ensamblaxe do fluxo de traballo personalizado GetRecordIdHelper. Isto inclúe dous asistentes que lle permitirán obter o identificador único dun rexistro no contexto dun fluxo de traballo." languagecode="1110" />
      <Description description="इसमें GetRecordIdHelper कस्टम कार्यप्रवाह असेंबली होती है. इसमें दो सहायक शामिल होते हैं जो आपको एक कार्यप्रवाह के संदर्भ में किसी रिकॉर्ड के युनीक आइडेंटिफ़ायर को प्राप्त करने देते हैं." languagecode="1081" />
      <Description description="Sadrži prilagođeni sklop tijeka rada GetRecordIdHelper. To uključuje dva pomoćnika koji vam omogućuju dohvaćanje jedinstvenog identifikatora zapisa u kontekstu tijeka rada." languagecode="1050" />
      <Description description="A GetRecordIdHelper egyéni munkafolyamat-szerelvényt tartalmazza. Ez két segédalkalmazást tartalmaz, amelyekkel lekérhető egy rekord egyedi azonosítója a munkafolyamat környezetében." languagecode="1038" />
      <Description description="Berisi asembli alur kerja kustom GetRecordIdHelper, mencakup dua pendukung yang memungkinkan Anda mendapatkan pengidentifikasi unik rekaman dalam konteks alur kerja." languagecode="1057" />
      <Description description="Contiene l'assembly flusso di lavoro GetRecordIdHelper. Questo include due helper che ti consentono di ottenere l'identificatore univoco di un record nel contesto di un flusso di lavoro." languagecode="1040" />
      <Description description="GetRecordIdHelper カスタム ワークフロー アセンブリが含まれています。このアセンブリに含まれている 2 つのヘルパーによって、ワークフローのコンテキスト内でレコードの一意の識別子を取得できます。" languagecode="1041" />
      <Description description="GetRecordIdHelper реттелетін жұмыс ағыны торабынан тұрады. Бұған жұмыс ағыны контекстінде жазбаның бір мәнді идентификаторын алуға мүмкіндік беретін екі көмекші кіреді." languagecode="1087" />
      <Description description="GetRecordIdHelper 사용자 지정 워크플로 어셈블리가 들어 있습니다. 여기에는 워크플로 컨텍스트에서 레코드의 고유 식별자를 가져올 수 있는 도우미가 두 개 포함됩니다." languagecode="1042" />
      <Description description="Apima pasirinktinį darbo eigos rinkinį GetRecordIdHelper. Jame yra du pagelbikliai, suteikiantys jums galimybę gauti unikalųjį įrašo identifikatorių darbo eigos kontekste." languagecode="1063" />
      <Description description="Satur pielāgotu darbplūsmas montāžu GetRecordIdHelper. Tajā ir ietverti divi palīgi, kas ierakstam saistībā ar darbplūsmu ļauj ģenerēt unikālu identifikatoru." languagecode="1062" />
      <Description description="Mengandungi pemasangan aliran kerja tersuai GetRecordidHelper. Ini termasuk dua pembantu yang akan membolehkan anda menjana pengecam unik rekod dalam konteks aliran kerja." languagecode="1086" />
      <Description description="Inneholder den tilpassede GetRecordIdHelper-arbeidsflytsamlingen. Denne omfatter to hjelpere som gir mulighet til å hente den unike identifikatoren til en post i konteksten til en arbeidsflyt." languagecode="1044" />
      <Description description="Bevat de aangepaste werkstroomassembly GetRecordIdHelper. Deze telt twee helpers waarmee u de unieke id kunt ophalen van een record in de context van een werkstroom." languagecode="1043" />
      <Description description="Zawiera zestaw niestandardowego przepływu pracy GetRecordIdHelper. W jego skład wchodzą dwie funkcje pomocników umożliwiające pobranie unikatowego identyfikatora rekordu w kontekście przepływu pracy." languagecode="1045" />
      <Description description="Contém o assembly de fluxo de trabalho personalizado GetRecordIdHelper. Isso inclui dois auxiliares que permitem a você gerar o identificador exclusivo de um registro no contexto de um fluxo de trabalho." languagecode="1046" />
      <Description description="Contém a assemblagem de fluxo de trabalho personalizada GetRecordIdHelper. Inclui dois programas auxiliares que permitem a obtenção do identificador exclusivo de um registo no contexto de um fluxo de trabalho." languagecode="2070" />
      <Description description="Conține asamblarea de flux de lucru particularizată GetRecordIdHelper. Aceasta include două utilitare de ajutor care vă permit să obțineți identificatorul unic al unei înregistrări în contextul unui flux de lucru." languagecode="1048" />
      <Description description="Содержит сборку настраиваемого бизнес-процесса GetRecordIdHelper. Она включает две вспомогательные функции, которые позволяют получить уникальный идентификатор записи в контексте бизнес-процесса." languagecode="1049" />
      <Description description="Obsahuje vlastnú zostavu pracovného postupu GetRecordIdHelper, ktorá zahŕňa dvoch Pomocníkov. Vďaka nim budete môcť získať jednoznačný identifikátor záznamu v kontexte pracovného postupu." languagecode="1051" />
      <Description description="Vključuje sklop poteka dela po meri GetRecordIdHelper. Sem spadata dva pomočnika, s katerima boste lahko pridobili enolični identifikator zapisa v kontekstu poteka dela." languagecode="1060" />
      <Description description="Садржи прилагођени склоп тока посла GetRecordIdHelper. То обухвата два помоћника који вам омогућавају да добијете јединствени идентификатор записа у контексту тока посла." languagecode="3098" />
      <Description description="Садржи прилагођени склоп тока посла GetRecordIdHelper. То обухвата два помоћника који вам омогућавају да добијете јединствени идентификатор записа у контексту тока посла." languagecode="10266" />
      <Description description="Sadrži prilagođeni sklop toka posla GetRecordIdHelper. To obuhvata dva pomoćnika koji vam omogućavaju da dobijete jedinstveni identifikator zapisa u kontekstu toka posla." languagecode="2074" />
      <Description description="Sadrži prilagođeni sklop toka posla GetRecordIdHelper. To obuhvata dva pomoćnika koji vam omogućavaju da dobijete jedinstveni identifikator zapisa u kontekstu toka posla." languagecode="9242" />
      <Description description="Innehåller det anpassade arbetsflödespaketet GetRecordIdHelper. Det omfattar två stödprocesser som gör det möjligt att hämta den unika identifieraren för en post när det handlar om arbetsflöde." languagecode="1053" />
      <Description description="มีแอสเซมบลีของเวิร์กโฟลว์แบบกำหนดเอง GetRecordIdHelper ซึ่งรวมตัวช่วย 2 ตัวที่จะช่วยให้คุณเรียกรหัสเฉพาะของเรกคอร์ดในบริบทของเวิร์กโฟลว์" languagecode="1054" />
      <Description description="GetRecordIdHelper özel iş akışı derlemesini içerir. Buna, iş akışının bağlamında bir kaydın benzersiz tanımlayıcısını almanıza olanak tanıyan iki yardımcı da dahildir." languagecode="1055" />
      <Description description="Містить настроювану збірку робочих циклів GetRecordIdHelper із двома модулями-помічниками, які дають змогу отримати унікальний ідентифікатор запису в контексті робочого циклу." languagecode="1058" />
      <Description description="Chứa tập hợp quy trình làm việc tùy chỉnh GetRecordIdHelper. Tập hợp này bao gồm hai phần trợ giúp cho phép bạn có thể nhận được mã định danh duy nhất của một bản ghi trong ngữ cảnh quy trình làm việc." languagecode="1066" />
      <Description description="包含 GetRecordIdHelper 自定义工作流程序集。它包含两个帮助程序，这些帮助程序允许您在工作流上下文中获取记录的唯一标识符。" languagecode="2052" />
      <Description description="包含 GetRecordIdHelper 自訂工作流程組件。此組件包含兩個協助程式，可讓您在工作流程的內容中取得記錄的唯一識別碼。" languagecode="3076" />
      <Description description="包含 GetRecordIdHelper 自訂工作流程組件。此組件包含兩個協助程式，可讓您在工作流程的內容中取得記錄的唯一識別碼。" languagecode="1028" />
    </Descriptions>
    <Version>8.1.0002</Version>
    <Managed>1</Managed>
    <Publisher>
      <UniqueName>adxstudio</UniqueName>
      <LocalizedNames>
        <LocalizedName description="Microsoft" languagecode="1033" />
        <LocalizedName description="Microsoft" languagecode="1026" />
        <LocalizedName description="Microsoft" languagecode="1027" />
        <LocalizedName description="Microsoft" languagecode="1029" />
        <LocalizedName description="Microsoft" languagecode="1030" />
        <LocalizedName description="Microsoft" languagecode="1031" />
        <LocalizedName description="Microsoft" languagecode="1032" />
        <LocalizedName description="Microsoft" languagecode="3082" />
        <LocalizedName description="Microsoft" languagecode="1061" />
        <LocalizedName description="Microsoft" languagecode="1069" />
        <LocalizedName description="Microsoft" languagecode="1035" />
        <LocalizedName description="Microsoft" languagecode="1036" />
        <LocalizedName description="Microsoft" languagecode="1110" />
        <LocalizedName description="Microsoft" languagecode="1081" />
        <LocalizedName description="Microsoft" languagecode="1050" />
        <LocalizedName description="Microsoft" languagecode="1038" />
        <LocalizedName description="Microsoft" languagecode="1057" />
        <LocalizedName description="Microsoft" languagecode="1040" />
        <LocalizedName description="Microsoft" languagecode="1041" />
        <LocalizedName description="Microsoft" languagecode="1087" />
        <LocalizedName description="Microsoft" languagecode="1042" />
        <LocalizedName description="„Microsoft“" languagecode="1063" />
        <LocalizedName description="Microsoft" languagecode="1062" />
        <LocalizedName description="Microsoft" languagecode="1086" />
        <LocalizedName description="Microsoft" languagecode="1044" />
        <LocalizedName description="Microsoft" languagecode="1043" />
        <LocalizedName description="Microsoft" languagecode="1045" />
        <LocalizedName description="Microsoft" languagecode="1046" />
        <LocalizedName description="Microsoft" languagecode="2070" />
        <LocalizedName description="Microsoft" languagecode="1048" />
        <LocalizedName description="Корпорация Майкрософт" languagecode="1049" />
        <LocalizedName description="Microsoft" languagecode="1051" />
        <LocalizedName description="Microsoft" languagecode="1060" />
        <LocalizedName description="Microsoft" languagecode="3098" />
        <LocalizedName description="Microsoft" languagecode="10266" />
        <LocalizedName description="Microsoft" languagecode="2074" />
        <LocalizedName description="Microsoft" languagecode="9242" />
        <LocalizedName description="Microsoft" languagecode="1053" />
        <LocalizedName description="Microsoft" languagecode="1054" />
        <LocalizedName description="Microsoft" languagecode="1055" />
        <LocalizedName description="Microsoft" languagecode="1058" />
        <LocalizedName description="Microsoft" languagecode="1066" />
        <LocalizedName description="Microsoft" languagecode="2052" />
        <LocalizedName description="Microsoft" languagecode="3076" />
        <LocalizedName description="Microsoft" languagecode="1028" />
      </LocalizedNames>
      <Descriptions />
      <EMailAddress>support@adxstudio.com</EMailAddress>
      <SupportingWebsiteUrl>http://www.adxstudio.com</SupportingWebsiteUrl>
      <CustomizationPrefix>adx</CustomizationPrefix>
      <CustomizationOptionValuePrefix>10000</CustomizationOptionValuePrefix>
      <Addresses>
        <Address>
          <AddressNumber>1</AddressNumber>
          <AddressTypeCode>1</AddressTypeCode>
          <City xsi:nil="true"></City>
          <County xsi:nil="true"></County>
          <Country xsi:nil="true"></Country>
          <Fax xsi:nil="true"></Fax>
          <FreightTermsCode xsi:nil="true"></FreightTermsCode>
          <ImportSequenceNumber xsi:nil="true"></ImportSequenceNumber>
          <Latitude xsi:nil="true"></Latitude>
          <Line1 xsi:nil="true"></Line1>
          <Line2 xsi:nil="true"></Line2>
          <Line3 xsi:nil="true"></Line3>
          <Longitude xsi:nil="true"></Longitude>
          <Name xsi:nil="true"></Name>
          <PostalCode xsi:nil="true"></PostalCode>
          <PostOfficeBox xsi:nil="true"></PostOfficeBox>
          <PrimaryContactName xsi:nil="true"></PrimaryContactName>
          <ShippingMethodCode>1</ShippingMethodCode>
          <StateOrProvince xsi:nil="true"></StateOrProvince>
          <Telephone1 xsi:nil="true"></Telephone1>
          <Telephone2 xsi:nil="true"></Telephone2>
          <Telephone3 xsi:nil="true"></Telephone3>
          <TimeZoneRuleVersionNumber xsi:nil="true"></TimeZoneRuleVersionNumber>
          <UPSZone xsi:nil="true"></UPSZone>
          <UTCOffset xsi:nil="true"></UTCOffset>
          <UTCConversionTimeZoneCode xsi:nil="true"></UTCConversionTimeZoneCode>
        </Address>
        <Address>
          <AddressNumber>2</AddressNumber>
          <AddressTypeCode>1</AddressTypeCode>
          <City xsi:nil="true"></City>
          <County xsi:nil="true"></County>
          <Country xsi:nil="true"></Country>
          <Fax xsi:nil="true"></Fax>
          <FreightTermsCode xsi:nil="true"></FreightTermsCode>
          <ImportSequenceNumber xsi:nil="true"></ImportSequenceNumber>
          <Latitude xsi:nil="true"></Latitude>
          <Line1 xsi:nil="true"></Line1>
          <Line2 xsi:nil="true"></Line2>
          <Line3 xsi:nil="true"></Line3>
          <Longitude xsi:nil="true"></Longitude>
          <Name xsi:nil="true"></Name>
          <PostalCode xsi:nil="true"></PostalCode>
          <PostOfficeBox xsi:nil="true"></PostOfficeBox>
          <PrimaryContactName xsi:nil="true"></PrimaryContactName>
          <ShippingMethodCode>1</ShippingMethodCode>
          <StateOrProvince xsi:nil="true"></StateOrProvince>
          <Telephone1 xsi:nil="true"></Telephone1>
          <Telephone2 xsi:nil="true"></Telephone2>
          <Telephone3 xsi:nil="true"></Telephone3>
          <TimeZoneRuleVersionNumber xsi:nil="true"></TimeZoneRuleVersionNumber>
          <UPSZone xsi:nil="true"></UPSZone>
          <UTCOffset xsi:nil="true"></UTCOffset>
          <UTCConversionTimeZoneCode xsi:nil="true"></UTCConversionTimeZoneCode>
        </Address>
      </Addresses>
    </Publisher>
    <RootComponents>
      <RootComponent type="91" schemaName="Adxstudio.Xrm.Workflow.GetRecordIdHelper, Version=1.0.0.0, Culture=neutral, PublicKeyToken=c3f7c100072097e5" behavior="0" />
    </RootComponents>
    <MissingDependencies />
  </SolutionManifest>
</ImportExportXml>