﻿<?xml version="1.0" encoding="utf-8"?>
<ImportExportXml version="8.1.0000.0128" SolutionPackageVersion="8.1" languagecode="1033" generatedBy="OnPremise" xmlns:xsi="http://www.w3.org/2001/XMLSchema-instance">
  <SolutionManifest>
    <UniqueName>MicrosoftIdentity</UniqueName>
    <LocalizedNames>
      <LocalizedName description="Dynamics 365 Portals - Identity" languagecode="1033" />
      <LocalizedName description="Портали на Dynamics 365 – Самоличност" languagecode="1026" />
      <LocalizedName description="Portals del Dynamics 365: identitat" languagecode="1027" />
      <LocalizedName description="Portály Dynamics 365 – Identita" languagecode="1029" />
      <LocalizedName description="Dynamics 365-portaler - Identitet" languagecode="1030" />
      <LocalizedName description="Dynamics 365-Portale – Identität" languagecode="1031" />
      <LocalizedName description="Πύλες Dynamics 365 - Ταυτότητα" languagecode="1032" />
      <LocalizedName description="Portales de Dynamics 365: identidad" languagecode="3082" />
      <LocalizedName description="Dynamics 365 portaalid – identiteet" languagecode="1061" />
      <LocalizedName description="Dynamics 365 Atariak: identitatea" languagecode="1069" />
      <LocalizedName description="Dynamics 365 -portaalit – käyttäjätiedot" languagecode="1035" />
      <LocalizedName description="Portails Dynamics 365 - Identité" languagecode="1036" />
      <LocalizedName description="Portais de Dynamics 365: Identidade" languagecode="1110" />
      <LocalizedName description="Dynamics 365 पोर्टल - पहचान" languagecode="1081" />
      <LocalizedName description="Portali sustava Dynamics 365 – Identitet" languagecode="1050" />
      <LocalizedName description="Dynamics 365 portálok – Identity" languagecode="1038" />
      <LocalizedName description="Portal Dynamics 365 - Identitas" languagecode="1057" />
      <LocalizedName description="Portali di Dynamics 365 - Identità" languagecode="1040" />
      <LocalizedName description="Dynamics 365 ポータル - アイデンティティ" languagecode="1041" />
      <LocalizedName description="Dynamics 365 порталдары - Сәйкестік" languagecode="1087" />
      <LocalizedName description="Dynamics 365 포털 - ID" languagecode="1042" />
      <LocalizedName description="„Dynamics 365”portalai – tapatybė" languagecode="1063" />
      <LocalizedName description="Dynamics 365 portāli — Identitāte" languagecode="1062" />
      <LocalizedName description="Portal Dynamics 365 - Identiti" languagecode="1086" />
      <LocalizedName description="Dynamics 365-portaler – identitet" languagecode="1044" />
      <LocalizedName description="Dynamics 365-portals - Identity" languagecode="1043" />
      <LocalizedName description="Portale usługi Dynamics 365 — Tożsamość" languagecode="1045" />
      <LocalizedName description="Portais do Dynamics 365 - Identidade" languagecode="1046" />
      <LocalizedName description="Dynamics 365 Portais - Identity" languagecode="2070" />
      <LocalizedName description="Portaluri Dynamics 365 - Identitate" languagecode="1048" />
      <LocalizedName description="Порталы Dynamics 365 — удостоверения" languagecode="1049" />
      <LocalizedName description="Portály systému Dynamics 365 – identita" languagecode="1051" />
      <LocalizedName description="Portali storitve Dynamics 365 – identiteta" languagecode="1060" />
      <LocalizedName description="Dynamics 365 портали – Идентитет" languagecode="3098" />
      <LocalizedName description="Dynamics 365 портали – Идентитет" languagecode="10266" />
      <LocalizedName description="Dynamics 365 portali – Identitet" languagecode="2074" />
      <LocalizedName description="Dynamics 365 portali – Identitet" languagecode="9242" />
      <LocalizedName description="Dynamics 365-portaler – identitet" languagecode="1053" />
      <LocalizedName description="พอร์ทัล Dynamics 365 - ข้อมูลเอกลักษณ์" languagecode="1054" />
      <LocalizedName description="Dynamics 365 Portalları - Kimlik" languagecode="1055" />
      <LocalizedName description="Портали Dynamics 365 – посвідчення" languagecode="1058" />
      <LocalizedName description="Cổng thông tin Dynamics 365 - Identity" languagecode="1066" />
      <LocalizedName description="Dynamics 365 门户 - 标识" languagecode="2052" />
      <LocalizedName description="Dynamics 365 入口網站 - Identity" languagecode="3076" />
      <LocalizedName description="Dynamics 365 入口網站 - Identity" languagecode="1028" />
    </LocalizedNames>
    <Descriptions>
      <Description description="Extends portals to include authentication and identity management." languagecode="1033" />
      <Description description="Разширява портали, за да се включи удостоверяване и управление на самоличността." languagecode="1026" />
      <Description description="Amplia els portals per incloure-hi l'autenticació i l'administració d'identitats." languagecode="1027" />
      <Description description="Rozšiřuje portály o ověřování a správu identit." languagecode="1029" />
      <Description description="Udvider portaler til at omfatte godkendelses- og identitetsstyring." languagecode="1030" />
      <Description description="Erweitert Portale, sodass sie Authentifizierungs- und Identitätsverwaltung umfassen." languagecode="1031" />
      <Description description="Επεκτείνει πύλες ώστε να περιλαμβάνουν διαχείριση ελέγχου ταυτότητας και διαχείριση ταυτότητας." languagecode="1032" />
      <Description description="Amplía los portales para incluir autenticación y administración de identidades." languagecode="3082" />
      <Description description="Laiendab portaale, lisades autentimise ja identiteedihalduse." languagecode="1061" />
      <Description description="Atariak hedatzen ditu autentifikazio- eta identitate-kudeaketa erabili ahal izateko." languagecode="1069" />
      <Description description="Lisää portaaleihin todennuksen ja tunnistetietojen hallinnan." languagecode="1035" />
      <Description description="Étend les portails afin d'inclure la gestion de l'authentification et de l'identité." languagecode="1036" />
      <Description description="Amplía as funcionalidades dos portais para incluír xestión de identidades e autenticación." languagecode="1110" />
      <Description description="प्रमाणीकरण और पहचान प्रबंधन शामिल करने के लिए, पोर्टल विस्तृत करता है." languagecode="1081" />
      <Description description="Proširuje portal tako da uključi provjeru autentičnosti i upravljanje identitetima." languagecode="1050" />
      <Description description="Hitelesítési és identitáskezelési funkcióval bővíti a portál szolgáltatásait." languagecode="1038" />
      <Description description="Memperluas portal untuk menyertakan manajemen otentikasi dan identitas." languagecode="1057" />
      <Description description="Espande le funzionalità dei portali includendo l'autenticazione e la gestione delle identità." languagecode="1040" />
      <Description description="ポータルを拡張し、認証と ID 管理を組み込みます。" languagecode="1041" />
      <Description description="Порталды аутентификация мен сәйкестік куәлігін басқаруды қосуға кеңейтеді." languagecode="1087" />
      <Description description="인증 및 ID 관리를 포함하도록 포털을 확장합니다." languagecode="1042" />
      <Description description="Išplečia portalų galimybes, kad būtų įtrauktas autentifikavimo ir tapatybės nustatymo valdymas." languagecode="1063" />
      <Description description="Paplašina portālus, lai iekļautu autentificēšanu un identitātes pārvaldību." languagecode="1062" />
      <Description description="Lanjutkan portal untuk merangkumi pengesahan dan pengurusan identiti." languagecode="1086" />
      <Description description="Utvider portaler til å inkludere godkjennings- og identitetsbehandling." languagecode="1044" />
      <Description description="Breidt portals uit met functies voor verificatie en identiteitsbeheer." languagecode="1043" />
      <Description description="Rozszerza możliwości portali o funkcje zarządzania uwierzytelnianiem i tożsamościami." languagecode="1045" />
      <Description description="Estende os portais para que eles incluam autenticação e gerenciamento de identidades." languagecode="1046" />
      <Description description="Expande os portais para incluir gestão de autenticações e identidades." languagecode="2070" />
      <Description description="Extinde portalurile pentru a include gestionarea autentificării și identității." languagecode="1048" />
      <Description description="Расширяет возможности порталов для включения проверки подлинности и управления удостоверениями." languagecode="1049" />
      <Description description="Rozširuje portály o možnosti overovania a spravovania identít." languagecode="1051" />
      <Description description="Portale razširi s funkcijo preverjanja pristnosti in upravljanja identitet." languagecode="1060" />
      <Description description="Проширује портале тако да садрже потврду идентитета и управљање идентитетом." languagecode="3098" />
      <Description description="Проширује портале тако да садрже потврду идентитета и управљање идентитетом." languagecode="10266" />
      <Description description="Proširuje portale tako da sadrže potvrdu identiteta i upravljanje identitetom." languagecode="2074" />
      <Description description="Proširuje portale tako da sadrže potvrdu identiteta i upravljanje identitetom." languagecode="9242" />
      <Description description="Utökar portaler så att de innehåller autentiserings- och identitetshantering." languagecode="1053" />
      <Description description="ขยายพอร์ทัลเพื่อรวมการรับรองความถูกต้องและการจัดการข้อมูลประจำตัว" languagecode="1054" />
      <Description description="Portalları kimlik doğrulama ve kimlik yönetimini içerecek şekilde genişletir." languagecode="1055" />
      <Description description="Доповнює можливості порталів функціями керування автентифікацією й ідентифікацією." languagecode="1058" />
      <Description description="Mở rộng cổng thông tin để đưa vào quản lý xác thực và định danh." languagecode="1066" />
      <Description description="扩展门户，使其包含身份验证和标识管理功能。" languagecode="2052" />
      <Description description="擴充入口網站，以便納入驗證與身分識別管理功能。" languagecode="3076" />
      <Description description="擴充入口網站，以便納入驗證與身分識別管理功能。" languagecode="1028" />
    </Descriptions>
    <Version>8.3.0.2</Version>
    <Managed>1</Managed>
    <Publisher>
      <UniqueName>adxstudio</UniqueName>
      <LocalizedNames>
        <LocalizedName description="Microsoft" languagecode="1033" />
        <LocalizedName description="Microsoft" languagecode="1026" />
        <LocalizedName description="Microsoft" languagecode="1027" />
        <LocalizedName description="Microsoft" languagecode="1029" />
        <LocalizedName description="Microsoft" languagecode="1030" />
        <LocalizedName description="Microsoft" languagecode="1031" />
        <LocalizedName description="Microsoft" languagecode="1032" />
        <LocalizedName description="Microsoft" languagecode="3082" />
        <LocalizedName description="Microsoft" languagecode="1061" />
        <LocalizedName description="Microsoft" languagecode="1069" />
        <LocalizedName description="Microsoft" languagecode="1035" />
        <LocalizedName description="Microsoft" languagecode="1036" />
        <LocalizedName description="Microsoft" languagecode="1110" />
        <LocalizedName description="Microsoft" languagecode="1081" />
        <LocalizedName description="Microsoft" languagecode="1050" />
        <LocalizedName description="Microsoft" languagecode="1038" />
        <LocalizedName description="Microsoft" languagecode="1057" />
        <LocalizedName description="Microsoft" languagecode="1040" />
        <LocalizedName description="Microsoft" languagecode="1041" />
        <LocalizedName description="Microsoft" languagecode="1087" />
        <LocalizedName description="Microsoft" languagecode="1042" />
        <LocalizedName description="„Microsoft“" languagecode="1063" />
        <LocalizedName description="Microsoft" languagecode="1062" />
        <LocalizedName description="Microsoft" languagecode="1086" />
        <LocalizedName description="Microsoft" languagecode="1044" />
        <LocalizedName description="Microsoft" languagecode="1043" />
        <LocalizedName description="Microsoft" languagecode="1045" />
        <LocalizedName description="Microsoft" languagecode="1046" />
        <LocalizedName description="Microsoft" languagecode="2070" />
        <LocalizedName description="Microsoft" languagecode="1048" />
        <LocalizedName description="Корпорация Майкрософт" languagecode="1049" />
        <LocalizedName description="Microsoft" languagecode="1051" />
        <LocalizedName description="Microsoft" languagecode="1060" />
        <LocalizedName description="Microsoft" languagecode="3098" />
        <LocalizedName description="Microsoft" languagecode="10266" />
        <LocalizedName description="Microsoft" languagecode="2074" />
        <LocalizedName description="Microsoft" languagecode="9242" />
        <LocalizedName description="Microsoft" languagecode="1053" />
        <LocalizedName description="Microsoft" languagecode="1054" />
        <LocalizedName description="Microsoft" languagecode="1055" />
        <LocalizedName description="Microsoft" languagecode="1058" />
        <LocalizedName description="Microsoft" languagecode="1066" />
        <LocalizedName description="Microsoft" languagecode="2052" />
        <LocalizedName description="Microsoft" languagecode="3076" />
        <LocalizedName description="Microsoft" languagecode="1028" />
      </LocalizedNames>
      <Descriptions />
      <EMailAddress>support@adxstudio.com</EMailAddress>
      <SupportingWebsiteUrl>http://www.adxstudio.com</SupportingWebsiteUrl>
      <CustomizationPrefix>adx</CustomizationPrefix>
      <CustomizationOptionValuePrefix>10000</CustomizationOptionValuePrefix>
      <Addresses>
        <Address>
          <AddressNumber>1</AddressNumber>
          <AddressTypeCode>1</AddressTypeCode>
          <City xsi:nil="true"></City>
          <County xsi:nil="true"></County>
          <Country xsi:nil="true"></Country>
          <Fax xsi:nil="true"></Fax>
          <FreightTermsCode xsi:nil="true"></FreightTermsCode>
          <ImportSequenceNumber xsi:nil="true"></ImportSequenceNumber>
          <Latitude xsi:nil="true"></Latitude>
          <Line1 xsi:nil="true"></Line1>
          <Line2 xsi:nil="true"></Line2>
          <Line3 xsi:nil="true"></Line3>
          <Longitude xsi:nil="true"></Longitude>
          <Name xsi:nil="true"></Name>
          <PostalCode xsi:nil="true"></PostalCode>
          <PostOfficeBox xsi:nil="true"></PostOfficeBox>
          <PrimaryContactName xsi:nil="true"></PrimaryContactName>
          <ShippingMethodCode>1</ShippingMethodCode>
          <StateOrProvince xsi:nil="true"></StateOrProvince>
          <Telephone1 xsi:nil="true"></Telephone1>
          <Telephone2 xsi:nil="true"></Telephone2>
          <Telephone3 xsi:nil="true"></Telephone3>
          <TimeZoneRuleVersionNumber xsi:nil="true"></TimeZoneRuleVersionNumber>
          <UPSZone xsi:nil="true"></UPSZone>
          <UTCOffset xsi:nil="true"></UTCOffset>
          <UTCConversionTimeZoneCode xsi:nil="true"></UTCConversionTimeZoneCode>
        </Address>
        <Address>
          <AddressNumber>2</AddressNumber>
          <AddressTypeCode>1</AddressTypeCode>
          <City xsi:nil="true"></City>
          <County xsi:nil="true"></County>
          <Country xsi:nil="true"></Country>
          <Fax xsi:nil="true"></Fax>
          <FreightTermsCode xsi:nil="true"></FreightTermsCode>
          <ImportSequenceNumber xsi:nil="true"></ImportSequenceNumber>
          <Latitude xsi:nil="true"></Latitude>
          <Line1 xsi:nil="true"></Line1>
          <Line2 xsi:nil="true"></Line2>
          <Line3 xsi:nil="true"></Line3>
          <Longitude xsi:nil="true"></Longitude>
          <Name xsi:nil="true"></Name>
          <PostalCode xsi:nil="true"></PostalCode>
          <PostOfficeBox xsi:nil="true"></PostOfficeBox>
          <PrimaryContactName xsi:nil="true"></PrimaryContactName>
          <ShippingMethodCode>1</ShippingMethodCode>
          <StateOrProvince xsi:nil="true"></StateOrProvince>
          <Telephone1 xsi:nil="true"></Telephone1>
          <Telephone2 xsi:nil="true"></Telephone2>
          <Telephone3 xsi:nil="true"></Telephone3>
          <TimeZoneRuleVersionNumber xsi:nil="true"></TimeZoneRuleVersionNumber>
          <UPSZone xsi:nil="true"></UPSZone>
          <UTCOffset xsi:nil="true"></UTCOffset>
          <UTCConversionTimeZoneCode xsi:nil="true"></UTCConversionTimeZoneCode>
        </Address>
      </Addresses>
    </Publisher>
    <RootComponents>
      <RootComponent type="1" schemaName="adx_externalidentity" behavior="0" />
      <RootComponent type="1" schemaName="contact" behavior="2" />
      <RootComponent type="60" id="{3fb651a5-cdbf-46c9-87fb-d2c748662bb8}" behavior="0" />
      <RootComponent type="61" schemaName="adx_identity/changecredentials_16.png" behavior="0" />
      <RootComponent type="61" schemaName="adx_identity/changecredentials_32.png" behavior="0" />
      <RootComponent type="61" schemaName="adx_identity/rundialog.js" behavior="0" />
      <RootComponent type="61" schemaName="adx_identity/unlock_16.png" behavior="0" />
      <RootComponent type="61" schemaName="adx_identity/unlock_32.png" behavior="0" />
      <RootComponent type="70" id="{7623b6b1-cdd1-e511-80d2-00155db70850}" behavior="0" />
      <RootComponent type="91" schemaName="Adxstudio.Xrm.Workflow.Identity, Version=1.0.0.2, Culture=neutral, PublicKeyToken=fa79bd0b74a539cd" behavior="0" />
    </RootComponents>
    <MissingDependencies>
      <MissingDependency>
        <Required key="0" type="2" schemaName="adx_timezone" displayName="Time Zone" parentSchemaName="contact" parentDisplayName="Contact" solution="MicrosoftCrmPortalDependencies (8.1.0000)" />
        <Dependent key="1" type="60" displayName="Portal Contact" parentDisplayName="Contact" id="{3fb651a5-cdbf-46c9-87fb-d2c748662bb8}" />
      </MissingDependency>
      <MissingDependency>
        <Required key="1" type="60" displayName="Portal Contact" parentDisplayName="Contact" solution="MicrosoftCrmPortalDependencies (8.1.0000)" id="{3fb651a5-cdbf-46c9-87fb-d2c748662bb8}" />
        <Dependent key="1" type="60" displayName="Portal Contact" parentDisplayName="Contact" id="{3fb651a5-cdbf-46c9-87fb-d2c748662bb8}" />
      </MissingDependency>
    </MissingDependencies>
  </SolutionManifest>
</ImportExportXml>