﻿<?xml version="1.0" encoding="utf-8"?>
<ImportExportXml version="8.1.0000.0641" SolutionPackageVersion="8.1" languagecode="1033" generatedBy="OnPremise" xmlns:xsi="http://www.w3.org/2001/XMLSchema-instance">
  <SolutionManifest>
    <UniqueName>MicrosoftIdeas</UniqueName>
    <LocalizedNames>
      <LocalizedName description="Dynamics 365 Portals - Community Ideas" languagecode="1033" />
      <LocalizedName description="Портали на Dynamics 365 – Идеи от общността" languagecode="1026" />
      <LocalizedName description="Portals del Dynamics 365: idees de la comunitat" languagecode="1027" />
      <LocalizedName description="Portály Dynamics 365 – Komunitní nápady" languagecode="1029" />
      <LocalizedName description="Dynamics 365-portaler - Communityideer" languagecode="1030" />
      <LocalizedName description="Dynamics 365-Portale – Ideen der Community" languagecode="1031" />
      <LocalizedName description="Πύλες Dynamics 365 - Ιδέες κοινότητας" languagecode="1032" />
      <LocalizedName description="Portales de Dynamics 365: ideas de la comunidad" languagecode="3082" />
      <LocalizedName description="Dynamics 365 portaalid – kogukonnaideed" languagecode="1061" />
      <LocalizedName description="Dynamics 365 Atariak: komunitatearen ideiak" languagecode="1069" />
      <LocalizedName description="Dynamics 365 -portaalit – yhteisön ideat" languagecode="1035" />
      <LocalizedName description="Portails Dynamics 365 - Idées communautaires" languagecode="1036" />
      <LocalizedName description="Portais de Dynamics 365: Ideas da comunidade" languagecode="1110" />
      <LocalizedName description="Dynamics 365 पोर्टल - समुदाय विचार" languagecode="1081" />
      <LocalizedName description="Portali sustava Dynamics 365 – Ideje zajednice" languagecode="1050" />
      <LocalizedName description="Dynamics 365 portálok – közösségi ötletek" languagecode="1038" />
      <LocalizedName description="Portal Dynamics 365 - Gagasan Komunitas" languagecode="1057" />
      <LocalizedName description="Portali di Dynamics 365 - Idee della community" languagecode="1040" />
      <LocalizedName description="Dynamics 365 ポータル - コミュニティ アイデア" languagecode="1041" />
      <LocalizedName description="Dynamics 365 порталдары - Қауымдастық ойлары" languagecode="1087" />
      <LocalizedName description="Dynamics 365 포털 - 커뮤니티 아이디어" languagecode="1042" />
      <LocalizedName description="„Dynamics 365”portalai – bendruomenės idėjos" languagecode="1063" />
      <LocalizedName description="Dynamics 365 portāli — Kopienas idejas" languagecode="1062" />
      <LocalizedName description="Portal Dynamics 365 - Idea Komuniti" languagecode="1086" />
      <LocalizedName description="Dynamics 365-portaler – fellesskapsideer" languagecode="1044" />
      <LocalizedName description="Dynamics 365-portals - Community-ideeën" languagecode="1043" />
      <LocalizedName description="Portale usługi Dynamics 365 — Pomysły społeczności" languagecode="1045" />
      <LocalizedName description="Portais do Dynamics 365 - Ideias da Comunidade" languagecode="1046" />
      <LocalizedName description="Dynamics 365 Portais - Ideias da Comunidade" languagecode="2070" />
      <LocalizedName description="Portaluri Dynamics 365 - Idei în comunitate" languagecode="1048" />
      <LocalizedName description="Порталы Dynamics 365 — идеи сообществ" languagecode="1049" />
      <LocalizedName description="Portály systému Dynamics 365 – názory komunity" languagecode="1051" />
      <LocalizedName description="Portali storitve Dynamics 365 – zamisli skupnosti" languagecode="1060" />
      <LocalizedName description="Dynamics 365 портали – Идеје заједнице" languagecode="3098" />
      <LocalizedName description="Dynamics 365 портали – Идеје заједнице" languagecode="10266" />
      <LocalizedName description="Dynamics 365 portali – Ideje zajednice" languagecode="2074" />
      <LocalizedName description="Dynamics 365 portali – Ideje zajednice" languagecode="9242" />
      <LocalizedName description="Dynamics 365-portaler – idéer från communityn" languagecode="1053" />
      <LocalizedName description="พอร์ทัล Dynamics 365 - ไอเดียชุมชน" languagecode="1054" />
      <LocalizedName description="Dynamics 365 Portalları - Topluluk Fikirleri" languagecode="1055" />
      <LocalizedName description="Портали Dynamics 365 – ідеї спільноти" languagecode="1058" />
      <LocalizedName description="Cổng thông tin Dynamics 365 - Ý tưởng Cộng đồng" languagecode="1066" />
      <LocalizedName description="Dynamics 365 门户 - 社区观点" languagecode="2052" />
      <LocalizedName description="Dynamics 365 入口網站 - 社群想法" languagecode="3076" />
      <LocalizedName description="Dynamics 365 入口網站 - 社群想法" languagecode="1028" />
    </LocalizedNames>
    <Descriptions>
      <Description description="Extends portals with community feedback features where ideas can be submitted and voted on." languagecode="1033" />
      <Description description="Разширява портали с функции за обратна връзка от общността, където могат да се подават идеи и да се гласува за тях." languagecode="1026" />
      <Description description="Amplia els portals amb característiques de comentaris de la comunitat on es poden enviar i votar idees." languagecode="1027" />
      <Description description="Rozšiřuje portály o funkce zpětné vazy od komunity umožňující odesílání nápadů a hlasování o těchto nápadech." languagecode="1029" />
      <Description description="Udvider portaler med feedbackfunktioner til communities, hvor ideer kan indsendes, og der kan stemmes på dem." languagecode="1030" />
      <Description description="Erweitert Portale mit Funktionen für Community-Feedback, die es ermöglichen, Ideen zu übermitteln und über sie abzustimmen." languagecode="1031" />
      <Description description="Επεκτείνει πύλες με δυνατότητες σχολίων της κοινότητας, όπου μπορούν να υποβληθούν και να ψηφιστούν ιδέες." languagecode="1032" />
      <Description description="Amplía los portales con las características de comentarios de la comunidad que permiten enviar ideas y votar por ellas." languagecode="3082" />
      <Description description="Täiendab portaale kogukonna tagasiside funktsioonidega, näiteks foorumitega, kus saab ideid esitada ja neile hääli anda." languagecode="1061" />
      <Description description="Ideiak bidaltzeko eta bozkatzeko aukera ematen duten komunitatearen oharrak biltzeko eginbideak gehitzen ditu atariak hedatzeko." languagecode="1069" />
      <Description description="Lisää portaaleihin yhteisön palautetoimintoja, kuten keskustelupalstoja, joissa voidaan esittää ideoita, joita voidaan äänestää." languagecode="1035" />
      <Description description="Étend les portails avec des fonctions de commentaires de communauté où les idées peuvent être envoyées et soumises au vote." languagecode="1036" />
      <Description description="Amplía a funcionalidade dos portais coa posibilidade de enviar comentarios á comunidade onde se poden presentar ideas e votar por elas." languagecode="1110" />
      <Description description="समुदाय प्रतिक्रिया सुविधाओं के साथ पोर्टल को विस्तृत करता है, जहाँ विचार सबमिट किए जा सकते हैं और उन पर वोट किया जा सकता है." languagecode="1081" />
      <Description description="Proširuje portale značajkama za povratne informacije zajednice u kojima se ideje mogu poslati i o njima se može glasovati." languagecode="1050" />
      <Description description="Új közösségi visszajelzési funkciókkal egészítik ki a portálok szolgáltatásait, ahol ötleteket lehet közölni, és szavazni lehet róluk." languagecode="1038" />
      <Description description="Memperluas portal dengan fitur tanggapan komunitas yang dapat mengirimkan dan memilih gagasan." languagecode="1057" />
      <Description description="Amplia i portali con le funzionalità di commenti della community in cui inviare e votare idee." languagecode="1040" />
      <Description description="コミュニティのフィードバック機能を追加して、アイデアの送信とアイデアへの投票ができるようにポータルを拡張します。" languagecode="1041" />
      <Description description="Порталды ойлар жіберіліп, оларға дауыс беруге болатын қауымдастық кері байланысының мүмкіндіктерімен кеңейтеді." languagecode="1087" />
      <Description description="포털을 아이디어를 제출하고 투표할 수 있는 커뮤니티 피드백 기능으로 확장합니다." languagecode="1042" />
      <Description description="Papildo portalus bendruomenės atsiliepimų funkcijomis, kad būtų galima pateikti idėjas ir už jas balsuoti." languagecode="1063" />
      <Description description="Paplašina portālus ar kopienas atsauksmju sniegšanas līdzekļiem, kur var iesniegt idejas un balsot par tām." languagecode="1062" />
      <Description description="Lanjutkan portal dengan ciri maklum balas komuniti, yang mana idea boleh diserah dan diundi." languagecode="1086" />
      <Description description="Utvider portaler med funksjoner for fellesskapstilbakemelding, der ideer kan sendes og stemmes på." languagecode="1044" />
      <Description description="Breidt portals uit met functies voor communityfeedback, zoals ideeën die kunnen worden ingediend en waarop kan worden gestemd." languagecode="1043" />
      <Description description="Rozszerza możliwości portali o funkcje opinii społeczności, które umożliwiają przesyłanie pomysłów i głosowanie na nie." languagecode="1045" />
      <Description description="Estende portais com funcionalidades de comentários da comunidade, onde as ideias podem ser enviadas e votadas." languagecode="1046" />
      <Description description="Expande os portais com funcionalidades de comentários da comunidade onde ideias podem ser submetidas e votadas." languagecode="2070" />
      <Description description="Extinde portalurile cu caracteristici de feedback de la comunitate, în care pot fi remise și votate idei." languagecode="1048" />
      <Description description="Расширяет возможности порталов благодаря функциям отзывов сообществ, в которых можно отправит идеи и проголосовать за них." languagecode="1049" />
      <Description description="Rozširuje portály o funkcie odozvy komunity, pomocou ktorých možno odoslať názory a hlasovať za ne." languagecode="1051" />
      <Description description="Portale razširi s funkcijami za povratne informacije skupnosti, kjer je mogoče pošiljati zamisli in o njih glasovati." languagecode="1060" />
      <Description description="Проширује портале функцијама за повратне информације заједнице, помоћу којих могу да се шаљу идеје и где за њих може да се гласа." languagecode="3098" />
      <Description description="Проширује портале функцијама за повратне информације заједнице, помоћу којих могу да се шаљу идеје и где за њих може да се гласа." languagecode="10266" />
      <Description description="Proširuje portale funkcijama za povratne informacije zajednice, pomoću kojih mogu da se šalju ideje i gde za njih može da se glasa." languagecode="2074" />
      <Description description="Proširuje portale funkcijama za povratne informacije zajednice, pomoću kojih mogu da se šalju ideje i gde za njih može da se glasa." languagecode="9242" />
      <Description description="Utökar portaler med funktioner för communityfeedback där man kan presentera och rösta på idéer." languagecode="1053" />
      <Description description="ขยายประสิทธิภาพของพอร์ทัลด้วยคุณลักษณะข้อคิดเห็นของชุมชนที่สามารถส่งไอเดีย และเปิดให้ลงคะแนนได้" languagecode="1054" />
      <Description description="Portalları, fikirlerin gönderilip oylanabileceği topluluk geri bildirim özellikleriyle genişletir." languagecode="1055" />
      <Description description="Доповнює можливості порталів функціями відгуків, за допомогою яких можна представляти ідеї та голосувати за них." languagecode="1058" />
      <Description description="Mở rộng cổng thông tin bằng tính năng phản hồi cộng đồng để cho phép gửi và biểu quyết cho các ý tưởng." languagecode="1066" />
      <Description description="扩展门户，使其具备社区反馈功能，以便通过这些功能来提交观点或进行投票。" languagecode="2052" />
      <Description description="使用可以送出各種想法及投票的社群意見反應功能來擴充入口網站。" languagecode="3076" />
      <Description description="使用可以送出各種想法及投票的社群意見反應功能來擴充入口網站。" languagecode="1028" />
    </Descriptions>
    <Version>8.3.0.0</Version>
    <Managed>1</Managed>
    <Publisher>
      <UniqueName>adxstudio</UniqueName>
      <LocalizedNames>
        <LocalizedName description="Microsoft" languagecode="1033" />
        <LocalizedName description="Microsoft" languagecode="1026" />
        <LocalizedName description="Microsoft" languagecode="1027" />
        <LocalizedName description="Microsoft" languagecode="1029" />
        <LocalizedName description="Microsoft" languagecode="1030" />
        <LocalizedName description="Microsoft" languagecode="1031" />
        <LocalizedName description="Microsoft" languagecode="1032" />
        <LocalizedName description="Microsoft" languagecode="3082" />
        <LocalizedName description="Microsoft" languagecode="1061" />
        <LocalizedName description="Microsoft" languagecode="1069" />
        <LocalizedName description="Microsoft" languagecode="1035" />
        <LocalizedName description="Microsoft" languagecode="1036" />
        <LocalizedName description="Microsoft" languagecode="1110" />
        <LocalizedName description="Microsoft" languagecode="1081" />
        <LocalizedName description="Microsoft" languagecode="1050" />
        <LocalizedName description="Microsoft" languagecode="1038" />
        <LocalizedName description="Microsoft" languagecode="1057" />
        <LocalizedName description="Microsoft" languagecode="1040" />
        <LocalizedName description="Microsoft" languagecode="1041" />
        <LocalizedName description="Microsoft" languagecode="1087" />
        <LocalizedName description="Microsoft" languagecode="1042" />
        <LocalizedName description="„Microsoft“" languagecode="1063" />
        <LocalizedName description="Microsoft" languagecode="1062" />
        <LocalizedName description="Microsoft" languagecode="1086" />
        <LocalizedName description="Microsoft" languagecode="1044" />
        <LocalizedName description="Microsoft" languagecode="1043" />
        <LocalizedName description="Microsoft" languagecode="1045" />
        <LocalizedName description="Microsoft" languagecode="1046" />
        <LocalizedName description="Microsoft" languagecode="2070" />
        <LocalizedName description="Microsoft" languagecode="1048" />
        <LocalizedName description="Корпорация Майкрософт" languagecode="1049" />
        <LocalizedName description="Microsoft" languagecode="1051" />
        <LocalizedName description="Microsoft" languagecode="1060" />
        <LocalizedName description="Microsoft" languagecode="3098" />
        <LocalizedName description="Microsoft" languagecode="10266" />
        <LocalizedName description="Microsoft" languagecode="2074" />
        <LocalizedName description="Microsoft" languagecode="9242" />
        <LocalizedName description="Microsoft" languagecode="1053" />
        <LocalizedName description="Microsoft" languagecode="1054" />
        <LocalizedName description="Microsoft" languagecode="1055" />
        <LocalizedName description="Microsoft" languagecode="1058" />
        <LocalizedName description="Microsoft" languagecode="1066" />
        <LocalizedName description="Microsoft" languagecode="2052" />
        <LocalizedName description="Microsoft" languagecode="3076" />
        <LocalizedName description="Microsoft" languagecode="1028" />
      </LocalizedNames>
      <Descriptions />
      <EMailAddress>support@adxstudio.com</EMailAddress>
      <SupportingWebsiteUrl>http://www.adxstudio.com</SupportingWebsiteUrl>
      <CustomizationPrefix>adx</CustomizationPrefix>
      <CustomizationOptionValuePrefix>75615</CustomizationOptionValuePrefix>
      <Addresses>
        <Address>
          <AddressNumber>1</AddressNumber>
          <AddressTypeCode>1</AddressTypeCode>
          <City xsi:nil="true"></City>
          <County xsi:nil="true"></County>
          <Country xsi:nil="true"></Country>
          <Fax xsi:nil="true"></Fax>
          <FreightTermsCode xsi:nil="true"></FreightTermsCode>
          <ImportSequenceNumber xsi:nil="true"></ImportSequenceNumber>
          <Latitude xsi:nil="true"></Latitude>
          <Line1 xsi:nil="true"></Line1>
          <Line2 xsi:nil="true"></Line2>
          <Line3 xsi:nil="true"></Line3>
          <Longitude xsi:nil="true"></Longitude>
          <Name xsi:nil="true"></Name>
          <PostalCode xsi:nil="true"></PostalCode>
          <PostOfficeBox xsi:nil="true"></PostOfficeBox>
          <PrimaryContactName xsi:nil="true"></PrimaryContactName>
          <ShippingMethodCode>1</ShippingMethodCode>
          <StateOrProvince xsi:nil="true"></StateOrProvince>
          <Telephone1 xsi:nil="true"></Telephone1>
          <Telephone2 xsi:nil="true"></Telephone2>
          <Telephone3 xsi:nil="true"></Telephone3>
          <TimeZoneRuleVersionNumber xsi:nil="true"></TimeZoneRuleVersionNumber>
          <UPSZone xsi:nil="true"></UPSZone>
          <UTCOffset xsi:nil="true"></UTCOffset>
          <UTCConversionTimeZoneCode xsi:nil="true"></UTCConversionTimeZoneCode>
        </Address>
        <Address>
          <AddressNumber>2</AddressNumber>
          <AddressTypeCode>1</AddressTypeCode>
          <City xsi:nil="true"></City>
          <County xsi:nil="true"></County>
          <Country xsi:nil="true"></Country>
          <Fax xsi:nil="true"></Fax>
          <FreightTermsCode xsi:nil="true"></FreightTermsCode>
          <ImportSequenceNumber xsi:nil="true"></ImportSequenceNumber>
          <Latitude xsi:nil="true"></Latitude>
          <Line1 xsi:nil="true"></Line1>
          <Line2 xsi:nil="true"></Line2>
          <Line3 xsi:nil="true"></Line3>
          <Longitude xsi:nil="true"></Longitude>
          <Name xsi:nil="true"></Name>
          <PostalCode xsi:nil="true"></PostalCode>
          <PostOfficeBox xsi:nil="true"></PostOfficeBox>
          <PrimaryContactName xsi:nil="true"></PrimaryContactName>
          <ShippingMethodCode>1</ShippingMethodCode>
          <StateOrProvince xsi:nil="true"></StateOrProvince>
          <Telephone1 xsi:nil="true"></Telephone1>
          <Telephone2 xsi:nil="true"></Telephone2>
          <Telephone3 xsi:nil="true"></Telephone3>
          <TimeZoneRuleVersionNumber xsi:nil="true"></TimeZoneRuleVersionNumber>
          <UPSZone xsi:nil="true"></UPSZone>
          <UTCOffset xsi:nil="true"></UTCOffset>
          <UTCConversionTimeZoneCode xsi:nil="true"></UTCConversionTimeZoneCode>
        </Address>
      </Addresses>
    </Publisher>
    <RootComponents>
      <RootComponent type="1" schemaName="adx_idea" behavior="0" />
      <RootComponent type="1" schemaName="adx_ideaforum" behavior="0" />
      <RootComponent type="1" schemaName="adx_webfile" behavior="2" />
      <RootComponent type="1" schemaName="adx_websitelanguage" behavior="0" />
      <RootComponent type="60" id="{28e50ca9-cc4d-e111-91e3-00155d03a708}" behavior="0" />
      <RootComponent type="60" id="{6014cfb1-ffc7-40ec-981d-5243badbc92d}" behavior="0" />
      <RootComponent type="60" id="{bf5bcd02-a6a5-45c0-94d4-aa7174766279}" behavior="0" />
      <RootComponent type="61" schemaName="adx_icon_ideaforum_medium" behavior="0" />
      <RootComponent type="61" schemaName="adx_icon_ideaforum_small" behavior="0" />
      <RootComponent type="61" schemaName="adx_icon_nav_community_32.png" behavior="0" />
      <RootComponent type="61" schemaName="adx_icon_nav_social_small" behavior="0" />
      <RootComponent type="61" schemaName="adx_ideaforum.js" behavior="0" />
      <RootComponent type="61" schemaName="adx_resources/MicrosoftIdeas/Strings_1026.js" behavior="0" />
      <RootComponent type="61" schemaName="adx_resources/MicrosoftIdeas/Strings_1027.js" behavior="0" />
      <RootComponent type="61" schemaName="adx_resources/MicrosoftIdeas/Strings_1028.js" behavior="0" />
      <RootComponent type="61" schemaName="adx_resources/MicrosoftIdeas/Strings_1029.js" behavior="0" />
      <RootComponent type="61" schemaName="adx_resources/MicrosoftIdeas/Strings_1030.js" behavior="0" />
      <RootComponent type="61" schemaName="adx_resources/MicrosoftIdeas/Strings_1031.js" behavior="0" />
      <RootComponent type="61" schemaName="adx_resources/MicrosoftIdeas/Strings_1032.js" behavior="0" />
      <RootComponent type="61" schemaName="adx_resources/MicrosoftIdeas/Strings_1033.js" behavior="0" />
      <RootComponent type="61" schemaName="adx_resources/MicrosoftIdeas/Strings_1035.js" behavior="0" />
      <RootComponent type="61" schemaName="adx_resources/MicrosoftIdeas/Strings_1036.js" behavior="0" />
      <RootComponent type="61" schemaName="adx_resources/MicrosoftIdeas/Strings_1038.js" behavior="0" />
      <RootComponent type="61" schemaName="adx_resources/MicrosoftIdeas/Strings_1040.js" behavior="0" />
      <RootComponent type="61" schemaName="adx_resources/MicrosoftIdeas/Strings_1041.js" behavior="0" />
      <RootComponent type="61" schemaName="adx_resources/MicrosoftIdeas/Strings_1042.js" behavior="0" />
      <RootComponent type="61" schemaName="adx_resources/MicrosoftIdeas/Strings_1043.js" behavior="0" />
      <RootComponent type="61" schemaName="adx_resources/MicrosoftIdeas/Strings_1044.js" behavior="0" />
      <RootComponent type="61" schemaName="adx_resources/MicrosoftIdeas/Strings_1045.js" behavior="0" />
      <RootComponent type="61" schemaName="adx_resources/MicrosoftIdeas/Strings_1046.js" behavior="0" />
      <RootComponent type="61" schemaName="adx_resources/MicrosoftIdeas/Strings_1048.js" behavior="0" />
      <RootComponent type="61" schemaName="adx_resources/MicrosoftIdeas/Strings_1049.js" behavior="0" />
      <RootComponent type="61" schemaName="adx_resources/MicrosoftIdeas/Strings_1050.js" behavior="0" />
      <RootComponent type="61" schemaName="adx_resources/MicrosoftIdeas/Strings_1051.js" behavior="0" />
      <RootComponent type="61" schemaName="adx_resources/MicrosoftIdeas/Strings_1053.js" behavior="0" />
      <RootComponent type="61" schemaName="adx_resources/MicrosoftIdeas/Strings_1054.js" behavior="0" />
      <RootComponent type="61" schemaName="adx_resources/MicrosoftIdeas/Strings_1055.js" behavior="0" />
      <RootComponent type="61" schemaName="adx_resources/MicrosoftIdeas/Strings_1057.js" behavior="0" />
      <RootComponent type="61" schemaName="adx_resources/MicrosoftIdeas/Strings_1058.js" behavior="0" />
      <RootComponent type="61" schemaName="adx_resources/MicrosoftIdeas/Strings_1060.js" behavior="0" />
      <RootComponent type="61" schemaName="adx_resources/MicrosoftIdeas/Strings_1061.js" behavior="0" />
      <RootComponent type="61" schemaName="adx_resources/MicrosoftIdeas/Strings_1062.js" behavior="0" />
      <RootComponent type="61" schemaName="adx_resources/MicrosoftIdeas/Strings_1063.js" behavior="0" />
      <RootComponent type="61" schemaName="adx_resources/MicrosoftIdeas/Strings_1066.js" behavior="0" />
      <RootComponent type="61" schemaName="adx_resources/MicrosoftIdeas/Strings_1069.js" behavior="0" />
      <RootComponent type="61" schemaName="adx_resources/MicrosoftIdeas/Strings_1081.js" behavior="0" />
      <RootComponent type="61" schemaName="adx_resources/MicrosoftIdeas/Strings_1086.js" behavior="0" />
      <RootComponent type="61" schemaName="adx_resources/MicrosoftIdeas/Strings_1087.js" behavior="0" />
      <RootComponent type="61" schemaName="adx_resources/MicrosoftIdeas/Strings_1110.js" behavior="0" />
      <RootComponent type="61" schemaName="adx_resources/MicrosoftIdeas/Strings_2052.js" behavior="0" />
      <RootComponent type="61" schemaName="adx_resources/MicrosoftIdeas/Strings_2070.js" behavior="0" />
      <RootComponent type="61" schemaName="adx_resources/MicrosoftIdeas/Strings_2074.js" behavior="0" />
      <RootComponent type="61" schemaName="adx_resources/MicrosoftIdeas/Strings_3076.js" behavior="0" />
      <RootComponent type="61" schemaName="adx_resources/MicrosoftIdeas/Strings_3082.js" behavior="0" />
      <RootComponent type="61" schemaName="adx_resources/MicrosoftIdeas/Strings_3098.js" behavior="0" />
      <RootComponent type="62" behavior="0" />
    </RootComponents>
    <MissingDependencies>
      <MissingDependency>
        <Required key="0" type="1" schemaName="adx_websitelanguage" displayName="Website Language" solution="MicrosoftCrmPortalBase (8.2.0007)" />
        <Dependent key="1" type="26" schemaName="Portal Search" displayName="Portal Search" parentSchemaName="adx_ideaforum" parentDisplayName="Idea Forum" id="{0bae0a2a-1842-e111-8791-00155d03a708}" />
      </MissingDependency>
      <MissingDependency>
        <Required key="0" type="1" schemaName="adx_websitelanguage" displayName="Website Language" solution="MicrosoftCrmPortalBase (8.2.0007)" />
        <Dependent key="2" type="10" schemaName="adx_adx_website_adx_websitelanguage" displayName="adx_adx_website_adx_websitelanguage" parentSchemaName="adx_websitelanguage" parentDisplayName="Website Language" />
      </MissingDependency>
      <MissingDependency>
        <Required key="0" type="1" schemaName="adx_websitelanguage" displayName="Website Language" solution="MicrosoftCrmPortalBase (8.2.0007)" />
        <Dependent key="3" type="26" schemaName="Portal Search" displayName="Portal Search" parentSchemaName="adx_idea" parentDisplayName="Idea" id="{6eb5d478-1842-e111-8791-00155d03a708}" />
      </MissingDependency>
      <MissingDependency>
        <Required key="0" type="1" schemaName="adx_websitelanguage" displayName="Website Language" solution="MicrosoftCrmPortalBase (8.2.0007)" />
        <Dependent key="4" type="10" schemaName="adx_websitelanguage_ideaforum" displayName="adx_websitelanguage_ideaforum" parentSchemaName="adx_ideaforum" parentDisplayName="Idea Forum" />
      </MissingDependency>
      <MissingDependency>
        <Required key="0" type="1" schemaName="adx_websitelanguage" displayName="Website Language" solution="MicrosoftCrmPortalBase (8.2.0007)" />
        <Dependent key="5" type="10" schemaName="adx_adx_portallanguage_adx_websitelanguage" displayName="adx_adx_portallanguage_adx_websitelanguage" parentSchemaName="adx_websitelanguage" parentDisplayName="Website Language" />
      </MissingDependency>
      <MissingDependency>
        <Required key="0" type="1" schemaName="adx_websitelanguage" displayName="Website Language" solution="MicrosoftCrmPortalBase (8.2.0007)" />
        <Dependent key="6" type="10" schemaName="adx_adx_publishingstate_adx_websitelanguage_PublishingState" displayName="adx_adx_publishingstate_adx_websitelanguage_PublishingState" parentSchemaName="adx_websitelanguage" parentDisplayName="Website Language" />
      </MissingDependency>
      <MissingDependency>
        <Required key="7" type="1" schemaName="adx_webpage" displayName="Web Page" solution="MicrosoftCrmPortalDependencies (8.1.0008)" />
        <Dependent key="0" type="1" schemaName="adx_websitelanguage" displayName="Website Language" />
      </MissingDependency>
      <MissingDependency>
        <Required key="8" type="1" schemaName="adx_weblinkset" displayName="Web Link Set" solution="MicrosoftCrmPortalDependencies (8.1.0008)" />
        <Dependent key="0" type="1" schemaName="adx_websitelanguage" displayName="Website Language" />
      </MissingDependency>
      <MissingDependency>
        <Required key="9" type="1" schemaName="adx_website" displayName="Website" solution="MicrosoftCrmPortalDependencies (8.1.0008)" />
        <Dependent key="0" type="1" schemaName="adx_websitelanguage" displayName="Website Language" />
      </MissingDependency>
      <MissingDependency>
        <Required key="10" type="1" schemaName="adx_contentsnippet" displayName="Content Snippet" solution="MicrosoftCrmPortalDependencies (8.1.0008)" />
        <Dependent key="0" type="1" schemaName="adx_websitelanguage" displayName="Website Language" />
      </MissingDependency>
      <MissingDependency>
        <Required key="0" type="1" schemaName="adx_websitelanguage" displayName="Website Language" solution="MicrosoftCrmPortalBase (8.2.0007)" />
        <Dependent key="11" type="2" schemaName="createdonbehalfby" displayName="Created By (Delegate)" parentSchemaName="adx_websitelanguage" parentDisplayName="Website Language" />
      </MissingDependency>
      <MissingDependency>
        <Required key="0" type="1" schemaName="adx_websitelanguage" displayName="Website Language" solution="MicrosoftCrmPortalBase (8.2.0007)" />
        <Dependent key="12" type="2" schemaName="createdonbehalfbyname" parentSchemaName="adx_websitelanguage" parentDisplayName="Website Language" />
      </MissingDependency>
      <MissingDependency>
        <Required key="0" type="1" schemaName="adx_websitelanguage" displayName="Website Language" solution="MicrosoftCrmPortalBase (8.2.0007)" />
        <Dependent key="13" type="2" schemaName="createdbyname" parentSchemaName="adx_websitelanguage" parentDisplayName="Website Language" />
      </MissingDependency>
      <MissingDependency>
        <Required key="0" type="1" schemaName="adx_websitelanguage" displayName="Website Language" solution="MicrosoftCrmPortalBase (8.2.0007)" />
        <Dependent key="0" type="1" schemaName="adx_websitelanguage" displayName="Website Language" />
      </MissingDependency>
      <MissingDependency>
        <Required key="14" type="1" schemaName="adx_webfile" displayName="Web File" solution="MicrosoftCrmPortalDependencies (8.1.0008)" />
        <Dependent key="14" type="1" schemaName="adx_webfile" displayName="Web File" />
      </MissingDependency>
      <MissingDependency>
        <Required key="0" type="1" schemaName="adx_websitelanguage" displayName="Website Language" solution="MicrosoftCrmPortalBase (8.2.0007)" />
        <Dependent key="15" type="2" schemaName="adx_publishingstatename" parentSchemaName="adx_websitelanguage" parentDisplayName="Website Language" />
      </MissingDependency>
      <MissingDependency>
        <Required key="0" type="1" schemaName="adx_websitelanguage" displayName="Website Language" solution="MicrosoftCrmPortalBase (8.2.0007)" />
        <Dependent key="16" type="2" schemaName="ownerid" displayName="Owner" parentSchemaName="adx_websitelanguage" parentDisplayName="Website Language" />
      </MissingDependency>
      <MissingDependency>
        <Required key="0" type="1" schemaName="adx_websitelanguage" displayName="Website Language" solution="MicrosoftCrmPortalBase (8.2.0007)" />
        <Dependent key="17" type="2" schemaName="owneridname" parentSchemaName="adx_websitelanguage" parentDisplayName="Website Language" />
      </MissingDependency>
      <MissingDependency>
        <Required key="0" type="1" schemaName="adx_websitelanguage" displayName="Website Language" solution="MicrosoftCrmPortalBase (8.2.0007)" />
        <Dependent key="18" type="2" schemaName="modifiedbyname" parentSchemaName="adx_websitelanguage" parentDisplayName="Website Language" />
      </MissingDependency>
      <MissingDependency>
        <Required key="0" type="1" schemaName="adx_websitelanguage" displayName="Website Language" solution="MicrosoftCrmPortalBase (8.2.0007)" />
        <Dependent key="19" type="2" schemaName="modifiedonbehalfbyyominame" parentSchemaName="adx_websitelanguage" parentDisplayName="Website Language" />
      </MissingDependency>
      <MissingDependency>
        <Required key="0" type="1" schemaName="adx_websitelanguage" displayName="Website Language" solution="MicrosoftCrmPortalBase (8.2.0007)" />
        <Dependent key="20" type="2" schemaName="owningbusinessunit" displayName="Owning Business Unit" parentSchemaName="adx_websitelanguage" parentDisplayName="Website Language" />
      </MissingDependency>
      <MissingDependency>
        <Required key="0" type="1" schemaName="adx_websitelanguage" displayName="Website Language" solution="MicrosoftCrmPortalBase (8.2.0007)" />
        <Dependent key="21" type="2" schemaName="owneriddsc" parentSchemaName="adx_websitelanguage" parentDisplayName="Website Language" />
      </MissingDependency>
      <MissingDependency>
        <Required key="0" type="1" schemaName="adx_websitelanguage" displayName="Website Language" solution="MicrosoftCrmPortalBase (8.2.0007)" />
        <Dependent key="22" type="2" schemaName="owninguser" displayName="Owning User" parentSchemaName="adx_websitelanguage" parentDisplayName="Website Language" />
      </MissingDependency>
      <MissingDependency>
        <Required key="0" type="1" schemaName="adx_websitelanguage" displayName="Website Language" solution="MicrosoftCrmPortalBase (8.2.0007)" />
        <Dependent key="23" type="2" schemaName="modifiedbyyominame" parentSchemaName="adx_websitelanguage" parentDisplayName="Website Language" />
      </MissingDependency>
      <MissingDependency>
        <Required key="0" type="1" schemaName="adx_websitelanguage" displayName="Website Language" solution="MicrosoftCrmPortalBase (8.2.0007)" />
        <Dependent key="24" type="2" schemaName="createdbyyominame" parentSchemaName="adx_websitelanguage" parentDisplayName="Website Language" />
      </MissingDependency>
      <MissingDependency>
        <Required key="8" type="1" schemaName="adx_weblinkset" displayName="Web Link Set" solution="MicrosoftCrmPortalDependencies (8.1.0008)" />
        <Dependent key="25" type="62" id="{f5baa31b-7f68-e611-80d3-00155d0878f7}" />
      </MissingDependency>
      <MissingDependency>
        <Required key="26" type="1" schemaName="adx_adplacement" displayName="Ad Placement" solution="MicrosoftCrmPortalBase (8.2.0007)" />
        <Dependent key="25" type="62" id="{f5baa31b-7f68-e611-80d3-00155d0878f7}" />
      </MissingDependency>
      <MissingDependency>
        <Required key="27" type="1" schemaName="adx_webrole" displayName="Web Role" solution="MicrosoftCrmPortalDependencies (8.1.0008)" />
        <Dependent key="25" type="62" id="{f5baa31b-7f68-e611-80d3-00155d0878f7}" />
      </MissingDependency>
      <MissingDependency>
        <Required key="28" type="1" schemaName="adx_shortcut" displayName="Shortcut" solution="MicrosoftCrmPortalBase (8.2.0007)" />
        <Dependent key="25" type="62" id="{f5baa31b-7f68-e611-80d3-00155d0878f7}" />
      </MissingDependency>
      <MissingDependency>
        <Required key="29" type="1" schemaName="adx_poll" displayName="Poll" solution="MicrosoftCrmPortalBase (8.2.0007)" />
        <Dependent key="25" type="62" id="{f5baa31b-7f68-e611-80d3-00155d0878f7}" />
      </MissingDependency>
      <MissingDependency>
        <Required key="7" type="1" schemaName="adx_webpage" displayName="Web Page" solution="MicrosoftCrmPortalDependencies (8.1.0008)" />
        <Dependent key="25" type="62" id="{f5baa31b-7f68-e611-80d3-00155d0878f7}" />
      </MissingDependency>
      <MissingDependency>
        <Required key="30" type="1" schemaName="adx_ad" displayName="Ad" solution="MicrosoftCrmPortalBase (8.2.0007)" />
        <Dependent key="25" type="62" id="{f5baa31b-7f68-e611-80d3-00155d0878f7}" />
      </MissingDependency>
      <MissingDependency>
        <Required key="31" type="1" schemaName="adx_webpageaccesscontrolrule" displayName="Web Page Access Control Rule" solution="MicrosoftCrmPortalBase (8.2.0007)" />
        <Dependent key="25" type="62" id="{f5baa31b-7f68-e611-80d3-00155d0878f7}" />
      </MissingDependency>
      <MissingDependency>
        <Required key="9" type="1" schemaName="adx_website" displayName="Website" solution="MicrosoftCrmPortalDependencies (8.1.0008)" />
        <Dependent key="25" type="62" id="{f5baa31b-7f68-e611-80d3-00155d0878f7}" />
      </MissingDependency>
      <MissingDependency>
        <Required key="32" type="1" schemaName="adx_webnotificationurl" displayName="Web Notification URL" solution="MicrosoftCrmPortalDependencies (8.1.0008)" />
        <Dependent key="25" type="62" id="{f5baa31b-7f68-e611-80d3-00155d0878f7}" />
      </MissingDependency>
      <MissingDependency>
        <Required key="33" type="1" schemaName="adx_websiteaccess" displayName="Website Access" solution="MicrosoftCrmPortalBase (8.2.0007)" />
        <Dependent key="25" type="62" id="{f5baa31b-7f68-e611-80d3-00155d0878f7}" />
      </MissingDependency>
      <MissingDependency>
        <Required key="10" type="1" schemaName="adx_contentsnippet" displayName="Content Snippet" solution="MicrosoftCrmPortalDependencies (8.1.0008)" />
        <Dependent key="25" type="62" id="{f5baa31b-7f68-e611-80d3-00155d0878f7}" />
      </MissingDependency>
      <MissingDependency>
        <Required key="34" type="1" schemaName="adx_websitebinding" displayName="Website Binding" solution="MicrosoftCrmPortalBase (8.2.0007)" />
        <Dependent key="25" type="62" id="{f5baa31b-7f68-e611-80d3-00155d0878f7}" />
      </MissingDependency>
      <MissingDependency>
        <Required key="35" type="1" schemaName="adx_pagetemplate" displayName="Page Template" solution="MicrosoftCrmPortalDependencies (8.1.0008)" />
        <Dependent key="25" type="62" id="{f5baa31b-7f68-e611-80d3-00155d0878f7}" />
      </MissingDependency>
      <MissingDependency>
        <Required key="36" type="1" schemaName="adx_pollplacement" displayName="Poll Placement" solution="MicrosoftCrmPortalBase (8.2.0007)" />
        <Dependent key="25" type="62" id="{f5baa31b-7f68-e611-80d3-00155d0878f7}" />
      </MissingDependency>
      <MissingDependency>
        <Required key="0" type="1" schemaName="adx_websitelanguage" displayName="Website Language" solution="MicrosoftCrmPortalBase (8.2.0007)" />
        <Dependent key="37" type="2" schemaName="statecodename" parentSchemaName="adx_websitelanguage" parentDisplayName="Website Language" />
      </MissingDependency>
      <MissingDependency>
        <Required key="0" type="1" schemaName="adx_websitelanguage" displayName="Website Language" solution="MicrosoftCrmPortalBase (8.2.0007)" />
        <Dependent key="38" type="2" schemaName="owningteam" displayName="Owning Team" parentSchemaName="adx_websitelanguage" parentDisplayName="Website Language" />
      </MissingDependency>
      <MissingDependency>
        <Required key="0" type="1" schemaName="adx_websitelanguage" displayName="Website Language" solution="MicrosoftCrmPortalBase (8.2.0007)" />
        <Dependent key="39" type="2" schemaName="adx_websiteidname" parentSchemaName="adx_websitelanguage" parentDisplayName="Website Language" />
      </MissingDependency>
      <MissingDependency>
        <Required key="0" type="1" schemaName="adx_websitelanguage" displayName="Website Language" solution="MicrosoftCrmPortalBase (8.2.0007)" />
        <Dependent key="40" type="2" schemaName="statuscodename" parentSchemaName="adx_websitelanguage" parentDisplayName="Website Language" />
      </MissingDependency>
      <MissingDependency>
        <Required key="0" type="1" schemaName="adx_websitelanguage" displayName="Website Language" solution="MicrosoftCrmPortalBase (8.2.0007)" />
        <Dependent key="41" type="2" schemaName="modifiedonbehalfbyname" parentSchemaName="adx_websitelanguage" parentDisplayName="Website Language" />
      </MissingDependency>
      <MissingDependency>
        <Required key="0" type="1" schemaName="adx_websitelanguage" displayName="Website Language" solution="MicrosoftCrmPortalBase (8.2.0007)" />
        <Dependent key="42" type="2" schemaName="createdby" displayName="Created By" parentSchemaName="adx_websitelanguage" parentDisplayName="Website Language" />
      </MissingDependency>
      <MissingDependency>
        <Required key="0" type="1" schemaName="adx_websitelanguage" displayName="Website Language" solution="MicrosoftCrmPortalBase (8.2.0007)" />
        <Dependent key="43" type="2" schemaName="modifiedonbehalfby" displayName="Modified By (Delegate)" parentSchemaName="adx_websitelanguage" parentDisplayName="Website Language" />
      </MissingDependency>
      <MissingDependency>
        <Required key="0" type="1" schemaName="adx_websitelanguage" displayName="Website Language" solution="MicrosoftCrmPortalBase (8.2.0007)" />
        <Dependent key="44" type="2" schemaName="owneridyominame" parentSchemaName="adx_websitelanguage" parentDisplayName="Website Language" />
      </MissingDependency>
      <MissingDependency>
        <Required key="0" type="1" schemaName="adx_websitelanguage" displayName="Website Language" solution="MicrosoftCrmPortalBase (8.2.0007)" />
        <Dependent key="45" type="2" schemaName="owneridtype" parentSchemaName="adx_websitelanguage" parentDisplayName="Website Language" />
      </MissingDependency>
      <MissingDependency>
        <Required key="0" type="1" schemaName="adx_websitelanguage" displayName="Website Language" solution="MicrosoftCrmPortalBase (8.2.0007)" />
        <Dependent key="46" type="2" schemaName="adx_portallanguageidname" parentSchemaName="adx_websitelanguage" parentDisplayName="Website Language" />
      </MissingDependency>
      <MissingDependency>
        <Required key="0" type="1" schemaName="adx_websitelanguage" displayName="Website Language" solution="MicrosoftCrmPortalBase (8.2.0007)" />
        <Dependent key="47" type="2" schemaName="versionnumber" parentSchemaName="adx_websitelanguage" parentDisplayName="Website Language" />
      </MissingDependency>
      <MissingDependency>
        <Required key="0" type="1" schemaName="adx_websitelanguage" displayName="Website Language" solution="MicrosoftCrmPortalBase (8.2.0007)" />
        <Dependent key="48" type="2" schemaName="createdonbehalfbyyominame" parentSchemaName="adx_websitelanguage" parentDisplayName="Website Language" />
      </MissingDependency>
      <MissingDependency>
        <Required key="0" type="1" schemaName="adx_websitelanguage" displayName="Website Language" solution="MicrosoftCrmPortalBase (8.2.0007)" />
        <Dependent key="49" type="2" schemaName="modifiedby" displayName="Modified By" parentSchemaName="adx_websitelanguage" parentDisplayName="Website Language" />
      </MissingDependency>
      <MissingDependency>
        <Required key="50" type="1" schemaName="adx_portallanguage" displayName="Portal Language" solution="MicrosoftCrmPortalBase (8.2.0007)" />
        <Dependent key="1" type="26" schemaName="Portal Search" displayName="Portal Search" parentSchemaName="adx_ideaforum" parentDisplayName="Idea Forum" id="{0bae0a2a-1842-e111-8791-00155d03a708}" />
      </MissingDependency>
      <MissingDependency>
        <Required key="51" type="1" schemaName="adx_sitemarker" displayName="Site Marker" solution="MicrosoftCrmPortalDependencies (8.1.0008)" />
        <Dependent key="25" type="62" id="{f5baa31b-7f68-e611-80d3-00155d0878f7}" />
      </MissingDependency>
      <MissingDependency>
        <Required key="52" type="1" schemaName="adx_sitesetting" displayName="Site Setting" solution="MicrosoftCrmPortalDependencies (8.1.0008)" />
        <Dependent key="25" type="62" id="{f5baa31b-7f68-e611-80d3-00155d0878f7}" />
      </MissingDependency>
      <MissingDependency>
        <Required key="53" type="1" schemaName="adx_publishingstatetransitionrule" displayName="Publishing State Transition Rule" solution="MicrosoftCrmPortalBase (8.2.0007)" />
        <Dependent key="25" type="62" id="{f5baa31b-7f68-e611-80d3-00155d0878f7}" />
      </MissingDependency>
      <MissingDependency>
        <Required key="54" type="1" schemaName="adx_redirect" displayName="Redirect" solution="MicrosoftCrmPortalBase (8.2.0007)" />
        <Dependent key="25" type="62" id="{f5baa31b-7f68-e611-80d3-00155d0878f7}" />
      </MissingDependency>
      <MissingDependency>
        <Required key="27" type="1" schemaName="adx_webrole" displayName="Web Role" solution="MicrosoftCrmPortalDependencies (8.1.0008)" />
        <Dependent key="55" type="60" displayName="Information" parentDisplayName="Idea Forum" id="{6014cfb1-ffc7-40ec-981d-5243badbc92d}" />
      </MissingDependency>
      <MissingDependency>
        <Required key="9" type="1" schemaName="adx_website" displayName="Website" solution="MicrosoftCrmPortalDependencies (8.1.0008)" />
        <Dependent key="2" type="10" schemaName="adx_adx_website_adx_websitelanguage" displayName="adx_adx_website_adx_websitelanguage" parentSchemaName="adx_websitelanguage" parentDisplayName="Website Language" />
      </MissingDependency>
      <MissingDependency>
        <Required key="9" type="1" schemaName="adx_website" displayName="Website" solution="MicrosoftCrmPortalDependencies (8.1.0008)" />
        <Dependent key="56" type="10" schemaName="adx_website_ideaforum" displayName="adx_website_ideaforum" parentSchemaName="adx_ideaforum" parentDisplayName="Idea Forum" />
      </MissingDependency>
      <MissingDependency>
        <Required key="50" type="1" schemaName="adx_portallanguage" displayName="Portal Language" solution="MicrosoftCrmPortalBase (8.2.0007)" />
        <Dependent key="3" type="26" schemaName="Portal Search" displayName="Portal Search" parentSchemaName="adx_idea" parentDisplayName="Idea" id="{6eb5d478-1842-e111-8791-00155d03a708}" />
      </MissingDependency>
      <MissingDependency>
        <Required key="50" type="1" schemaName="adx_portallanguage" displayName="Portal Language" solution="MicrosoftCrmPortalBase (8.2.0007)" />
        <Dependent key="5" type="10" schemaName="adx_adx_portallanguage_adx_websitelanguage" displayName="adx_adx_portallanguage_adx_websitelanguage" parentSchemaName="adx_websitelanguage" parentDisplayName="Website Language" />
      </MissingDependency>
      <MissingDependency>
        <Required key="57" type="1" schemaName="adx_publishingstate" displayName="Publishing State" solution="MicrosoftCrmPortalBase (8.2.0007)" />
        <Dependent key="6" type="10" schemaName="adx_adx_publishingstate_adx_websitelanguage_PublishingState" displayName="adx_adx_publishingstate_adx_websitelanguage_PublishingState" parentSchemaName="adx_websitelanguage" parentDisplayName="Website Language" />
      </MissingDependency>
      <MissingDependency>
        <Required key="58" type="2" schemaName="adx_lcid" displayName="LCID" parentSchemaName="adx_portallanguage" parentDisplayName="Portal Language" solution="MicrosoftCrmPortalBase (8.2.0007)" />
        <Dependent key="3" type="26" schemaName="Portal Search" displayName="Portal Search" parentSchemaName="adx_idea" parentDisplayName="Idea" id="{6eb5d478-1842-e111-8791-00155d03a708}" />
      </MissingDependency>
      <MissingDependency>
        <Required key="59" type="2" schemaName="adx_portallanguageid" displayName="Portal Language" parentSchemaName="adx_portallanguage" parentDisplayName="Portal Language" solution="MicrosoftCrmPortalBase (8.2.0007)" />
        <Dependent key="3" type="26" schemaName="Portal Search" displayName="Portal Search" parentSchemaName="adx_idea" parentDisplayName="Idea" id="{6eb5d478-1842-e111-8791-00155d03a708}" />
      </MissingDependency>
      <MissingDependency>
        <Required key="60" type="2" schemaName="adx_publishingstateid" displayName="Publishing State" parentSchemaName="adx_publishingstate" parentDisplayName="Publishing State" solution="MicrosoftCrmPortalBase (8.2.0007)" />
        <Dependent key="6" type="10" schemaName="adx_adx_publishingstate_adx_websitelanguage_PublishingState" displayName="adx_adx_publishingstate_adx_websitelanguage_PublishingState" parentSchemaName="adx_websitelanguage" parentDisplayName="Website Language" />
      </MissingDependency>
      <MissingDependency>
        <Required key="61" type="2" schemaName="adx_name" displayName="Name" parentSchemaName="adx_website" parentDisplayName="Website" solution="MicrosoftCrmPortalDependencies (8.1.0008)" />
        <Dependent key="56" type="10" schemaName="adx_website_ideaforum" displayName="adx_website_ideaforum" parentSchemaName="adx_ideaforum" parentDisplayName="Idea Forum" />
      </MissingDependency>
      <MissingDependency>
        <Required key="62" type="2" schemaName="adx_websiteid" displayName="Website" parentSchemaName="adx_website" parentDisplayName="Website" solution="MicrosoftCrmPortalDependencies (8.1.0008)" />
        <Dependent key="56" type="10" schemaName="adx_website_ideaforum" displayName="adx_website_ideaforum" parentSchemaName="adx_ideaforum" parentDisplayName="Idea Forum" />
      </MissingDependency>
      <MissingDependency>
        <Required key="63" type="2" schemaName="adx_languagecode" displayName="Language Code" parentSchemaName="adx_portallanguage" parentDisplayName="Portal Language" solution="MicrosoftCrmPortalBase (8.2.0007)" />
        <Dependent key="3" type="26" schemaName="Portal Search" displayName="Portal Search" parentSchemaName="adx_idea" parentDisplayName="Idea" id="{6eb5d478-1842-e111-8791-00155d03a708}" />
      </MissingDependency>
      <MissingDependency>
        <Required key="64" type="2" schemaName="adx_name" displayName="Name" parentSchemaName="adx_publishingstate" parentDisplayName="Publishing State" solution="MicrosoftCrmPortalBase (8.2.0007)" />
        <Dependent key="6" type="10" schemaName="adx_adx_publishingstate_adx_websitelanguage_PublishingState" displayName="adx_adx_publishingstate_adx_websitelanguage_PublishingState" parentSchemaName="adx_websitelanguage" parentDisplayName="Website Language" />
      </MissingDependency>
      <MissingDependency>
        <Required key="62" type="2" schemaName="adx_websiteid" displayName="Website" parentSchemaName="adx_website" parentDisplayName="Website" solution="MicrosoftCrmPortalDependencies (8.1.0008)" />
        <Dependent key="2" type="10" schemaName="adx_adx_website_adx_websitelanguage" displayName="adx_adx_website_adx_websitelanguage" parentSchemaName="adx_websitelanguage" parentDisplayName="Website Language" />
      </MissingDependency>
      <MissingDependency>
        <Required key="59" type="2" schemaName="adx_portallanguageid" displayName="Portal Language" parentSchemaName="adx_portallanguage" parentDisplayName="Portal Language" solution="MicrosoftCrmPortalBase (8.2.0007)" />
        <Dependent key="5" type="10" schemaName="adx_adx_portallanguage_adx_websitelanguage" displayName="adx_adx_portallanguage_adx_websitelanguage" parentSchemaName="adx_websitelanguage" parentDisplayName="Website Language" />
      </MissingDependency>
      <MissingDependency>
        <Required key="65" type="2" schemaName="adx_name" displayName="Name" parentSchemaName="adx_portallanguage" parentDisplayName="Portal Language" solution="MicrosoftCrmPortalBase (8.2.0007)" />
        <Dependent key="5" type="10" schemaName="adx_adx_portallanguage_adx_websitelanguage" displayName="adx_adx_portallanguage_adx_websitelanguage" parentSchemaName="adx_websitelanguage" parentDisplayName="Website Language" />
      </MissingDependency>
      <MissingDependency>
        <Required key="59" type="2" schemaName="adx_portallanguageid" displayName="Portal Language" parentSchemaName="adx_portallanguage" parentDisplayName="Portal Language" solution="MicrosoftCrmPortalBase (8.2.0007)" />
        <Dependent key="1" type="26" schemaName="Portal Search" displayName="Portal Search" parentSchemaName="adx_ideaforum" parentDisplayName="Idea Forum" id="{0bae0a2a-1842-e111-8791-00155d03a708}" />
      </MissingDependency>
      <MissingDependency>
        <Required key="63" type="2" schemaName="adx_languagecode" displayName="Language Code" parentSchemaName="adx_portallanguage" parentDisplayName="Portal Language" solution="MicrosoftCrmPortalBase (8.2.0007)" />
        <Dependent key="1" type="26" schemaName="Portal Search" displayName="Portal Search" parentSchemaName="adx_ideaforum" parentDisplayName="Idea Forum" id="{0bae0a2a-1842-e111-8791-00155d03a708}" />
      </MissingDependency>
      <MissingDependency>
        <Required key="58" type="2" schemaName="adx_lcid" displayName="LCID" parentSchemaName="adx_portallanguage" parentDisplayName="Portal Language" solution="MicrosoftCrmPortalBase (8.2.0007)" />
        <Dependent key="1" type="26" schemaName="Portal Search" displayName="Portal Search" parentSchemaName="adx_ideaforum" parentDisplayName="Idea Forum" id="{0bae0a2a-1842-e111-8791-00155d03a708}" />
      </MissingDependency>
      <MissingDependency>
        <Required key="61" type="2" schemaName="adx_name" displayName="Name" parentSchemaName="adx_website" parentDisplayName="Website" solution="MicrosoftCrmPortalDependencies (8.1.0008)" />
        <Dependent key="2" type="10" schemaName="adx_adx_website_adx_websitelanguage" displayName="adx_adx_website_adx_websitelanguage" parentSchemaName="adx_websitelanguage" parentDisplayName="Website Language" />
      </MissingDependency>
      <MissingDependency>
        <Required key="27" type="1" schemaName="adx_webrole" displayName="Web Role" solution="MicrosoftCrmPortalDependencies (8.1.0008)" />
        <Dependent key="66" type="10" schemaName="adx_webrole_ideaforum_write" displayName="adx_webrole_ideaforum_write" parentSchemaName="adx_ideaforum" parentDisplayName="Idea Forum" />
      </MissingDependency>
      <MissingDependency>
        <Required key="14" type="1" schemaName="adx_webfile" displayName="Web File" solution="MicrosoftCrmPortalDependencies (8.1.0008)" />
        <Dependent key="67" type="10" schemaName="adx_idea_webfile" displayName="adx_idea_webfile" parentSchemaName="adx_webfile" parentDisplayName="Web File" />
      </MissingDependency>
      <MissingDependency>
        <Required key="27" type="1" schemaName="adx_webrole" displayName="Web Role" solution="MicrosoftCrmPortalDependencies (8.1.0008)" />
        <Dependent key="68" type="10" schemaName="adx_webrole_ideaforum_read" displayName="adx_webrole_ideaforum_read" parentSchemaName="adx_ideaforum" parentDisplayName="Idea Forum" />
      </MissingDependency>
      <MissingDependency>
        <Required key="69" type="26" schemaName="Ratings" displayName="Ratings" parentSchemaName="feedback" parentDisplayName="Feedback" solution="Feedback (8.1.0010)" id="{76b049a4-600a-4082-918e-a23444ecc8cd}" />
        <Dependent key="70" type="60" displayName="Information" parentDisplayName="Idea" id="{bf5bcd02-a6a5-45c0-94d4-aa7174766279}" />
      </MissingDependency>
      <MissingDependency>
        <Required key="71" type="26" schemaName="Active Web Files" displayName="Active Web Files" parentSchemaName="adx_webfile" parentDisplayName="Web File" solution="MicrosoftCrmPortalDependencies (8.1.0008)" id="{031f8184-11b6-44ee-8fad-3d968385580c}" />
        <Dependent key="70" type="60" displayName="Information" parentDisplayName="Idea" id="{bf5bcd02-a6a5-45c0-94d4-aa7174766279}" />
      </MissingDependency>
      <MissingDependency>
        <Required key="72" type="26" schemaName="Comments" displayName="Comments" parentSchemaName="feedback" parentDisplayName="Feedback" solution="Feedback (8.1.0010)" id="{f957cd62-6b44-4675-99d8-052f319eb314}" />
        <Dependent key="70" type="60" displayName="Information" parentDisplayName="Idea" id="{bf5bcd02-a6a5-45c0-94d4-aa7174766279}" />
      </MissingDependency>
      <MissingDependency>
        <Required key="73" type="26" schemaName="Active Web Roles" displayName="Active Web Roles" parentSchemaName="adx_webrole" parentDisplayName="Web Role" solution="MicrosoftCrmPortalDependencies (8.1.0008)" id="{8a3aad5d-06ee-40ad-a1ba-000c521a8f83}" />
        <Dependent key="55" type="60" displayName="Information" parentDisplayName="Idea Forum" id="{6014cfb1-ffc7-40ec-981d-5243badbc92d}" />
      </MissingDependency>
      <MissingDependency>
        <Required key="74" type="61" schemaName="adx_ckeditor/adx.ckeditor.html" displayName="adx_ckeditor/adx.ckeditor.html" solution="MicrosoftCrmPortalBase (8.2.0007)" />
        <Dependent key="55" type="60" displayName="Information" parentDisplayName="Idea Forum" id="{6014cfb1-ffc7-40ec-981d-5243badbc92d}" />
      </MissingDependency>
      <MissingDependency>
        <Required key="75" type="61" schemaName="msa_resources/ResourcesManager.js" displayName="msa_resources/ResourcesManager.js" solution="MicrosoftCrmPortalDependencies (8.1.0008)" />
        <Dependent key="55" type="60" displayName="Information" parentDisplayName="Idea Forum" id="{6014cfb1-ffc7-40ec-981d-5243badbc92d}" />
      </MissingDependency>
      <MissingDependency>
        <Required key="76" type="61" schemaName="msa_scripts/jquery1.9.1.min.js" displayName="msa_scripts/jquery1.9.1.min.js" solution="MicrosoftCrmPortalDependencies (8.1.0008)" />
        <Dependent key="55" type="60" displayName="Information" parentDisplayName="Idea Forum" id="{6014cfb1-ffc7-40ec-981d-5243badbc92d}" />
      </MissingDependency>
      <MissingDependency>
        <Required key="74" type="61" schemaName="adx_ckeditor/adx.ckeditor.html" displayName="adx_ckeditor/adx.ckeditor.html" solution="MicrosoftCrmPortalBase (8.2.0007)" />
        <Dependent key="70" type="60" displayName="Information" parentDisplayName="Idea" id="{bf5bcd02-a6a5-45c0-94d4-aa7174766279}" />
      </MissingDependency>
      <MissingDependency>
        <Required key="77" type="61" schemaName="msa_icon_nav_portals_32.png" displayName="msa_icon_nav_portals_32.png" solution="MicrosoftCrmPortalDependencies (8.1.0008)" />
        <Dependent key="25" type="62" id="{f5baa31b-7f68-e611-80d3-00155d0878f7}" />
      </MissingDependency>
      <MissingDependency>
        <Required key="78" type="61" schemaName="msa_Adx_icon_webfile_small" displayName="msa_Adx_icon_webfile_small" solution="MicrosoftCrmPortalDependencies (8.1.0008)" />
        <Dependent key="14" type="1" schemaName="adx_webfile" displayName="Web File" />
      </MissingDependency>
      <MissingDependency>
        <Required key="79" type="61" schemaName="msa_icon_webfile_medium" displayName="msa_icon_webfile_medium" solution="MicrosoftCrmPortalDependencies (8.1.0008)" />
        <Dependent key="14" type="1" schemaName="adx_webfile" displayName="Web File" />
      </MissingDependency>
    </MissingDependencies>
  </SolutionManifest>
</ImportExportXml>