﻿<?xml version="1.0" encoding="utf-8"?>
<ImportExportXml version="8.1.0000.0122" SolutionPackageVersion="8.1" languagecode="1033" generatedBy="OnPremise" xmlns:xsi="http://www.w3.org/2001/XMLSchema-instance">
  <SolutionManifest>
    <UniqueName>MicrosoftForumsWorkflows</UniqueName>
    <LocalizedNames>
      <LocalizedName description="Dynamics 365 Portals - Discussion Forums Workflows" languagecode="1033" />
      <LocalizedName description="Портали на Dynamics 365 – Работни потоци на дискусионни форуми" languagecode="1026" />
      <LocalizedName description="Portals del Dynamics 365: fluxos de treball de fòrums de debat" languagecode="1027" />
      <LocalizedName description="Portály Dynamics 365 – Pracovní postupy pro diskusní fóra" languagecode="1029" />
      <LocalizedName description="Dynamics 365-portaler - Arbejdsprocesser i debatforummer" languagecode="1030" />
      <LocalizedName description="Dynamics 365-Portale – Workflows für Diskussionsforen" languagecode="1031" />
      <LocalizedName description="Πύλες Dynamics 365 - Ροές εργασίας φόρουμ συζήτησης" languagecode="1032" />
      <LocalizedName description="Portales de Dynamics 365: flujos de trabajo de foros de discusión" languagecode="3082" />
      <LocalizedName description="Dynamics 365 portaalid – arutelufoorumite töövood" languagecode="1061" />
      <LocalizedName description="Dynamics 365 Atariak: eztabaida-foroen lan-fluxuak" languagecode="1069" />
      <LocalizedName description="Dynamics 365 -portaalit – keskustelupalstojen työnkulut" languagecode="1035" />
      <LocalizedName description="Portails Dynamics 365 - Workflows de forums de discussion" languagecode="1036" />
      <LocalizedName description="Portais de Dynamics 365: Fluxos de traballo dos foros de debate" languagecode="1110" />
      <LocalizedName description="Dynamics 365 पोर्टल - चर्चा फ़ोरम कार्यप्रवाह" languagecode="1081" />
      <LocalizedName description="Portali sustava Dynamics 365 – Tijekovi rada foruma za rasprave" languagecode="1050" />
      <LocalizedName description="Dynamics 365 portálok – vitafórumok munkafolyamatai" languagecode="1038" />
      <LocalizedName description="Portal Dynamics 365 - Alur Kerja Forum Diskusi" languagecode="1057" />
      <LocalizedName description="Portali di Dynamics 365 - Flussi di lavoro dei forum di discussione" languagecode="1040" />
      <LocalizedName description="Dynamics 365 ポータル - ディスカッション フォーラム ワークフロー" languagecode="1041" />
      <LocalizedName description="Dynamics 365 порталдары - Талқылау форумдары жұмыс ағындары" languagecode="1087" />
      <LocalizedName description="Dynamics 365 포털 - 토론 포럼 워크플로" languagecode="1042" />
      <LocalizedName description="„Dynamics 365” portalai – diskusijų forumų darbo eigos" languagecode="1063" />
      <LocalizedName description="Dynamics 365 portāli — Diskusiju forumu darbplūsmas" languagecode="1062" />
      <LocalizedName description="Portal Dynamics 365 - Forum Perbincangan Aliran Kerja" languagecode="1086" />
      <LocalizedName description="Dynamics 365-portaler – arbeidsflyter for diskusjonsfora" languagecode="1044" />
      <LocalizedName description="Dynamics 365-portals - Werkstromen voor discussieforums" languagecode="1043" />
      <LocalizedName description="Portale usługi Dynamics 365 — przepływy pracy modułu Fora dyskusyjne" languagecode="1045" />
      <LocalizedName description="Portais do Dynamics 365 - Fluxos de Trabalho dos Fóruns de Discussão" languagecode="1046" />
      <LocalizedName description="Dynamics 365 Portais - Fluxos de Trabalho de Fóruns de Discussão" languagecode="2070" />
      <LocalizedName description="Portaluri Dynamics 365 - Fluxuri de lucru pentru forumuri de discuții" languagecode="1048" />
      <LocalizedName description="Порталы Dynamics 365 — бизнес-процессы дискуссионных форумов" languagecode="1049" />
      <LocalizedName description="Portály systému Dynamics 365 – pracovné postupy v rámci diskusných fór" languagecode="1051" />
      <LocalizedName description="Portali storitve Dynamics 365 – poteki dela forumov za razprave" languagecode="1060" />
      <LocalizedName description="Dynamics 365 портали – Токови посла на дискусионим форумима" languagecode="3098" />
      <LocalizedName description="Dynamics 365 портали – Токови посла на дискусионим форумима" languagecode="10266" />
      <LocalizedName description="Dynamics 365 portali – Tokovi posla na diskusionim forumima" languagecode="2074" />
      <LocalizedName description="Dynamics 365 portali – Tokovi posla na diskusionim forumima" languagecode="9242" />
      <LocalizedName description="Dynamics 365-portaler – arbetsflöden för diskussionsforum" languagecode="1053" />
      <LocalizedName description="พอร์ทัล Dynamics 365 - เวิร์กโฟลว์ของฟอรั่มการสนทนา" languagecode="1054" />
      <LocalizedName description="Dynamics 365 Portalları - Tartışma Forumları İş Akışları" languagecode="1055" />
      <LocalizedName description="Портали Dynamics 365 – робочі цикли дискусійних форумів" languagecode="1058" />
      <LocalizedName description="Cổng thông tin Dynamics 365 - Quy trình làm việc Diễn đàn Thảo luận" languagecode="1066" />
      <LocalizedName description="Dynamics 365 门户 - 论坛工作流" languagecode="2052" />
      <LocalizedName description="Dynamics 365 入口網站 - 論壇工作流程" languagecode="3076" />
      <LocalizedName description="Dynamics 365 入口網站 - 論壇工作流程" languagecode="1028" />
    </LocalizedNames>
    <Descriptions>
      <Description description="Workflow processes utilized by Microsoft Forums." languagecode="1033" />
      <Description description="Процеси на работни потоци, използвани от форумите на Microsoft." languagecode="1026" />
      <Description description="Processos de flux de treball utilitzats pels fòrums de Microsoft." languagecode="1027" />
      <Description description="Procesy pracovních postupů využívané fóry Microsoft" languagecode="1029" />
      <Description description="Arbejdsprocesser, som bruges af Microsoft-forummer." languagecode="1030" />
      <Description description="Von Microsoft-Foren verwendete Workflowprozesse." languagecode="1031" />
      <Description description="Διεργασίες ροής εργασίας που χρησιμοποιούνται από τα φόρουμ της Microsoft." languagecode="1032" />
      <Description description="Procesos de flujo de trabajo usados por foros de Microsoft." languagecode="3082" />
      <Description description="Microsofti foorumite kasutatavad töövooprotsessid." languagecode="1061" />
      <Description description="Microsoft Foroak soluzioak erabiltzen dituen lan-fluxuaren prozesuak." languagecode="1069" />
      <Description description="Microsoftin keskustelupalstojen käyttämät työnkulkuprosessit." languagecode="1035" />
      <Description description="Processus de workflow utilisés par les forums Microsoft." languagecode="1036" />
      <Description description="Procesos de fluxo de traballo usados polos foros de Microsoft." languagecode="1110" />
      <Description description="Microsoft फ़ोरम द्वारा प्रयुक्त कार्यप्रवाह प्रक्रियाएँ." languagecode="1081" />
      <Description description="Procesi tijeka rada koje koriste Microsoft forumi." languagecode="1050" />
      <Description description="A Microsoft-fórumok által használt munkafolyamatok." languagecode="1038" />
      <Description description="Proses alur kerja yang digunakan Forum Microsoft." languagecode="1057" />
      <Description description="Processi del flusso di lavoro usati da forum Microsoft." languagecode="1040" />
      <Description description="Microsoft フォーラムで使用されるワークフロー プロセスです。" languagecode="1041" />
      <Description description="Microsoft форумдарымен пайдаланылған жұмыс ағынының процестері." languagecode="1087" />
      <Description description="Microsoft 포럼에서 이용되는 워크플로 프로세스입니다." languagecode="1042" />
      <Description description="Darbo eigos procesai, kuriuos naudoja „Microsoft“ forumai." languagecode="1063" />
      <Description description="Darbplūsmu procesi, kas tiek izmantoti Microsoft forumos." languagecode="1062" />
      <Description description="Proses aliran kerja digunakan oleh Forum Microsoft." languagecode="1086" />
      <Description description="Arbeidsflytprosesser som brukes av Microsoft-fora." languagecode="1044" />
      <Description description="Door Microsoft-forums gebruikte werkstroomprocessen." languagecode="1043" />
      <Description description="Procesy przepływu pracy używane przez moduł Fora firmy Microsoft." languagecode="1045" />
      <Description description="Processos do fluxo de trabalho utilizados pelos Fóruns da Microsoft." languagecode="1046" />
      <Description description="Processos de fluxo de trabalho utilizados pelos Fóruns da Microsoft." languagecode="2070" />
      <Description description="Procese de flux de lucru utilizate de forumurile Microsoft." languagecode="1048" />
      <Description description="Бизнес-процессы, используемые на форумах Майкрософт." languagecode="1049" />
      <Description description="Procesy pracovných postupov, ktoré sa využívajú vo fórach spoločnosti Microsoft." languagecode="1051" />
      <Description description="Procesi potekov dela, ki jih uporabljajo Microsoftovi forumi." languagecode="1060" />
      <Description description="Процеси тока посла које користе Microsoft форуми." languagecode="3098" />
      <Description description="Процеси тока посла које користе Microsoft форуми." languagecode="10266" />
      <Description description="Procesi toka posla koje koriste Microsoft forumi." languagecode="2074" />
      <Description description="Procesi toka posla koje koriste Microsoft forumi." languagecode="9242" />
      <Description description="Arbetsflödesprocesser som används av Microsoft-forum." languagecode="1053" />
      <Description description="กระบวนการเวิร์กโฟลว์ที่ฟอรั่มของ Microsoft ใช้" languagecode="1054" />
      <Description description="Microsoft Forumları tarafından kullanılan iş akışı işlemleri." languagecode="1055" />
      <Description description="Процеси робочого циклу, використовувані форумами Microsoft." languagecode="1058" />
      <Description description="Quy trình làm việc do Diễn đàn Microsoft sử dụng." languagecode="1066" />
      <Description description="Microsoft 论坛利用的工作流过程。" languagecode="2052" />
      <Description description="Microsoft 論壇使用的工作流程程序。" languagecode="3076" />
      <Description description="Microsoft 論壇使用的工作流程程序。" languagecode="1028" />
    </Descriptions>
    <Version>8.1.0001</Version>
    <Managed>1</Managed>
    <Publisher>
      <UniqueName>adxstudio</UniqueName>
      <LocalizedNames>
        <LocalizedName description="Microsoft" languagecode="1033" />
        <LocalizedName description="Microsoft" languagecode="1026" />
        <LocalizedName description="Microsoft" languagecode="1027" />
        <LocalizedName description="Microsoft" languagecode="1029" />
        <LocalizedName description="Microsoft" languagecode="1030" />
        <LocalizedName description="Microsoft" languagecode="1031" />
        <LocalizedName description="Microsoft" languagecode="1032" />
        <LocalizedName description="Microsoft" languagecode="3082" />
        <LocalizedName description="Microsoft" languagecode="1061" />
        <LocalizedName description="Microsoft" languagecode="1069" />
        <LocalizedName description="Microsoft" languagecode="1035" />
        <LocalizedName description="Microsoft" languagecode="1036" />
        <LocalizedName description="Microsoft" languagecode="1110" />
        <LocalizedName description="Microsoft" languagecode="1081" />
        <LocalizedName description="Microsoft" languagecode="1050" />
        <LocalizedName description="Microsoft" languagecode="1038" />
        <LocalizedName description="Microsoft" languagecode="1057" />
        <LocalizedName description="Microsoft" languagecode="1040" />
        <LocalizedName description="Microsoft" languagecode="1041" />
        <LocalizedName description="Microsoft" languagecode="1087" />
        <LocalizedName description="Microsoft" languagecode="1042" />
        <LocalizedName description="„Microsoft“" languagecode="1063" />
        <LocalizedName description="Microsoft" languagecode="1062" />
        <LocalizedName description="Microsoft" languagecode="1086" />
        <LocalizedName description="Microsoft" languagecode="1044" />
        <LocalizedName description="Microsoft" languagecode="1043" />
        <LocalizedName description="Microsoft" languagecode="1045" />
        <LocalizedName description="Microsoft" languagecode="1046" />
        <LocalizedName description="Microsoft" languagecode="2070" />
        <LocalizedName description="Microsoft" languagecode="1048" />
        <LocalizedName description="Корпорация Майкрософт" languagecode="1049" />
        <LocalizedName description="Microsoft" languagecode="1051" />
        <LocalizedName description="Microsoft" languagecode="1060" />
        <LocalizedName description="Microsoft" languagecode="3098" />
        <LocalizedName description="Microsoft" languagecode="10266" />
        <LocalizedName description="Microsoft" languagecode="2074" />
        <LocalizedName description="Microsoft" languagecode="9242" />
        <LocalizedName description="Microsoft" languagecode="1053" />
        <LocalizedName description="Microsoft" languagecode="1054" />
        <LocalizedName description="Microsoft" languagecode="1055" />
        <LocalizedName description="Microsoft" languagecode="1058" />
        <LocalizedName description="Microsoft" languagecode="1066" />
        <LocalizedName description="Microsoft" languagecode="2052" />
        <LocalizedName description="Microsoft" languagecode="3076" />
        <LocalizedName description="Microsoft" languagecode="1028" />
      </LocalizedNames>
      <Descriptions />
      <EMailAddress>support@adxstudio.com</EMailAddress>
      <SupportingWebsiteUrl>http://www.adxstudio.com</SupportingWebsiteUrl>
      <CustomizationPrefix>adx</CustomizationPrefix>
      <CustomizationOptionValuePrefix>75615</CustomizationOptionValuePrefix>
      <Addresses>
        <Address>
          <AddressNumber>1</AddressNumber>
          <AddressTypeCode>1</AddressTypeCode>
          <City xsi:nil="true"></City>
          <County xsi:nil="true"></County>
          <Country xsi:nil="true"></Country>
          <Fax xsi:nil="true"></Fax>
          <FreightTermsCode xsi:nil="true"></FreightTermsCode>
          <ImportSequenceNumber xsi:nil="true"></ImportSequenceNumber>
          <Latitude xsi:nil="true"></Latitude>
          <Line1 xsi:nil="true"></Line1>
          <Line2 xsi:nil="true"></Line2>
          <Line3 xsi:nil="true"></Line3>
          <Longitude xsi:nil="true"></Longitude>
          <Name xsi:nil="true"></Name>
          <PostalCode xsi:nil="true"></PostalCode>
          <PostOfficeBox xsi:nil="true"></PostOfficeBox>
          <PrimaryContactName xsi:nil="true"></PrimaryContactName>
          <ShippingMethodCode>1</ShippingMethodCode>
          <StateOrProvince xsi:nil="true"></StateOrProvince>
          <Telephone1 xsi:nil="true"></Telephone1>
          <Telephone2 xsi:nil="true"></Telephone2>
          <Telephone3 xsi:nil="true"></Telephone3>
          <TimeZoneRuleVersionNumber xsi:nil="true"></TimeZoneRuleVersionNumber>
          <UPSZone xsi:nil="true"></UPSZone>
          <UTCOffset xsi:nil="true"></UTCOffset>
          <UTCConversionTimeZoneCode xsi:nil="true"></UTCConversionTimeZoneCode>
        </Address>
        <Address>
          <AddressNumber>2</AddressNumber>
          <AddressTypeCode>1</AddressTypeCode>
          <City xsi:nil="true"></City>
          <County xsi:nil="true"></County>
          <Country xsi:nil="true"></Country>
          <Fax xsi:nil="true"></Fax>
          <FreightTermsCode xsi:nil="true"></FreightTermsCode>
          <ImportSequenceNumber xsi:nil="true"></ImportSequenceNumber>
          <Latitude xsi:nil="true"></Latitude>
          <Line1 xsi:nil="true"></Line1>
          <Line2 xsi:nil="true"></Line2>
          <Line3 xsi:nil="true"></Line3>
          <Longitude xsi:nil="true"></Longitude>
          <Name xsi:nil="true"></Name>
          <PostalCode xsi:nil="true"></PostalCode>
          <PostOfficeBox xsi:nil="true"></PostOfficeBox>
          <PrimaryContactName xsi:nil="true"></PrimaryContactName>
          <ShippingMethodCode>1</ShippingMethodCode>
          <StateOrProvince xsi:nil="true"></StateOrProvince>
          <Telephone1 xsi:nil="true"></Telephone1>
          <Telephone2 xsi:nil="true"></Telephone2>
          <Telephone3 xsi:nil="true"></Telephone3>
          <TimeZoneRuleVersionNumber xsi:nil="true"></TimeZoneRuleVersionNumber>
          <UPSZone xsi:nil="true"></UPSZone>
          <UTCOffset xsi:nil="true"></UTCOffset>
          <UTCConversionTimeZoneCode xsi:nil="true"></UTCConversionTimeZoneCode>
        </Address>
      </Addresses>
    </Publisher>
    <RootComponents>
      <RootComponent type="29" id="{70d2aa98-fd83-4d60-a8d2-f52d2c7dfa42}" behavior="0" />
    </RootComponents>
    <MissingDependencies>
      <MissingDependency>
        <Required key="0" type="1" schemaName="adx_communityforum" displayName="Forum" solution="Active" />
        <Dependent key="1" type="29" displayName="ADX Forum Notification" id="{70d2aa98-fd83-4d60-a8d2-f52d2c7dfa42}" />
      </MissingDependency>
      <MissingDependency>
        <Required key="2" type="1" schemaName="adx_forumnotification" displayName="Forum Notification" solution="Active" />
        <Dependent key="1" type="29" displayName="ADX Forum Notification" id="{70d2aa98-fd83-4d60-a8d2-f52d2c7dfa42}" />
      </MissingDependency>
      <MissingDependency>
        <Required key="3" type="1" schemaName="adx_communityforumpost" displayName="Forum Post" solution="Active" />
        <Dependent key="1" type="29" displayName="ADX Forum Notification" id="{70d2aa98-fd83-4d60-a8d2-f52d2c7dfa42}" />
      </MissingDependency>
      <MissingDependency>
        <Required key="4" type="1" schemaName="adx_webpage" displayName="Web Page" solution="MicrosoftCrmPortalDependencies (8.0.0.0)" />
        <Dependent key="1" type="29" displayName="ADX Forum Notification" id="{70d2aa98-fd83-4d60-a8d2-f52d2c7dfa42}" />
      </MissingDependency>
      <MissingDependency>
        <Required key="5" type="2" schemaName="adx_communityforumid" displayName="Forum" parentSchemaName="adx_communityforum" parentDisplayName="Forum" solution="Active" />
        <Dependent key="1" type="29" displayName="ADX Forum Notification" id="{70d2aa98-fd83-4d60-a8d2-f52d2c7dfa42}" />
      </MissingDependency>
      <MissingDependency>
        <Required key="6" type="2" schemaName="adx_forumpostid" displayName="Forum Post Id" parentSchemaName="adx_forumnotification" parentDisplayName="Forum Notification" solution="Active" />
        <Dependent key="1" type="29" displayName="ADX Forum Notification" id="{70d2aa98-fd83-4d60-a8d2-f52d2c7dfa42}" />
      </MissingDependency>
      <MissingDependency>
        <Required key="7" type="2" schemaName="adx_partialurl" displayName="Partial Url" parentSchemaName="adx_communityforum" parentDisplayName="Forum" solution="Active" />
        <Dependent key="1" type="29" displayName="ADX Forum Notification" id="{70d2aa98-fd83-4d60-a8d2-f52d2c7dfa42}" />
      </MissingDependency>
      <MissingDependency>
        <Required key="8" type="2" schemaName="adx_webpageid" displayName="Web Page" parentSchemaName="adx_webpage" parentDisplayName="Web Page" solution="MicrosoftCrmPortalDependencies (8.0.0.0)" />
        <Dependent key="1" type="29" displayName="ADX Forum Notification" id="{70d2aa98-fd83-4d60-a8d2-f52d2c7dfa42}" />
      </MissingDependency>
      <MissingDependency>
        <Required key="9" type="2" schemaName="adx_forumthreadid" displayName="Forum Thread Id" parentSchemaName="adx_forumnotification" parentDisplayName="Forum Notification" solution="Active" />
        <Dependent key="1" type="29" displayName="ADX Forum Notification" id="{70d2aa98-fd83-4d60-a8d2-f52d2c7dfa42}" />
      </MissingDependency>
      <MissingDependency>
        <Required key="10" type="2" schemaName="adx_forum" displayName="Forum" parentSchemaName="adx_forumnotification" parentDisplayName="Forum Notification" solution="Active" />
        <Dependent key="1" type="29" displayName="ADX Forum Notification" id="{70d2aa98-fd83-4d60-a8d2-f52d2c7dfa42}" />
      </MissingDependency>
      <MissingDependency>
        <Required key="11" type="2" schemaName="adx_forumthreadid" displayName="Forum Thread" parentSchemaName="adx_communityforumpost" parentDisplayName="Forum Post" solution="Active" />
        <Dependent key="1" type="29" displayName="ADX Forum Notification" id="{70d2aa98-fd83-4d60-a8d2-f52d2c7dfa42}" />
      </MissingDependency>
      <MissingDependency>
        <Required key="12" type="2" schemaName="adx_partialurl" displayName="Partial URL" parentSchemaName="adx_webpage" parentDisplayName="Web Page" solution="MicrosoftCrmPortalDependencies (8.0.0.0)" />
        <Dependent key="1" type="29" displayName="ADX Forum Notification" id="{70d2aa98-fd83-4d60-a8d2-f52d2c7dfa42}" />
      </MissingDependency>
      <MissingDependency>
        <Required key="13" type="2" schemaName="adx_name" displayName="Name" parentSchemaName="adx_forumnotification" parentDisplayName="Forum Notification" solution="Active" />
        <Dependent key="1" type="29" displayName="ADX Forum Notification" id="{70d2aa98-fd83-4d60-a8d2-f52d2c7dfa42}" />
      </MissingDependency>
      <MissingDependency>
        <Required key="14" type="2" schemaName="adx_name" displayName="Name" parentSchemaName="adx_communityforumpost" parentDisplayName="Forum Post" solution="Active" />
        <Dependent key="1" type="29" displayName="ADX Forum Notification" id="{70d2aa98-fd83-4d60-a8d2-f52d2c7dfa42}" />
      </MissingDependency>
      <MissingDependency>
        <Required key="15" type="2" schemaName="adx_recipient" displayName="Recipient" parentSchemaName="adx_forumnotification" parentDisplayName="Forum Notification" solution="Active" />
        <Dependent key="1" type="29" displayName="ADX Forum Notification" id="{70d2aa98-fd83-4d60-a8d2-f52d2c7dfa42}" />
      </MissingDependency>
      <MissingDependency>
        <Required key="16" type="2" schemaName="adx_forumparentpage" displayName="Forum Parent Page" parentSchemaName="adx_forumnotification" parentDisplayName="Forum Notification" solution="Active" />
        <Dependent key="1" type="29" displayName="ADX Forum Notification" id="{70d2aa98-fd83-4d60-a8d2-f52d2c7dfa42}" />
      </MissingDependency>
      <MissingDependency>
        <Required key="17" type="2" schemaName="ownerid" displayName="Owner" parentSchemaName="adx_communityforum" parentDisplayName="Forum" solution="Active" />
        <Dependent key="1" type="29" displayName="ADX Forum Notification" id="{70d2aa98-fd83-4d60-a8d2-f52d2c7dfa42}" />
      </MissingDependency>
      <MissingDependency>
        <Required key="18" type="2" schemaName="adx_forumpost" displayName="Forum Post" parentSchemaName="adx_forumnotification" parentDisplayName="Forum Notification" solution="Active" />
        <Dependent key="1" type="29" displayName="ADX Forum Notification" id="{70d2aa98-fd83-4d60-a8d2-f52d2c7dfa42}" />
      </MissingDependency>
      <MissingDependency>
        <Required key="19" type="2" schemaName="adx_communityforumpostid" displayName="Forum Post" parentSchemaName="adx_communityforumpost" parentDisplayName="Forum Post" solution="Active" />
        <Dependent key="1" type="29" displayName="ADX Forum Notification" id="{70d2aa98-fd83-4d60-a8d2-f52d2c7dfa42}" />
      </MissingDependency>
      <MissingDependency>
        <Required key="20" type="2" schemaName="adx_name" displayName="Name" parentSchemaName="adx_webpage" parentDisplayName="Web Page" solution="MicrosoftCrmPortalDependencies (8.0.0.0)" />
        <Dependent key="1" type="29" displayName="ADX Forum Notification" id="{70d2aa98-fd83-4d60-a8d2-f52d2c7dfa42}" />
      </MissingDependency>
      <MissingDependency>
        <Required key="21" type="2" schemaName="adx_forumnotificationid" displayName="Forum Notification" parentSchemaName="adx_forumnotification" parentDisplayName="Forum Notification" solution="Active" />
        <Dependent key="1" type="29" displayName="ADX Forum Notification" id="{70d2aa98-fd83-4d60-a8d2-f52d2c7dfa42}" />
      </MissingDependency>
      <MissingDependency>
        <Required key="22" type="2" schemaName="adx_name" displayName="Name" parentSchemaName="adx_communityforum" parentDisplayName="Forum" solution="Active" />
        <Dependent key="1" type="29" displayName="ADX Forum Notification" id="{70d2aa98-fd83-4d60-a8d2-f52d2c7dfa42}" />
      </MissingDependency>
      <MissingDependency>
        <Required key="23" type="10" schemaName="adx_webpage_forumnotification" displayName="adx_webpage_forumnotification" parentSchemaName="adx_forumnotification" parentDisplayName="Forum Notification" solution="Active" />
        <Dependent key="1" type="29" displayName="ADX Forum Notification" id="{70d2aa98-fd83-4d60-a8d2-f52d2c7dfa42}" />
      </MissingDependency>
      <MissingDependency>
        <Required key="24" type="10" schemaName="adx_communityforumpost_forumnotification" displayName="adx_communityforumpost_forumnotification" parentSchemaName="adx_forumnotification" parentDisplayName="Forum Notification" solution="Active" />
        <Dependent key="1" type="29" displayName="ADX Forum Notification" id="{70d2aa98-fd83-4d60-a8d2-f52d2c7dfa42}" />
      </MissingDependency>
      <MissingDependency>
        <Required key="25" type="10" schemaName="adx_communityforum_forumnotification" displayName="adx_communityforum_forumnotification" parentSchemaName="adx_forumnotification" parentDisplayName="Forum Notification" solution="Active" />
        <Dependent key="1" type="29" displayName="ADX Forum Notification" id="{70d2aa98-fd83-4d60-a8d2-f52d2c7dfa42}" />
      </MissingDependency>
    </MissingDependencies>
  </SolutionManifest>
</ImportExportXml>