﻿<?xml version="1.0" encoding="utf-8"?>
<ImportExportXml version="8.1.0000.0641" SolutionPackageVersion="8.1" languagecode="1033" generatedBy="OnPremise" xmlns:xsi="http://www.w3.org/2001/XMLSchema-instance">
  <SolutionManifest>
    <UniqueName>MicrosoftIdentitySystemWorkflows</UniqueName>
    <LocalizedNames>
      <LocalizedName description="Dynamics 365 Portals - Identity System Workflows" languagecode="1033" />
      <LocalizedName description="Портали на Dynamics 365 – Работни потоци на системата за самоличност" languagecode="1026" />
      <LocalizedName description="Portals del Dynamics 365: fluxos de treball de sistema d'identitat" languagecode="1027" />
      <LocalizedName description="Portály Dynamics 365 – Systémové pracovní postupy pro identitu" languagecode="1029" />
      <LocalizedName description="Dynamics 365-portaler - Systemarbejdsprocesser til identitet" languagecode="1030" />
      <LocalizedName description="Dynamics 365-Portale – Systemworkflows für die Identität" languagecode="1031" />
      <LocalizedName description="Πύλες Dynamics 365 - Ροές εργασίας συστήματος ταυτότητας" languagecode="1032" />
      <LocalizedName description="Portales de Dynamics 365: flujos de trabajo del sistema de identidad" languagecode="3082" />
      <LocalizedName description="Dynamics 365 portaalid – identiteedi süsteemi töövood" languagecode="1061" />
      <LocalizedName description="Dynamics 365 Atariak: identitate-sistemaren lan-fluxuak" languagecode="1069" />
      <LocalizedName description="Dynamics 365 -portaalit – käyttäjätietojen järjestelmätyönkulut" languagecode="1035" />
      <LocalizedName description="Portails Dynamics 365 - Workflows système d'identité" languagecode="1036" />
      <LocalizedName description="Portais de Dynamics 365: Fluxos de traballo do sistema de identidade" languagecode="1110" />
      <LocalizedName description="Dynamics 365 पोर्टल - पहचान सिस्टम कार्यप्रवाह" languagecode="1081" />
      <LocalizedName description="Portali sustava Dynamics 365 – Tijekovi rada sustava Identity" languagecode="1050" />
      <LocalizedName description="Dynamics 365 portálok – Identity rendszer-munkafolyamatai" languagecode="1038" />
      <LocalizedName description="Portal Dynamics 365 - Alur Kerja Sistem Identitas" languagecode="1057" />
      <LocalizedName description="Portali di Dynamics 365 - Flussi di lavoro di sistema di identità" languagecode="1040" />
      <LocalizedName description="Dynamics 365 ポータル - アイデンティティ システム ワークフロー" languagecode="1041" />
      <LocalizedName description="Dynamics 365 порталдары - Сәйкестік жүйесі жұмыс ағындары" languagecode="1087" />
      <LocalizedName description="Dynamics 365 포털 - ID 시스템 워크플로" languagecode="1042" />
      <LocalizedName description="„Dynamics 365”portalai – tapatybės sistemos darbo eigos" languagecode="1063" />
      <LocalizedName description="Dynamics 365 portāli — Identitāšu sistēmas darbplūsmas" languagecode="1062" />
      <LocalizedName description="Portal Dynamics 365 - Aliran Kerja Sistem Identiti" languagecode="1086" />
      <LocalizedName description="Dynamics 365-portaler – systemarbeidsflyter for identitet" languagecode="1044" />
      <LocalizedName description="Dynamics 365-portals - Identity-systeemwerkstromen" languagecode="1043" />
      <LocalizedName description="Portale usługi Dynamics 365 — systemowe przepływy pracy modułu Tożsamość" languagecode="1045" />
      <LocalizedName description="Portais do Dynamics 365 - Fluxos de Trabalho do Sistema de Identidade" languagecode="1046" />
      <LocalizedName description="Dynamics 365 Portais - Fluxos de Trabalho de Sistema do Identity" languagecode="2070" />
      <LocalizedName description="Portaluri Dynamics 365 - Fluxuri de lucru pentru sistemul de identitate" languagecode="1048" />
      <LocalizedName description="Порталы Dynamics 365 — системные бизнес-процессы удостоверений" languagecode="1049" />
      <LocalizedName description="Portály systému Dynamics 365 – systémové pracovné postupy v rámci identity" languagecode="1051" />
      <LocalizedName description="Portali storitve Dynamics 365 – sistemski poteki dela identitete" languagecode="1060" />
      <LocalizedName description="Dynamics 365 портали – Системски токови посла идентитета" languagecode="3098" />
      <LocalizedName description="Dynamics 365 портали – Системски токови посла идентитета" languagecode="10266" />
      <LocalizedName description="Dynamics 365 portali – Sistemski tokovi posla identiteta" languagecode="2074" />
      <LocalizedName description="Dynamics 365 portali – Sistemski tokovi posla identiteta" languagecode="9242" />
      <LocalizedName description="Dynamics 365-portaler – systemarbetsflöden för identitet" languagecode="1053" />
      <LocalizedName description="พอร์ทัล Dynamics 365 - เวิร์กโฟลว์ของระบบข้อมูลเอกลักษณ์" languagecode="1054" />
      <LocalizedName description="Dynamics 365 Portalları - Kimlik Sistemi İş Akışları" languagecode="1055" />
      <LocalizedName description="Портали Dynamics 365 – робочі цикли системи посвідчень" languagecode="1058" />
      <LocalizedName description="Cổng thông tin Dynamics 365 - Quy trình làm việc Hệ thống Identity" languagecode="1066" />
      <LocalizedName description="Dynamics 365 门户 - 标识系统工作流" languagecode="2052" />
      <LocalizedName description="Dynamics 365 入口網站 - Identity 系統工作流程" languagecode="3076" />
      <LocalizedName description="Dynamics 365 入口網站 - Identity 系統工作流程" languagecode="1028" />
    </LocalizedNames>
    <Descriptions>
      <Description description="Contains the workflow processes that are used by Identity." languagecode="1033" />
      <Description description="Съдържа процесите на работни потоци, използвани от функцията за идентичност." languagecode="1026" />
      <Description description="Conté els processos de flux de treball utilitzats per Identitat." languagecode="1027" />
      <Description description="Obsahuje procesy pracovních postupů používané pro Identitu." languagecode="1029" />
      <Description description="Indeholder de arbejdsprocesser, der bruges af Identity." languagecode="1030" />
      <Description description="Enthält die von Identitäten verwendeten Workflowprozesse." languagecode="1031" />
      <Description description="Περιέχει τις διεργασίες ροής εργασίας που χρησιμοποιούνται από την Ταυτότητα." languagecode="1032" />
      <Description description="Contiene los procesos de flujo de trabajo usados por Identidad." languagecode="3082" />
      <Description description="Sisaldab Identity kasutatavaid töövooprotsesse." languagecode="1061" />
      <Description description="Identity-k erabiltzen dituen lan-fluxuaren prozesuak ditu." languagecode="1069" />
      <Description description="Sisältää käyttäjätietoja varten käytettävät työnkulun prosessit." languagecode="1035" />
      <Description description="Contient les processus de workflow utilisés par Identité." languagecode="1036" />
      <Description description="Contén os procesos de fluxo de traballo que usa Identidade." languagecode="1110" />
      <Description description="वे कार्यप्रवाह प्रक्रियाएँ शामिल हैं, जिनका उपयोग पहचान द्वारा किया जाता है." languagecode="1081" />
      <Description description="Sadrži postupke tijeka rada kojima se koristi Identity." languagecode="1050" />
      <Description description="Az Identity által használt munkafolyamatokat tartalmazza." languagecode="1038" />
      <Description description="Berisi proses alur kerja yang digunakan oleh Identitas." languagecode="1057" />
      <Description description="Contiene i processi del flusso di lavoro usati da Identify." languagecode="1040" />
      <Description description="Identity で使用するワークフロー プロセスが含まれています。" languagecode="1041" />
      <Description description="Идентификатор бойынша пайдаланылатын жұмыс ағыны процестерінен тұрады." languagecode="1087" />
      <Description description="ID에 사용되는 워크플로 프로세스가 들어 있습니다." languagecode="1042" />
      <Description description="Apima darbo eigos procesus, kurie naudojami pagal tapatybę." languagecode="1063" />
      <Description description="Ietver darbplūsmas procesus, kas tiek izmantoti identitātes veidošanai." languagecode="1062" />
      <Description description="Mengandungi proses aliran kerja yang digunakan oleh Identiti." languagecode="1086" />
      <Description description="Inneholder arbeidsflytprosessene som brukes av identitet." languagecode="1044" />
      <Description description="Bevat de werkstroomprocessen die worden gebruikt door Identiteit." languagecode="1043" />
      <Description description="Zawiera procesy przepływów pracy używane przez moduł Tożsamość." languagecode="1045" />
      <Description description="Contém os processos de fluxo de trabalho utilizados pela Identidade." languagecode="1046" />
      <Description description="Contém os processos de fluxo de trabalho utilizados pelo Identity." languagecode="2070" />
      <Description description="Conține procesele de flux de lucru utilizate de Identity." languagecode="1048" />
      <Description description="Содержит бизнес-процессы, используемые удостоверением." languagecode="1049" />
      <Description description="Obsahuje procesy pracovných postupov, ktoré využíva sekcia Identita." languagecode="1051" />
      <Description description="Vsebuje procese potekov dela, ki jih uporablja identiteta." languagecode="1060" />
      <Description description="Садржи процесе тока посла које користи идентитет." languagecode="3098" />
      <Description description="Садржи процесе тока посла које користи идентитет." languagecode="10266" />
      <Description description="Sadrži procese toka posla koje koristi identitet." languagecode="2074" />
      <Description description="Sadrži procese toka posla koje koristi identitet." languagecode="9242" />
      <Description description="Innehåller arbetsflödesprocesser som används av Identitet." languagecode="1053" />
      <Description description="มีกระบวนการเวิร์กโฟลว์ที่ใช้โดยข้อมูลเอกลักษณ์" languagecode="1054" />
      <Description description="Kimlik tarafından kullanılan iş akışı işlemlerini içerir." languagecode="1055" />
      <Description description="Містить процеси робочих циклів, які використовуються посвідченнями." languagecode="1058" />
      <Description description="Chứa các quy trình làm việc được sử dụng bởi Identity." languagecode="1066" />
      <Description description="包含 Identity 所使用的工作流进程。" languagecode="2052" />
      <Description description="包含 Identity 使用的工作流程程序。" languagecode="3076" />
      <Description description="包含 Identity 使用的工作流程程序。" languagecode="1028" />
    </Descriptions>
    <Version>8.3.0.0</Version>
    <Managed>1</Managed>
    <Publisher>
      <UniqueName>adxstudio</UniqueName>
      <LocalizedNames>
        <LocalizedName description="Microsoft" languagecode="1033" />
        <LocalizedName description="Microsoft" languagecode="1026" />
        <LocalizedName description="Microsoft" languagecode="1027" />
        <LocalizedName description="Microsoft" languagecode="1029" />
        <LocalizedName description="Microsoft" languagecode="1030" />
        <LocalizedName description="Microsoft" languagecode="1031" />
        <LocalizedName description="Microsoft" languagecode="1032" />
        <LocalizedName description="Microsoft" languagecode="3082" />
        <LocalizedName description="Microsoft" languagecode="1061" />
        <LocalizedName description="Microsoft" languagecode="1069" />
        <LocalizedName description="Microsoft" languagecode="1035" />
        <LocalizedName description="Microsoft" languagecode="1036" />
        <LocalizedName description="Microsoft" languagecode="1110" />
        <LocalizedName description="Microsoft" languagecode="1081" />
        <LocalizedName description="Microsoft" languagecode="1050" />
        <LocalizedName description="Microsoft" languagecode="1038" />
        <LocalizedName description="Microsoft" languagecode="1057" />
        <LocalizedName description="Microsoft" languagecode="1040" />
        <LocalizedName description="Microsoft" languagecode="1041" />
        <LocalizedName description="Microsoft" languagecode="1087" />
        <LocalizedName description="Microsoft" languagecode="1042" />
        <LocalizedName description="„Microsoft“" languagecode="1063" />
        <LocalizedName description="Microsoft" languagecode="1062" />
        <LocalizedName description="Microsoft" languagecode="1086" />
        <LocalizedName description="Microsoft" languagecode="1044" />
        <LocalizedName description="Microsoft" languagecode="1043" />
        <LocalizedName description="Microsoft" languagecode="1045" />
        <LocalizedName description="Microsoft" languagecode="1046" />
        <LocalizedName description="Microsoft" languagecode="2070" />
        <LocalizedName description="Microsoft" languagecode="1048" />
        <LocalizedName description="Корпорация Майкрософт" languagecode="1049" />
        <LocalizedName description="Microsoft" languagecode="1051" />
        <LocalizedName description="Microsoft" languagecode="1060" />
        <LocalizedName description="Microsoft" languagecode="3098" />
        <LocalizedName description="Microsoft" languagecode="10266" />
        <LocalizedName description="Microsoft" languagecode="2074" />
        <LocalizedName description="Microsoft" languagecode="9242" />
        <LocalizedName description="Microsoft" languagecode="1053" />
        <LocalizedName description="Microsoft" languagecode="1054" />
        <LocalizedName description="Microsoft" languagecode="1055" />
        <LocalizedName description="Microsoft" languagecode="1058" />
        <LocalizedName description="Microsoft" languagecode="1066" />
        <LocalizedName description="Microsoft" languagecode="2052" />
        <LocalizedName description="Microsoft" languagecode="3076" />
        <LocalizedName description="Microsoft" languagecode="1028" />
      </LocalizedNames>
      <Descriptions />
      <EMailAddress>support@adxstudio.com</EMailAddress>
      <SupportingWebsiteUrl>http://www.adxstudio.com</SupportingWebsiteUrl>
      <CustomizationPrefix>adx</CustomizationPrefix>
      <CustomizationOptionValuePrefix>10000</CustomizationOptionValuePrefix>
      <Addresses>
        <Address>
          <AddressNumber>1</AddressNumber>
          <AddressTypeCode>1</AddressTypeCode>
          <City xsi:nil="true"></City>
          <County xsi:nil="true"></County>
          <Country xsi:nil="true"></Country>
          <Fax xsi:nil="true"></Fax>
          <FreightTermsCode xsi:nil="true"></FreightTermsCode>
          <ImportSequenceNumber xsi:nil="true"></ImportSequenceNumber>
          <Latitude xsi:nil="true"></Latitude>
          <Line1 xsi:nil="true"></Line1>
          <Line2 xsi:nil="true"></Line2>
          <Line3 xsi:nil="true"></Line3>
          <Longitude xsi:nil="true"></Longitude>
          <Name xsi:nil="true"></Name>
          <PostalCode xsi:nil="true"></PostalCode>
          <PostOfficeBox xsi:nil="true"></PostOfficeBox>
          <PrimaryContactName xsi:nil="true"></PrimaryContactName>
          <ShippingMethodCode>1</ShippingMethodCode>
          <StateOrProvince xsi:nil="true"></StateOrProvince>
          <Telephone1 xsi:nil="true"></Telephone1>
          <Telephone2 xsi:nil="true"></Telephone2>
          <Telephone3 xsi:nil="true"></Telephone3>
          <TimeZoneRuleVersionNumber xsi:nil="true"></TimeZoneRuleVersionNumber>
          <UPSZone xsi:nil="true"></UPSZone>
          <UTCOffset xsi:nil="true"></UTCOffset>
          <UTCConversionTimeZoneCode xsi:nil="true"></UTCConversionTimeZoneCode>
        </Address>
        <Address>
          <AddressNumber>2</AddressNumber>
          <AddressTypeCode>1</AddressTypeCode>
          <City xsi:nil="true"></City>
          <County xsi:nil="true"></County>
          <Country xsi:nil="true"></Country>
          <Fax xsi:nil="true"></Fax>
          <FreightTermsCode xsi:nil="true"></FreightTermsCode>
          <ImportSequenceNumber xsi:nil="true"></ImportSequenceNumber>
          <Latitude xsi:nil="true"></Latitude>
          <Line1 xsi:nil="true"></Line1>
          <Line2 xsi:nil="true"></Line2>
          <Line3 xsi:nil="true"></Line3>
          <Longitude xsi:nil="true"></Longitude>
          <Name xsi:nil="true"></Name>
          <PostalCode xsi:nil="true"></PostalCode>
          <PostOfficeBox xsi:nil="true"></PostOfficeBox>
          <PrimaryContactName xsi:nil="true"></PrimaryContactName>
          <ShippingMethodCode>1</ShippingMethodCode>
          <StateOrProvince xsi:nil="true"></StateOrProvince>
          <Telephone1 xsi:nil="true"></Telephone1>
          <Telephone2 xsi:nil="true"></Telephone2>
          <Telephone3 xsi:nil="true"></Telephone3>
          <TimeZoneRuleVersionNumber xsi:nil="true"></TimeZoneRuleVersionNumber>
          <UPSZone xsi:nil="true"></UPSZone>
          <UTCOffset xsi:nil="true"></UTCOffset>
          <UTCConversionTimeZoneCode xsi:nil="true"></UTCConversionTimeZoneCode>
        </Address>
      </Addresses>
    </Publisher>
    <RootComponents>
      <RootComponent type="29" id="{79fcb86b-954b-4bd4-8c14-8d5fbb78b84e}" behavior="0" />
      <RootComponent type="29" id="{cc28f20d-009a-437e-9b4d-ff48eb3c8a8a}" behavior="0" />
    </RootComponents>
    <MissingDependencies>
      <MissingDependency>
        <Required key="0" type="2" schemaName="adx_identity_securitystamp" displayName="Security Stamp" parentSchemaName="contact" parentDisplayName="Contact" solution="Active" />
        <Dependent key="1" type="29" displayName="Change Password" id="{cc28f20d-009a-437e-9b4d-ff48eb3c8a8a}" />
      </MissingDependency>
      <MissingDependency>
        <Required key="2" type="2" schemaName="adx_identity_logonenabled" displayName="Login Enabled" parentSchemaName="contact" parentDisplayName="Contact" solution="Active" />
        <Dependent key="1" type="29" displayName="Change Password" id="{cc28f20d-009a-437e-9b4d-ff48eb3c8a8a}" />
      </MissingDependency>
      <MissingDependency>
        <Required key="3" type="2" schemaName="adx_identity_lockoutenabled" displayName="Lockout Enabled" parentSchemaName="contact" parentDisplayName="Contact" solution="Active" />
        <Dependent key="1" type="29" displayName="Change Password" id="{cc28f20d-009a-437e-9b4d-ff48eb3c8a8a}" />
      </MissingDependency>
      <MissingDependency>
        <Required key="4" type="90" schemaName="Adxstudio.Xrm.Workflow.Identity.ChangePassword, Adxstudio.Xrm.Workflow.Identity, Version=1.0.0.2, Culture=neutral, PublicKeyToken=fa79bd0b74a539cd" displayName="Adxstudio.Xrm.Workflow.Identity.ChangePassword" solution="Active" />
        <Dependent key="1" type="29" displayName="Change Password" id="{cc28f20d-009a-437e-9b4d-ff48eb3c8a8a}" />
      </MissingDependency>
      <MissingDependency>
        <Required key="5" type="90" schemaName="Adxstudio.Xrm.Workflow.Identity.SetSecurityStamp, Adxstudio.Xrm.Workflow.Identity, Version=1.0.0.2, Culture=neutral, PublicKeyToken=fa79bd0b74a539cd" displayName="Adxstudio.Xrm.Workflow.Identity.SetSecurityStamp" solution="Active" />
        <Dependent key="6" type="29" displayName="Reset Security Stamp" id="{79fcb86b-954b-4bd4-8c14-8d5fbb78b84e}" />
      </MissingDependency>
      <MissingDependency>
        <Required key="5" type="90" schemaName="Adxstudio.Xrm.Workflow.Identity.SetSecurityStamp, Adxstudio.Xrm.Workflow.Identity, Version=1.0.0.2, Culture=neutral, PublicKeyToken=fa79bd0b74a539cd" displayName="Adxstudio.Xrm.Workflow.Identity.SetSecurityStamp" solution="Active" />
        <Dependent key="1" type="29" displayName="Change Password" id="{cc28f20d-009a-437e-9b4d-ff48eb3c8a8a}" />
      </MissingDependency>
    </MissingDependencies>
  </SolutionManifest>
</ImportExportXml>