﻿<?xml version="1.0" encoding="utf-8"?>
<ImportExportXml version="8.1.0000.0641" SolutionPackageVersion="8.1" languagecode="1033" generatedBy="OnPremise" xmlns:xsi="http://www.w3.org/2001/XMLSchema-instance">
  <SolutionManifest>
    <UniqueName>MicrosoftBlogs</UniqueName>
    <LocalizedNames>
      <LocalizedName description="Dynamics 365 Portals - Blogs" languagecode="1033" />
      <LocalizedName description="Портали на Dynamics 365 – Блогове" languagecode="1026" />
      <LocalizedName description="Portals del Dynamics 365: blocs" languagecode="1027" />
      <LocalizedName description="Portály Dynamics 365 – Blogy" languagecode="1029" />
      <LocalizedName description="Dynamics 365-portaler - Blogs" languagecode="1030" />
      <LocalizedName description="Dynamics 365-Portale – Blogs" languagecode="1031" />
      <LocalizedName description="Πύλες Dynamics 365 - Ιστολόγια" languagecode="1032" />
      <LocalizedName description="Portales de Dynamics 365: blogs" languagecode="3082" />
      <LocalizedName description="Dynamics 365 portaalid – ajaveebid" languagecode="1061" />
      <LocalizedName description="Dynamics 365 Atariak: blogak" languagecode="1069" />
      <LocalizedName description="Dynamics 365 -portaalit – blogit" languagecode="1035" />
      <LocalizedName description="Portails Dynamics 365 - Blogs" languagecode="1036" />
      <LocalizedName description="Portais de Dynamics 365: Blogs" languagecode="1110" />
      <LocalizedName description="Dynamics 365 पोर्टल - ब्लॉग" languagecode="1081" />
      <LocalizedName description="Portali sustava Dynamics 365 – Blogovi" languagecode="1050" />
      <LocalizedName description="Dynamics 365 portálok – blogok" languagecode="1038" />
      <LocalizedName description="Portal Dynamics 365 - Blog" languagecode="1057" />
      <LocalizedName description="Portali di Dynamics 365 - Blog" languagecode="1040" />
      <LocalizedName description="Dynamics 365 ポータル - ブログ" languagecode="1041" />
      <LocalizedName description="Dynamics 365 порталдары - Блогтар" languagecode="1087" />
      <LocalizedName description="Dynamics 365 포털 - 블로그" languagecode="1042" />
      <LocalizedName description="„Dynamics 365” portalai – tinklaraščiai" languagecode="1063" />
      <LocalizedName description="Dynamics 365 portāli — Emuāri" languagecode="1062" />
      <LocalizedName description="Portal Dynamics 365 - Blog" languagecode="1086" />
      <LocalizedName description="Dynamics 365-portaler – blogger" languagecode="1044" />
      <LocalizedName description="Dynamics 365-portals - Blogs" languagecode="1043" />
      <LocalizedName description="Portale usługi Dynamics 365 — blogi" languagecode="1045" />
      <LocalizedName description="Portais do Dynamics 365 - Blogs" languagecode="1046" />
      <LocalizedName description="Dynamics 365 Portais - Blogues" languagecode="2070" />
      <LocalizedName description="Portaluri Dynamics 365 - Bloguri" languagecode="1048" />
      <LocalizedName description="Порталы Dynamics 365 — блоги" languagecode="1049" />
      <LocalizedName description="Portály systému Dynamics 365 – blogy" languagecode="1051" />
      <LocalizedName description="Portali storitve Dynamics 365 – spletni dnevniki" languagecode="1060" />
      <LocalizedName description="Dynamics 365 портали – Блогови" languagecode="3098" />
      <LocalizedName description="Dynamics 365 портали – Блогови" languagecode="10266" />
      <LocalizedName description="Dynamics 365 portali – Blogovi" languagecode="2074" />
      <LocalizedName description="Dynamics 365 portali – Blogovi" languagecode="9242" />
      <LocalizedName description="Dynamics 365-portaler – bloggar" languagecode="1053" />
      <LocalizedName description="พอร์ทัล Dynamics 365 - บล็อก" languagecode="1054" />
      <LocalizedName description="Dynamics 365 Portalları - Bloglar" languagecode="1055" />
      <LocalizedName description="Портали Dynamics 365 – блоґи" languagecode="1058" />
      <LocalizedName description="Cổng thông tin Dynamics 365 - Blog" languagecode="1066" />
      <LocalizedName description="Dynamics 365 门户 - 博客" languagecode="2052" />
      <LocalizedName description="Dynamics 365 入口網站 - 部落格" languagecode="3076" />
      <LocalizedName description="Dynamics 365 入口網站 - 部落格" languagecode="1028" />
    </LocalizedNames>
    <Descriptions>
      <Description description="Blogs extend portals with blogging features, suitable for multi-author corporate blogs." languagecode="1033" />
      <Description description="Блоговете разширяват възможностите на порталите с функции за блог, подходящи за корпоративни блогове с множество автори." languagecode="1026" />
      <Description description="Els blocs amplien els portals amb característiques de bloc adequades per a blocs corporatius de diversos autors." languagecode="1027" />
      <Description description="Blogy rozšiřují portály o blogovací funkce, které jsou vhodné pro podnikové blogy s několika autory." languagecode="1029" />
      <Description description="Blogs udvider portaler med blogfunktioner, som er nyttige for virksomhedsblogs med flere forfattere." languagecode="1030" />
      <Description description="Blogs erweitern Portale um Blogfunktionen, geeignet für Unternehmensblogs mit mehreren Autoren." languagecode="1031" />
      <Description description="Τα ιστολόγια επεκτείνουν Πύλες με δυνατότητες χρήσης ιστολογίων, οι οποίες ενδείκνυνται για εταιρικά ιστολόγια με πολλούς συντάκτες." languagecode="1032" />
      <Description description="Los blogs amplían los portales con características de blog adecuadas para blogs corporativos de varios autores." languagecode="3082" />
      <Description description="Ajaveebid laiendavad portaale ajaveebifunktsioonidega, mis sobivad mitme autoriga ettevõtte ajaveebidele." languagecode="1061" />
      <Description description="Blogek atariak hedatzen dituzte hainbat egile dituzten enpresa-blogetarako egokiak diren blog-eginbideak gehituz." languagecode="1069" />
      <Description description="Blogit laajentavat portaalit blogitoiminnoilla, jotka soveltuvat useiden tekijöiden kirjoittamiin yritysblogeihin." languagecode="1035" />
      <Description description="Les blogs offrent aux portails des fonctionnalités adaptées aux blogs d'entreprise à auteurs multiples." languagecode="1036" />
      <Description description="Os blogs fan medrar os portais con funcións de blog, axeitadas para blogs de empresas de varios autores." languagecode="1110" />
      <Description description="ब्लॉग्स, ब्लॉगिंग सुविधाओं के साथ पोर्टल को विस्तृत करते हैं, जो कि बहु-लेखक कॉर्पोरेट ब्लॉग्स के लिए उपयुक्त है." languagecode="1081" />
      <Description description="Blogovi proširuju portale značajkama za blogove, prikladnim za blogove tvrtki s više autora." languagecode="1050" />
      <Description description="A blogok olyan blogfunkciókkal egészítik ki a portálok szolgáltatásait, amelyek többszerzős együttműködési blogok vezetésére alkalmasak." languagecode="1038" />
      <Description description="Blog dapat memperluas portal dengan fitur blog yang sesuai untuk blog korporat multipenulis." languagecode="1057" />
      <Description description="I blog rendono più sofisticati i portali grazie alle funzionalità adatte ai blog aziendali con più autori." languagecode="1040" />
      <Description description="ブログ作成機能によってポータルを拡張するブログは、複数の作成者による企業ブログに適しています。" languagecode="1041" />
      <Description description="Блогтар бірнеше авторлардың корпоративтік блогтары үшін жарамды блог жүргізу мүмкіндіктері бар порталдарды кеңейтеді." languagecode="1087" />
      <Description description="블로그는 여러 작성자 공동 블로그에 적합한 블로깅 기능으로 포털을 확장합니다." languagecode="1042" />
      <Description description="Interneto dienoraščiai papildo portalus interneto dienoraščių funkcijomis, tinkamomis kelių autorių bendriems interneto dienoraščiams." languagecode="1063" />
      <Description description="Emuāri paplašina portālu iespējas ar emuāru rakstīšanas līdzekļiem, kas ir piemēroti vairāku autoru uzņēmuma emuāriem." languagecode="1062" />
      <Description description="Blog melanjutkan portal dengan ciri blog, sesuai untuk blog korporat berbilang pengarang." languagecode="1086" />
      <Description description="Blogger utvider portaler med bloggfunksjoner som passer for bedriftsblogger med flere forfattere." languagecode="1044" />
      <Description description="Blogs breiden portals uit met bloggingfuncties, die geschikt zijn voor bedrijfsblogs met meerdere auteurs." languagecode="1043" />
      <Description description="Moduł Blogi rozszerza możliwości portali o funkcje blogowania przeznaczone do obsługi firmowych blogów, w których może publikować wielu autorów." languagecode="1045" />
      <Description description="Os blogs ampliam portais com recursos de criação de blogs, adequados para blogs corporativos com vários autores." languagecode="1046" />
      <Description description="Os blogues expandem os portais com funcionalidades indicadas para blogues empresariais de múltiplos autores." languagecode="2070" />
      <Description description="Blogurile extind portalurile cu caracteristici pentru scriere pe blog potrivite pentru blogurile de corporație cu mai mulți autori." languagecode="1048" />
      <Description description="Блоги расширяют возможности порталов благодаря функциям ведения блогов, которые хорошо подходят для корпоративных блогов со множеством авторов." languagecode="1049" />
      <Description description="Blogy rozširujú portály o funkcie blogovania, ktoré sú vhodné pre firemné blogy písané viacerými autormi." languagecode="1051" />
      <Description description="Spletni dnevniki portale razširjajo s funkcijami za spletne dnevnike, ki so primerne za spletne dnevnike podjetij z več avtorji." languagecode="1060" />
      <Description description="Блогови проширују портале функцијама за вођење блога, погодним за блогове корпорација са више аутора." languagecode="3098" />
      <Description description="Блогови проширују портале функцијама за вођење блога, погодним за блогове корпорација са више аутора." languagecode="10266" />
      <Description description="Blogovi proširuju portale funkcijama za vođenje bloga, pogodnim za blogove korporacija sa više autora." languagecode="2074" />
      <Description description="Blogovi proširuju portale funkcijama za vođenje bloga, pogodnim za blogove korporacija sa više autora." languagecode="9242" />
      <Description description="Bloggar utökar portaler med bloggfunktioner som lämpar sig för företagsbloggar med flera författare." languagecode="1053" />
      <Description description="บล็อกขยายประสิทธิภาพพอร์ทัลด้วยคุณสมบัติการสร้างบล็อก ซึ่งเหมาะสำหรับบล็อกของบริษัทที่มีผู้สร้างหลายราย" languagecode="1054" />
      <Description description="Bloglar, portalları birden fazla yazarı bulunan kurumsal bloglar için uygun olan blog özellikleriyle genişletir." languagecode="1055" />
      <Description description="Блоґи доповнюють портали функціями, що дають можливість ведення корпоративних блоґів декількома авторами." languagecode="1058" />
      <Description description="Blog mở rộng cổng thông tin bằng các tính năng viết blog, phù hợp cho blog của công ty mà có nhiều tác giả." languagecode="1066" />
      <Description description="博客通过博客功能延伸出了门户，这适合多作者合作博客。" languagecode="2052" />
      <Description description="部落格有適合多作者公司部落格的功能，藉以擴充入口網站。" languagecode="3076" />
      <Description description="部落格有適合多作者公司部落格的功能，藉以擴充入口網站。" languagecode="1028" />
    </Descriptions>
    <Version>8.3.0.0</Version>
    <Managed>1</Managed>
    <Publisher>
      <UniqueName>adxstudio</UniqueName>
      <LocalizedNames>
        <LocalizedName description="Microsoft" languagecode="1033" />
        <LocalizedName description="Microsoft" languagecode="1026" />
        <LocalizedName description="Microsoft" languagecode="1027" />
        <LocalizedName description="Microsoft" languagecode="1029" />
        <LocalizedName description="Microsoft" languagecode="1030" />
        <LocalizedName description="Microsoft" languagecode="1031" />
        <LocalizedName description="Microsoft" languagecode="1032" />
        <LocalizedName description="Microsoft" languagecode="3082" />
        <LocalizedName description="Microsoft" languagecode="1061" />
        <LocalizedName description="Microsoft" languagecode="1069" />
        <LocalizedName description="Microsoft" languagecode="1035" />
        <LocalizedName description="Microsoft" languagecode="1036" />
        <LocalizedName description="Microsoft" languagecode="1110" />
        <LocalizedName description="Microsoft" languagecode="1081" />
        <LocalizedName description="Microsoft" languagecode="1050" />
        <LocalizedName description="Microsoft" languagecode="1038" />
        <LocalizedName description="Microsoft" languagecode="1057" />
        <LocalizedName description="Microsoft" languagecode="1040" />
        <LocalizedName description="Microsoft" languagecode="1041" />
        <LocalizedName description="Microsoft" languagecode="1087" />
        <LocalizedName description="Microsoft" languagecode="1042" />
        <LocalizedName description="„Microsoft“" languagecode="1063" />
        <LocalizedName description="Microsoft" languagecode="1062" />
        <LocalizedName description="Microsoft" languagecode="1086" />
        <LocalizedName description="Microsoft" languagecode="1044" />
        <LocalizedName description="Microsoft" languagecode="1043" />
        <LocalizedName description="Microsoft" languagecode="1045" />
        <LocalizedName description="Microsoft" languagecode="1046" />
        <LocalizedName description="Microsoft" languagecode="2070" />
        <LocalizedName description="Microsoft" languagecode="1048" />
        <LocalizedName description="Корпорация Майкрософт" languagecode="1049" />
        <LocalizedName description="Microsoft" languagecode="1051" />
        <LocalizedName description="Microsoft" languagecode="1060" />
        <LocalizedName description="Microsoft" languagecode="3098" />
        <LocalizedName description="Microsoft" languagecode="10266" />
        <LocalizedName description="Microsoft" languagecode="2074" />
        <LocalizedName description="Microsoft" languagecode="9242" />
        <LocalizedName description="Microsoft" languagecode="1053" />
        <LocalizedName description="Microsoft" languagecode="1054" />
        <LocalizedName description="Microsoft" languagecode="1055" />
        <LocalizedName description="Microsoft" languagecode="1058" />
        <LocalizedName description="Microsoft" languagecode="1066" />
        <LocalizedName description="Microsoft" languagecode="2052" />
        <LocalizedName description="Microsoft" languagecode="3076" />
        <LocalizedName description="Microsoft" languagecode="1028" />
      </LocalizedNames>
      <Descriptions />
      <EMailAddress>support@adxstudio.com</EMailAddress>
      <SupportingWebsiteUrl>http://www.adxstudio.com</SupportingWebsiteUrl>
      <CustomizationPrefix>adx</CustomizationPrefix>
      <CustomizationOptionValuePrefix>75615</CustomizationOptionValuePrefix>
      <Addresses>
        <Address>
          <AddressNumber>1</AddressNumber>
          <AddressTypeCode>1</AddressTypeCode>
          <City xsi:nil="true"></City>
          <County xsi:nil="true"></County>
          <Country xsi:nil="true"></Country>
          <Fax xsi:nil="true"></Fax>
          <FreightTermsCode xsi:nil="true"></FreightTermsCode>
          <ImportSequenceNumber xsi:nil="true"></ImportSequenceNumber>
          <Latitude xsi:nil="true"></Latitude>
          <Line1 xsi:nil="true"></Line1>
          <Line2 xsi:nil="true"></Line2>
          <Line3 xsi:nil="true"></Line3>
          <Longitude xsi:nil="true"></Longitude>
          <Name xsi:nil="true"></Name>
          <PostalCode xsi:nil="true"></PostalCode>
          <PostOfficeBox xsi:nil="true"></PostOfficeBox>
          <PrimaryContactName xsi:nil="true"></PrimaryContactName>
          <ShippingMethodCode>1</ShippingMethodCode>
          <StateOrProvince xsi:nil="true"></StateOrProvince>
          <Telephone1 xsi:nil="true"></Telephone1>
          <Telephone2 xsi:nil="true"></Telephone2>
          <Telephone3 xsi:nil="true"></Telephone3>
          <TimeZoneRuleVersionNumber xsi:nil="true"></TimeZoneRuleVersionNumber>
          <UPSZone xsi:nil="true"></UPSZone>
          <UTCOffset xsi:nil="true"></UTCOffset>
          <UTCConversionTimeZoneCode xsi:nil="true"></UTCConversionTimeZoneCode>
        </Address>
        <Address>
          <AddressNumber>2</AddressNumber>
          <AddressTypeCode>1</AddressTypeCode>
          <City xsi:nil="true"></City>
          <County xsi:nil="true"></County>
          <Country xsi:nil="true"></Country>
          <Fax xsi:nil="true"></Fax>
          <FreightTermsCode xsi:nil="true"></FreightTermsCode>
          <ImportSequenceNumber xsi:nil="true"></ImportSequenceNumber>
          <Latitude xsi:nil="true"></Latitude>
          <Line1 xsi:nil="true"></Line1>
          <Line2 xsi:nil="true"></Line2>
          <Line3 xsi:nil="true"></Line3>
          <Longitude xsi:nil="true"></Longitude>
          <Name xsi:nil="true"></Name>
          <PostalCode xsi:nil="true"></PostalCode>
          <PostOfficeBox xsi:nil="true"></PostOfficeBox>
          <PrimaryContactName xsi:nil="true"></PrimaryContactName>
          <ShippingMethodCode>1</ShippingMethodCode>
          <StateOrProvince xsi:nil="true"></StateOrProvince>
          <Telephone1 xsi:nil="true"></Telephone1>
          <Telephone2 xsi:nil="true"></Telephone2>
          <Telephone3 xsi:nil="true"></Telephone3>
          <TimeZoneRuleVersionNumber xsi:nil="true"></TimeZoneRuleVersionNumber>
          <UPSZone xsi:nil="true"></UPSZone>
          <UTCOffset xsi:nil="true"></UTCOffset>
          <UTCConversionTimeZoneCode xsi:nil="true"></UTCConversionTimeZoneCode>
        </Address>
      </Addresses>
    </Publisher>
    <RootComponents>
      <RootComponent type="1" schemaName="adx_blog" behavior="0" />
      <RootComponent type="1" schemaName="adx_blogpost" behavior="0" />
      <RootComponent type="1" schemaName="adx_webfile" behavior="2" />
      <RootComponent type="1" schemaName="adx_websitelanguage" behavior="0" />
      <RootComponent type="60" id="{c71ed4f8-139d-46c2-bc43-7c6bfc87a5e5}" behavior="0" />
      <RootComponent type="61" schemaName="adx_blog_icon_medium" behavior="0" />
      <RootComponent type="61" schemaName="adx_blog_icon_small" behavior="0" />
      <RootComponent type="61" schemaName="adx_validatePartialUrl" behavior="0" />
      <RootComponent type="62" behavior="0" />
    </RootComponents>
    <MissingDependencies>
      <MissingDependency>
        <Required key="0" type="1" schemaName="adx_websitelanguage" displayName="Website Language" solution="MicrosoftCrmPortalBase (8.1.0010)" />
        <Dependent key="0" type="1" schemaName="adx_websitelanguage" displayName="Website Language" />
      </MissingDependency>
      <MissingDependency>
        <Required key="0" type="1" schemaName="adx_websitelanguage" displayName="Website Language" solution="MicrosoftCrmPortalBase (8.1.0010)" />
        <Dependent key="1" type="2" schemaName="owneridyominame" parentSchemaName="adx_websitelanguage" parentDisplayName="Website Language" />
      </MissingDependency>
      <MissingDependency>
        <Required key="0" type="1" schemaName="adx_websitelanguage" displayName="Website Language" solution="MicrosoftCrmPortalBase (8.1.0010)" />
        <Dependent key="2" type="2" schemaName="statecodename" parentSchemaName="adx_websitelanguage" parentDisplayName="Website Language" />
      </MissingDependency>
      <MissingDependency>
        <Required key="0" type="1" schemaName="adx_websitelanguage" displayName="Website Language" solution="MicrosoftCrmPortalBase (8.1.0010)" />
        <Dependent key="3" type="2" schemaName="createdby" displayName="Created By" parentSchemaName="adx_websitelanguage" parentDisplayName="Website Language" />
      </MissingDependency>
      <MissingDependency>
        <Required key="0" type="1" schemaName="adx_websitelanguage" displayName="Website Language" solution="MicrosoftCrmPortalBase (8.1.0010)" />
        <Dependent key="4" type="2" schemaName="owninguser" displayName="Owning User" parentSchemaName="adx_websitelanguage" parentDisplayName="Website Language" />
      </MissingDependency>
      <MissingDependency>
        <Required key="0" type="1" schemaName="adx_websitelanguage" displayName="Website Language" solution="MicrosoftCrmPortalBase (8.1.0010)" />
        <Dependent key="5" type="2" schemaName="createdbyyominame" parentSchemaName="adx_websitelanguage" parentDisplayName="Website Language" />
      </MissingDependency>
      <MissingDependency>
        <Required key="0" type="1" schemaName="adx_websitelanguage" displayName="Website Language" solution="MicrosoftCrmPortalBase (8.1.0010)" />
        <Dependent key="6" type="2" schemaName="statuscodename" parentSchemaName="adx_websitelanguage" parentDisplayName="Website Language" />
      </MissingDependency>
      <MissingDependency>
        <Required key="0" type="1" schemaName="adx_websitelanguage" displayName="Website Language" solution="MicrosoftCrmPortalBase (8.1.0010)" />
        <Dependent key="7" type="2" schemaName="versionnumber" parentSchemaName="adx_websitelanguage" parentDisplayName="Website Language" />
      </MissingDependency>
      <MissingDependency>
        <Required key="0" type="1" schemaName="adx_websitelanguage" displayName="Website Language" solution="MicrosoftCrmPortalBase (8.1.0010)" />
        <Dependent key="8" type="2" schemaName="modifiedbyyominame" parentSchemaName="adx_websitelanguage" parentDisplayName="Website Language" />
      </MissingDependency>
      <MissingDependency>
        <Required key="0" type="1" schemaName="adx_websitelanguage" displayName="Website Language" solution="MicrosoftCrmPortalBase (8.1.0010)" />
        <Dependent key="9" type="2" schemaName="modifiedonbehalfbyyominame" parentSchemaName="adx_websitelanguage" parentDisplayName="Website Language" />
      </MissingDependency>
      <MissingDependency>
        <Required key="0" type="1" schemaName="adx_websitelanguage" displayName="Website Language" solution="MicrosoftCrmPortalBase (8.1.0010)" />
        <Dependent key="10" type="2" schemaName="createdonbehalfby" displayName="Created By (Delegate)" parentSchemaName="adx_websitelanguage" parentDisplayName="Website Language" />
      </MissingDependency>
      <MissingDependency>
        <Required key="0" type="1" schemaName="adx_websitelanguage" displayName="Website Language" solution="MicrosoftCrmPortalBase (8.1.0010)" />
        <Dependent key="11" type="2" schemaName="createdbyname" parentSchemaName="adx_websitelanguage" parentDisplayName="Website Language" />
      </MissingDependency>
      <MissingDependency>
        <Required key="0" type="1" schemaName="adx_websitelanguage" displayName="Website Language" solution="MicrosoftCrmPortalBase (8.1.0010)" />
        <Dependent key="12" type="2" schemaName="modifiedonbehalfby" displayName="Modified By (Delegate)" parentSchemaName="adx_websitelanguage" parentDisplayName="Website Language" />
      </MissingDependency>
      <MissingDependency>
        <Required key="0" type="1" schemaName="adx_websitelanguage" displayName="Website Language" solution="MicrosoftCrmPortalBase (8.1.0010)" />
        <Dependent key="13" type="2" schemaName="adx_publishingstatename" parentSchemaName="adx_websitelanguage" parentDisplayName="Website Language" />
      </MissingDependency>
      <MissingDependency>
        <Required key="0" type="1" schemaName="adx_websitelanguage" displayName="Website Language" solution="MicrosoftCrmPortalBase (8.1.0010)" />
        <Dependent key="14" type="2" schemaName="adx_websiteidname" parentSchemaName="adx_websitelanguage" parentDisplayName="Website Language" />
      </MissingDependency>
      <MissingDependency>
        <Required key="0" type="1" schemaName="adx_websitelanguage" displayName="Website Language" solution="MicrosoftCrmPortalBase (8.1.0010)" />
        <Dependent key="15" type="2" schemaName="adx_portallanguageidname" parentSchemaName="adx_websitelanguage" parentDisplayName="Website Language" />
      </MissingDependency>
      <MissingDependency>
        <Required key="0" type="1" schemaName="adx_websitelanguage" displayName="Website Language" solution="MicrosoftCrmPortalBase (8.1.0010)" />
        <Dependent key="16" type="2" schemaName="ownerid" displayName="Owner" parentSchemaName="adx_websitelanguage" parentDisplayName="Website Language" />
      </MissingDependency>
      <MissingDependency>
        <Required key="0" type="1" schemaName="adx_websitelanguage" displayName="Website Language" solution="MicrosoftCrmPortalBase (8.1.0010)" />
        <Dependent key="17" type="2" schemaName="owningbusinessunit" displayName="Owning Business Unit" parentSchemaName="adx_websitelanguage" parentDisplayName="Website Language" />
      </MissingDependency>
      <MissingDependency>
        <Required key="0" type="1" schemaName="adx_websitelanguage" displayName="Website Language" solution="MicrosoftCrmPortalBase (8.1.0010)" />
        <Dependent key="18" type="2" schemaName="owneriddsc" parentSchemaName="adx_websitelanguage" parentDisplayName="Website Language" />
      </MissingDependency>
      <MissingDependency>
        <Required key="0" type="1" schemaName="adx_websitelanguage" displayName="Website Language" solution="MicrosoftCrmPortalBase (8.1.0010)" />
        <Dependent key="19" type="2" schemaName="createdonbehalfbyname" parentSchemaName="adx_websitelanguage" parentDisplayName="Website Language" />
      </MissingDependency>
      <MissingDependency>
        <Required key="0" type="1" schemaName="adx_websitelanguage" displayName="Website Language" solution="MicrosoftCrmPortalBase (8.1.0010)" />
        <Dependent key="20" type="2" schemaName="modifiedbyname" parentSchemaName="adx_websitelanguage" parentDisplayName="Website Language" />
      </MissingDependency>
      <MissingDependency>
        <Required key="0" type="1" schemaName="adx_websitelanguage" displayName="Website Language" solution="MicrosoftCrmPortalBase (8.1.0010)" />
        <Dependent key="21" type="2" schemaName="owneridname" parentSchemaName="adx_websitelanguage" parentDisplayName="Website Language" />
      </MissingDependency>
      <MissingDependency>
        <Required key="0" type="1" schemaName="adx_websitelanguage" displayName="Website Language" solution="MicrosoftCrmPortalBase (8.1.0010)" />
        <Dependent key="22" type="2" schemaName="createdonbehalfbyyominame" parentSchemaName="adx_websitelanguage" parentDisplayName="Website Language" />
      </MissingDependency>
      <MissingDependency>
        <Required key="0" type="1" schemaName="adx_websitelanguage" displayName="Website Language" solution="MicrosoftCrmPortalBase (8.1.0010)" />
        <Dependent key="23" type="2" schemaName="owneridtype" parentSchemaName="adx_websitelanguage" parentDisplayName="Website Language" />
      </MissingDependency>
      <MissingDependency>
        <Required key="0" type="1" schemaName="adx_websitelanguage" displayName="Website Language" solution="MicrosoftCrmPortalBase (8.1.0010)" />
        <Dependent key="24" type="2" schemaName="modifiedonbehalfbyname" parentSchemaName="adx_websitelanguage" parentDisplayName="Website Language" />
      </MissingDependency>
      <MissingDependency>
        <Required key="0" type="1" schemaName="adx_websitelanguage" displayName="Website Language" solution="MicrosoftCrmPortalBase (8.1.0010)" />
        <Dependent key="25" type="2" schemaName="owningteam" displayName="Owning Team" parentSchemaName="adx_websitelanguage" parentDisplayName="Website Language" />
      </MissingDependency>
      <MissingDependency>
        <Required key="0" type="1" schemaName="adx_websitelanguage" displayName="Website Language" solution="MicrosoftCrmPortalBase (8.1.0010)" />
        <Dependent key="26" type="2" schemaName="modifiedby" displayName="Modified By" parentSchemaName="adx_websitelanguage" parentDisplayName="Website Language" />
      </MissingDependency>
      <MissingDependency>
        <Required key="27" type="1" schemaName="adx_pagetemplate" displayName="Page Template" solution="MicrosoftCrmPortalDependencies (8.1.0005)" />
        <Dependent key="28" type="62" id="{16ad5939-c649-e611-80d2-00155d889a88}" />
      </MissingDependency>
      <MissingDependency>
        <Required key="29" type="1" schemaName="adx_website" displayName="Website" solution="MicrosoftCrmPortalDependencies (8.1.0005)" />
        <Dependent key="28" type="62" id="{16ad5939-c649-e611-80d2-00155d889a88}" />
      </MissingDependency>
      <MissingDependency>
        <Required key="30" type="1" schemaName="adx_webrole" displayName="Web Role" solution="MicrosoftCrmPortalDependencies (8.1.0005)" />
        <Dependent key="28" type="62" id="{16ad5939-c649-e611-80d2-00155d889a88}" />
      </MissingDependency>
      <MissingDependency>
        <Required key="31" type="1" schemaName="adx_websitebinding" displayName="Website Binding" solution="MicrosoftCrmPortalBase (8.1.0010)" />
        <Dependent key="28" type="62" id="{16ad5939-c649-e611-80d2-00155d889a88}" />
      </MissingDependency>
      <MissingDependency>
        <Required key="32" type="1" schemaName="adx_ad" displayName="Ad" solution="MicrosoftCrmPortalBase (8.1.0010)" />
        <Dependent key="28" type="62" id="{16ad5939-c649-e611-80d2-00155d889a88}" />
      </MissingDependency>
      <MissingDependency>
        <Required key="33" type="1" schemaName="adx_webnotificationurl" displayName="Web Notification URL" solution="MicrosoftCrmPortalDependencies (8.1.0005)" />
        <Dependent key="28" type="62" id="{16ad5939-c649-e611-80d2-00155d889a88}" />
      </MissingDependency>
      <MissingDependency>
        <Required key="34" type="1" schemaName="adx_contentsnippet" displayName="Content Snippet" solution="MicrosoftCrmPortalDependencies (8.1.0005)" />
        <Dependent key="28" type="62" id="{16ad5939-c649-e611-80d2-00155d889a88}" />
      </MissingDependency>
      <MissingDependency>
        <Required key="35" type="1" schemaName="adx_publishingstatetransitionrule" displayName="Publishing State Transition Rule" solution="MicrosoftCrmPortalBase (8.1.0010)" />
        <Dependent key="28" type="62" id="{16ad5939-c649-e611-80d2-00155d889a88}" />
      </MissingDependency>
      <MissingDependency>
        <Required key="36" type="1" schemaName="adx_weblinkset" displayName="Web Link Set" solution="MicrosoftCrmPortalDependencies (8.1.0005)" />
        <Dependent key="28" type="62" id="{16ad5939-c649-e611-80d2-00155d889a88}" />
      </MissingDependency>
      <MissingDependency>
        <Required key="37" type="1" schemaName="adx_shortcut" displayName="Shortcut" solution="MicrosoftCrmPortalBase (8.1.0010)" />
        <Dependent key="28" type="62" id="{16ad5939-c649-e611-80d2-00155d889a88}" />
      </MissingDependency>
      <MissingDependency>
        <Required key="38" type="1" schemaName="adx_redirect" displayName="Redirect" solution="MicrosoftCrmPortalBase (8.1.0010)" />
        <Dependent key="28" type="62" id="{16ad5939-c649-e611-80d2-00155d889a88}" />
      </MissingDependency>
      <MissingDependency>
        <Required key="39" type="1" schemaName="adx_sitemarker" displayName="Site Marker" solution="MicrosoftCrmPortalDependencies (8.1.0005)" />
        <Dependent key="28" type="62" id="{16ad5939-c649-e611-80d2-00155d889a88}" />
      </MissingDependency>
      <MissingDependency>
        <Required key="40" type="1" schemaName="adx_sitesetting" displayName="Site Setting" solution="MicrosoftCrmPortalDependencies (8.1.0005)" />
        <Dependent key="28" type="62" id="{16ad5939-c649-e611-80d2-00155d889a88}" />
      </MissingDependency>
      <MissingDependency>
        <Required key="41" type="1" schemaName="adx_adplacement" displayName="Ad Placement" solution="MicrosoftCrmPortalBase (8.1.0010)" />
        <Dependent key="28" type="62" id="{16ad5939-c649-e611-80d2-00155d889a88}" />
      </MissingDependency>
      <MissingDependency>
        <Required key="42" type="1" schemaName="adx_pollplacement" displayName="Poll Placement" solution="MicrosoftCrmPortalBase (8.1.0010)" />
        <Dependent key="28" type="62" id="{16ad5939-c649-e611-80d2-00155d889a88}" />
      </MissingDependency>
      <MissingDependency>
        <Required key="43" type="1" schemaName="adx_poll" displayName="Poll" solution="MicrosoftCrmPortalBase (8.1.0010)" />
        <Dependent key="28" type="62" id="{16ad5939-c649-e611-80d2-00155d889a88}" />
      </MissingDependency>
      <MissingDependency>
        <Required key="44" type="1" schemaName="adx_webfile" displayName="Web File" solution="MicrosoftCrmPortalDependencies (8.1.0005)" />
        <Dependent key="44" type="1" schemaName="adx_webfile" displayName="Web File" />
      </MissingDependency>
      <MissingDependency>
        <Required key="0" type="1" schemaName="adx_websitelanguage" displayName="Website Language" solution="MicrosoftCrmPortalBase (8.1.0010)" />
        <Dependent key="45" type="10" schemaName="adx_websitelanguage_blog" displayName="adx_websitelanguage_blog" parentSchemaName="adx_blog" parentDisplayName="Blog" />
      </MissingDependency>
      <MissingDependency>
        <Required key="0" type="1" schemaName="adx_websitelanguage" displayName="Website Language" solution="MicrosoftCrmPortalBase (8.1.0010)" />
        <Dependent key="46" type="10" schemaName="adx_adx_portallanguage_adx_websitelanguage" displayName="adx_adx_portallanguage_adx_websitelanguage" parentSchemaName="adx_websitelanguage" parentDisplayName="Website Language" />
      </MissingDependency>
      <MissingDependency>
        <Required key="0" type="1" schemaName="adx_websitelanguage" displayName="Website Language" solution="MicrosoftCrmPortalBase (8.1.0010)" />
        <Dependent key="47" type="10" schemaName="adx_adx_website_adx_websitelanguage" displayName="adx_adx_website_adx_websitelanguage" parentSchemaName="adx_websitelanguage" parentDisplayName="Website Language" />
      </MissingDependency>
      <MissingDependency>
        <Required key="0" type="1" schemaName="adx_websitelanguage" displayName="Website Language" solution="MicrosoftCrmPortalBase (8.1.0010)" />
        <Dependent key="48" type="10" schemaName="adx_adx_publishingstate_adx_websitelanguage_PublishingState" displayName="adx_adx_publishingstate_adx_websitelanguage_PublishingState" parentSchemaName="adx_websitelanguage" parentDisplayName="Website Language" />
      </MissingDependency>
      <MissingDependency>
        <Required key="29" type="1" schemaName="adx_website" displayName="Website" solution="MicrosoftCrmPortalDependencies (8.1.0005)" />
        <Dependent key="0" type="1" schemaName="adx_websitelanguage" displayName="Website Language" />
      </MissingDependency>
      <MissingDependency>
        <Required key="49" type="1" schemaName="adx_webpage" displayName="Web Page" solution="MicrosoftCrmPortalDependencies (8.1.0005)" />
        <Dependent key="28" type="62" id="{16ad5939-c649-e611-80d2-00155d889a88}" />
      </MissingDependency>
      <MissingDependency>
        <Required key="50" type="1" schemaName="adx_websiteaccess" displayName="Website Access" solution="MicrosoftCrmPortalBase (8.1.0010)" />
        <Dependent key="28" type="62" id="{16ad5939-c649-e611-80d2-00155d889a88}" />
      </MissingDependency>
      <MissingDependency>
        <Required key="51" type="1" schemaName="adx_webpageaccesscontrolrule" displayName="Web Page Access Control Rule" solution="MicrosoftCrmPortalBase (8.1.0010)" />
        <Dependent key="28" type="62" id="{16ad5939-c649-e611-80d2-00155d889a88}" />
      </MissingDependency>
      <MissingDependency>
        <Required key="29" type="1" schemaName="adx_website" displayName="Website" solution="MicrosoftCrmPortalDependencies (8.1.0005)" />
        <Dependent key="52" type="10" schemaName="adx_website_blog" displayName="adx_website_blog" parentSchemaName="adx_blog" parentDisplayName="Blog" />
      </MissingDependency>
      <MissingDependency>
        <Required key="53" type="1" schemaName="adx_portallanguage" displayName="Portal Language" solution="MicrosoftCrmPortalBase (8.1.0010)" />
        <Dependent key="46" type="10" schemaName="adx_adx_portallanguage_adx_websitelanguage" displayName="adx_adx_portallanguage_adx_websitelanguage" parentSchemaName="adx_websitelanguage" parentDisplayName="Website Language" />
      </MissingDependency>
      <MissingDependency>
        <Required key="29" type="1" schemaName="adx_website" displayName="Website" solution="MicrosoftCrmPortalDependencies (8.1.0005)" />
        <Dependent key="47" type="10" schemaName="adx_adx_website_adx_websitelanguage" displayName="adx_adx_website_adx_websitelanguage" parentSchemaName="adx_websitelanguage" parentDisplayName="Website Language" />
      </MissingDependency>
      <MissingDependency>
        <Required key="29" type="1" schemaName="adx_website" displayName="Website" solution="MicrosoftCrmPortalDependencies (8.1.0005)" />
        <Dependent key="54" type="60" displayName="Information" parentDisplayName="Blog" id="{c71ed4f8-139d-46c2-bc43-7c6bfc87a5e5}" />
      </MissingDependency>
      <MissingDependency>
        <Required key="49" type="1" schemaName="adx_webpage" displayName="Web Page" solution="MicrosoftCrmPortalDependencies (8.1.0005)" />
        <Dependent key="55" type="10" schemaName="adx_webpage_blog" displayName="adx_webpage_blog" parentSchemaName="adx_blog" parentDisplayName="Blog" />
      </MissingDependency>
      <MissingDependency>
        <Required key="56" type="1" schemaName="adx_publishingstate" displayName="Publishing State" solution="MicrosoftCrmPortalBase (8.1.0010)" />
        <Dependent key="48" type="10" schemaName="adx_adx_publishingstate_adx_websitelanguage_PublishingState" displayName="adx_adx_publishingstate_adx_websitelanguage_PublishingState" parentSchemaName="adx_websitelanguage" parentDisplayName="Website Language" />
      </MissingDependency>
      <MissingDependency>
        <Required key="27" type="1" schemaName="adx_pagetemplate" displayName="Page Template" solution="MicrosoftCrmPortalDependencies (8.1.0005)" />
        <Dependent key="57" type="10" schemaName="adx_pagetemplate_blog_home" displayName="adx_pagetemplate_blog_home" parentSchemaName="adx_blog" parentDisplayName="Blog" />
      </MissingDependency>
      <MissingDependency>
        <Required key="58" type="2" schemaName="adx_websiteid" displayName="Website" parentSchemaName="adx_website" parentDisplayName="Website" solution="MicrosoftCrmPortalDependencies (8.1.0005)" />
        <Dependent key="52" type="10" schemaName="adx_website_blog" displayName="adx_website_blog" parentSchemaName="adx_blog" parentDisplayName="Blog" />
      </MissingDependency>
      <MissingDependency>
        <Required key="59" type="2" schemaName="adx_name" displayName="Name" parentSchemaName="adx_website" parentDisplayName="Website" solution="MicrosoftCrmPortalDependencies (8.1.0005)" />
        <Dependent key="52" type="10" schemaName="adx_website_blog" displayName="adx_website_blog" parentSchemaName="adx_blog" parentDisplayName="Blog" />
      </MissingDependency>
      <MissingDependency>
        <Required key="60" type="2" schemaName="adx_name" displayName="Name" parentSchemaName="adx_publishingstate" parentDisplayName="Publishing State" solution="MicrosoftCrmPortalBase (8.1.0010)" />
        <Dependent key="48" type="10" schemaName="adx_adx_publishingstate_adx_websitelanguage_PublishingState" displayName="adx_adx_publishingstate_adx_websitelanguage_PublishingState" parentSchemaName="adx_websitelanguage" parentDisplayName="Website Language" />
      </MissingDependency>
      <MissingDependency>
        <Required key="61" type="2" schemaName="adx_name" displayName="Name" parentSchemaName="adx_webpage" parentDisplayName="Web Page" solution="MicrosoftCrmPortalDependencies (8.1.0005)" />
        <Dependent key="55" type="10" schemaName="adx_webpage_blog" displayName="adx_webpage_blog" parentSchemaName="adx_blog" parentDisplayName="Blog" />
      </MissingDependency>
      <MissingDependency>
        <Required key="62" type="2" schemaName="adx_pagetemplateid" displayName="Page Template" parentSchemaName="adx_pagetemplate" parentDisplayName="Page Template" solution="MicrosoftCrmPortalDependencies (8.1.0005)" />
        <Dependent key="57" type="10" schemaName="adx_pagetemplate_blog_home" displayName="adx_pagetemplate_blog_home" parentSchemaName="adx_blog" parentDisplayName="Blog" />
      </MissingDependency>
      <MissingDependency>
        <Required key="63" type="2" schemaName="adx_name" displayName="Name" parentSchemaName="adx_pagetemplate" parentDisplayName="Page Template" solution="MicrosoftCrmPortalDependencies (8.1.0005)" />
        <Dependent key="57" type="10" schemaName="adx_pagetemplate_blog_home" displayName="adx_pagetemplate_blog_home" parentSchemaName="adx_blog" parentDisplayName="Blog" />
      </MissingDependency>
      <MissingDependency>
        <Required key="58" type="2" schemaName="adx_websiteid" displayName="Website" parentSchemaName="adx_website" parentDisplayName="Website" solution="MicrosoftCrmPortalDependencies (8.1.0005)" />
        <Dependent key="47" type="10" schemaName="adx_adx_website_adx_websitelanguage" displayName="adx_adx_website_adx_websitelanguage" parentSchemaName="adx_websitelanguage" parentDisplayName="Website Language" />
      </MissingDependency>
      <MissingDependency>
        <Required key="64" type="2" schemaName="adx_portallanguageid" displayName="Portal Language" parentSchemaName="adx_portallanguage" parentDisplayName="Portal Language" solution="MicrosoftCrmPortalBase (8.1.0010)" />
        <Dependent key="46" type="10" schemaName="adx_adx_portallanguage_adx_websitelanguage" displayName="adx_adx_portallanguage_adx_websitelanguage" parentSchemaName="adx_websitelanguage" parentDisplayName="Website Language" />
      </MissingDependency>
      <MissingDependency>
        <Required key="65" type="2" schemaName="adx_webpageid" displayName="Web Page" parentSchemaName="adx_webpage" parentDisplayName="Web Page" solution="MicrosoftCrmPortalDependencies (8.1.0005)" />
        <Dependent key="55" type="10" schemaName="adx_webpage_blog" displayName="adx_webpage_blog" parentSchemaName="adx_blog" parentDisplayName="Blog" />
      </MissingDependency>
      <MissingDependency>
        <Required key="63" type="2" schemaName="adx_name" displayName="Name" parentSchemaName="adx_pagetemplate" parentDisplayName="Page Template" solution="MicrosoftCrmPortalDependencies (8.1.0005)" />
        <Dependent key="66" type="10" schemaName="adx_pagetemplate_blog_post" displayName="adx_pagetemplate_blog_post" parentSchemaName="adx_blog" parentDisplayName="Blog" />
      </MissingDependency>
      <MissingDependency>
        <Required key="59" type="2" schemaName="adx_name" displayName="Name" parentSchemaName="adx_website" parentDisplayName="Website" solution="MicrosoftCrmPortalDependencies (8.1.0005)" />
        <Dependent key="47" type="10" schemaName="adx_adx_website_adx_websitelanguage" displayName="adx_adx_website_adx_websitelanguage" parentSchemaName="adx_websitelanguage" parentDisplayName="Website Language" />
      </MissingDependency>
      <MissingDependency>
        <Required key="67" type="2" schemaName="adx_name" displayName="Name" parentSchemaName="adx_portallanguage" parentDisplayName="Portal Language" solution="MicrosoftCrmPortalBase (8.1.0010)" />
        <Dependent key="46" type="10" schemaName="adx_adx_portallanguage_adx_websitelanguage" displayName="adx_adx_portallanguage_adx_websitelanguage" parentSchemaName="adx_websitelanguage" parentDisplayName="Website Language" />
      </MissingDependency>
      <MissingDependency>
        <Required key="63" type="2" schemaName="adx_name" displayName="Name" parentSchemaName="adx_pagetemplate" parentDisplayName="Page Template" solution="MicrosoftCrmPortalDependencies (8.1.0005)" />
        <Dependent key="68" type="10" schemaName="adx_pagetemplate_blog_archive" displayName="adx_pagetemplate_blog_archive" parentSchemaName="adx_blog" parentDisplayName="Blog" />
      </MissingDependency>
      <MissingDependency>
        <Required key="69" type="2" schemaName="adx_publishingstateid" displayName="Publishing State" parentSchemaName="adx_publishingstate" parentDisplayName="Publishing State" solution="MicrosoftCrmPortalBase (8.1.0010)" />
        <Dependent key="48" type="10" schemaName="adx_adx_publishingstate_adx_websitelanguage_PublishingState" displayName="adx_adx_publishingstate_adx_websitelanguage_PublishingState" parentSchemaName="adx_websitelanguage" parentDisplayName="Website Language" />
      </MissingDependency>
      <MissingDependency>
        <Required key="70" type="10" schemaName="adx_website_webpage" displayName="adx_website_webpage" parentSchemaName="adx_webpage" parentDisplayName="Web Page" solution="MicrosoftCrmPortalDependencies (8.1.0005)" />
        <Dependent key="54" type="60" displayName="Information" parentDisplayName="Blog" id="{c71ed4f8-139d-46c2-bc43-7c6bfc87a5e5}" />
      </MissingDependency>
      <MissingDependency>
        <Required key="71" type="10" schemaName="adx_website_pagetemplate" displayName="adx_website_pagetemplate" parentSchemaName="adx_pagetemplate" parentDisplayName="Page Template" solution="MicrosoftCrmPortalDependencies (8.1.0005)" />
        <Dependent key="54" type="60" displayName="Information" parentDisplayName="Blog" id="{c71ed4f8-139d-46c2-bc43-7c6bfc87a5e5}" />
      </MissingDependency>
      <MissingDependency>
        <Required key="72" type="1" schemaName="adx_tag" displayName="Tag" solution="MicrosoftCrmPortalBase (8.1.0010)" />
        <Dependent key="73" type="10" schemaName="adx_blogpost_tag" displayName="adx_blogpost_tag" parentSchemaName="adx_blogpost" parentDisplayName="Blog Post" />
      </MissingDependency>
      <MissingDependency>
        <Required key="30" type="1" schemaName="adx_webrole" displayName="Web Role" solution="MicrosoftCrmPortalDependencies (8.1.0005)" />
        <Dependent key="74" type="10" schemaName="adx_blog_webrole" displayName="adx_blog_webrole" parentSchemaName="adx_blog" parentDisplayName="Blog" />
      </MissingDependency>
      <MissingDependency>
        <Required key="27" type="1" schemaName="adx_pagetemplate" displayName="Page Template" solution="MicrosoftCrmPortalDependencies (8.1.0005)" />
        <Dependent key="66" type="10" schemaName="adx_pagetemplate_blog_post" displayName="adx_pagetemplate_blog_post" parentSchemaName="adx_blog" parentDisplayName="Blog" />
      </MissingDependency>
      <MissingDependency>
        <Required key="44" type="1" schemaName="adx_webfile" displayName="Web File" solution="MicrosoftCrmPortalDependencies (8.1.0005)" />
        <Dependent key="75" type="10" schemaName="adx_blogpost_webfile" displayName="adx_blogpost_webfile" parentSchemaName="adx_webfile" parentDisplayName="Web File" />
      </MissingDependency>
      <MissingDependency>
        <Required key="27" type="1" schemaName="adx_pagetemplate" displayName="Page Template" solution="MicrosoftCrmPortalDependencies (8.1.0005)" />
        <Dependent key="68" type="10" schemaName="adx_pagetemplate_blog_archive" displayName="adx_pagetemplate_blog_archive" parentSchemaName="adx_blog" parentDisplayName="Blog" />
      </MissingDependency>
      <MissingDependency>
        <Required key="76" type="26" schemaName="Comments" displayName="Comments" parentSchemaName="feedback" parentDisplayName="Feedback" solution="Feedback (8.1.0007)" id="{f957cd62-6b44-4675-99d8-052f319eb314}" />
        <Dependent key="77" type="60" displayName="Information" parentDisplayName="Blog Post" id="{0a9353a1-4a9c-4ebc-8c3f-cd3bb66ff032}" />
      </MissingDependency>
      <MissingDependency>
        <Required key="78" type="26" schemaName="Web Page Lookup View" displayName="Web Page Lookup View" parentSchemaName="adx_webpage" parentDisplayName="Web Page" solution="MicrosoftCrmPortalDependencies (8.1.0005)" id="{d40f1c4b-2b80-4d7d-8ed1-d5817562ab54}" />
        <Dependent key="54" type="60" displayName="Information" parentDisplayName="Blog" id="{c71ed4f8-139d-46c2-bc43-7c6bfc87a5e5}" />
      </MissingDependency>
      <MissingDependency>
        <Required key="79" type="26" schemaName="Website Lookup View" displayName="Website Lookup View" parentSchemaName="adx_website" parentDisplayName="Website" solution="MicrosoftCrmPortalDependencies (8.1.0005)" id="{52f03978-5c2c-426f-a5cf-7b76b8a043db}" />
        <Dependent key="54" type="60" displayName="Information" parentDisplayName="Blog" id="{c71ed4f8-139d-46c2-bc43-7c6bfc87a5e5}" />
      </MissingDependency>
      <MissingDependency>
        <Required key="80" type="26" schemaName="Page Template Lookup View" displayName="Page Template Lookup View" parentSchemaName="adx_pagetemplate" parentDisplayName="Page Template" solution="MicrosoftCrmPortalDependencies (8.1.0005)" id="{a90e04f7-39cc-40f5-88d6-c4c756c1083c}" />
        <Dependent key="54" type="60" displayName="Information" parentDisplayName="Blog" id="{c71ed4f8-139d-46c2-bc43-7c6bfc87a5e5}" />
      </MissingDependency>
      <MissingDependency>
        <Required key="81" type="61" schemaName="adx_ckeditor/adx.ckeditor.html" displayName="adx_ckeditor/adx.ckeditor.html" solution="MicrosoftCrmPortalBase (8.1.0010)" />
        <Dependent key="54" type="60" displayName="Information" parentDisplayName="Blog" id="{c71ed4f8-139d-46c2-bc43-7c6bfc87a5e5}" />
      </MissingDependency>
      <MissingDependency>
        <Required key="82" type="61" schemaName="adx_scripts/jquery1.9.1.min.js" displayName="adx_scripts/jquery1.9.1.min.js" solution="MicrosoftCrmPortalBase (8.1.0010)" />
        <Dependent key="54" type="60" displayName="Information" parentDisplayName="Blog" id="{c71ed4f8-139d-46c2-bc43-7c6bfc87a5e5}" />
      </MissingDependency>
      <MissingDependency>
        <Required key="83" type="61" schemaName="adx_resources/ResourcesManager.js" displayName="adx_resources/ResourcesManager.js" solution="MicrosoftCrmPortalBase (8.1.0010)" />
        <Dependent key="54" type="60" displayName="Information" parentDisplayName="Blog" id="{c71ed4f8-139d-46c2-bc43-7c6bfc87a5e5}" />
      </MissingDependency>
      <MissingDependency>
        <Required key="84" type="61" schemaName="msa_Adx_icon_webfile_small" displayName="msa_Adx_icon_webfile_small" solution="MicrosoftCrmPortalDependencies (8.1.0005)" />
        <Dependent key="44" type="1" schemaName="adx_webfile" displayName="Web File" />
      </MissingDependency>
      <MissingDependency>
        <Required key="85" type="61" schemaName="msa_icon_webfile_medium" displayName="msa_icon_webfile_medium" solution="MicrosoftCrmPortalDependencies (8.1.0005)" />
        <Dependent key="44" type="1" schemaName="adx_webfile" displayName="Web File" />
      </MissingDependency>
      <MissingDependency>
        <Required key="81" type="61" schemaName="adx_ckeditor/adx.ckeditor.html" displayName="adx_ckeditor/adx.ckeditor.html" solution="MicrosoftCrmPortalBase (8.1.0010)" />
        <Dependent key="77" type="60" displayName="Information" parentDisplayName="Blog Post" id="{0a9353a1-4a9c-4ebc-8c3f-cd3bb66ff032}" />
      </MissingDependency>
      <MissingDependency>
        <Required key="86" type="61" schemaName="msa_icon_nav_portals_32.png" displayName="msa_icon_nav_portals_32.png" solution="MicrosoftCrmPortalDependencies (8.1.0005)" />
        <Dependent key="28" type="62" id="{16ad5939-c649-e611-80d2-00155d889a88}" />
      </MissingDependency>
    </MissingDependencies>
  </SolutionManifest>
</ImportExportXml>