﻿<?xml version="1.0" encoding="utf-8"?>
<ImportExportXml version="8.2.0000.0506" SolutionPackageVersion="8.2" languagecode="1033" generatedBy="OnPremise" xmlns:xsi="http://www.w3.org/2001/XMLSchema-instance">
  <SolutionManifest>
    <UniqueName>PartnerPortalFieldService</UniqueName>
    <LocalizedNames>
      <LocalizedName description="Dynamics 365 Portals - Partner Portal Field Service" languagecode="1033" />
      <LocalizedName description="Портали на Dynamics 365 – Field Service за портал на партньори" languagecode="1026" />
      <LocalizedName description="Portals del Dynamics 365: Field Service del portal d'associats" languagecode="1027" />
      <LocalizedName description="Portály Dynamics 365 – Field Service pro partnerský portál" languagecode="1029" />
      <LocalizedName description="Dynamics 365-portaler - Partnerportal Field Service" languagecode="1030" />
      <LocalizedName description="Dynamics 365-Portale – Partner-Portal-Field Service" languagecode="1031" />
      <LocalizedName description="Πύλες Dynamics 365 - Πύλη συνεργάτη Field Service" languagecode="1032" />
      <LocalizedName description="Portales de Dynamics 365: Field Service del portal de asociados" languagecode="3082" />
      <LocalizedName description="Dynamics 365 portaalid – partneriportaali Field Service" languagecode="1061" />
      <LocalizedName description="Dynamics 365 Atariak: bazkideen atariaren Field Service" languagecode="1069" />
      <LocalizedName description="Dynamics 365 -portaalit – kumppaniportaalin Field Service" languagecode="1035" />
      <LocalizedName description="Portails Dynamics 365 - Portail Field Service partenaires" languagecode="1036" />
      <LocalizedName description="Portais de Dynamics 365: Field Service do portal de asociados" languagecode="1110" />
      <LocalizedName description="Dynamics 365 पोर्टल - भागीदार पोर्टल Field Service" languagecode="1081" />
      <LocalizedName description="Portali sustava Dynamics 365 – Partnerski Portal Field Service" languagecode="1050" />
      <LocalizedName description="Dynamics 365 portálok – partnerportál Field Service" languagecode="1038" />
      <LocalizedName description="Portal Dynamics 365 - Field Service Portal Mitra" languagecode="1057" />
      <LocalizedName description="Portali di Dynamics 365 - Field Service del portale per partner" languagecode="1040" />
      <LocalizedName description="Dynamics 365 ポータル - パートナー ポータル Field Service" languagecode="1041" />
      <LocalizedName description="Dynamics 365 порталдары - Серіктес порталы Field Service" languagecode="1087" />
      <LocalizedName description="Dynamics 365 포털 - 파트너 포털 Field Service" languagecode="1042" />
      <LocalizedName description="„Dynamics 365” portalai – partnerių portalo „Field Service”" languagecode="1063" />
      <LocalizedName description="Dynamics 365 portāli — Partneru portāla Field Service" languagecode="1062" />
      <LocalizedName description="Portal Dynamics 365 - Field Service Portal Rakan Kongsi" languagecode="1086" />
      <LocalizedName description="Dynamics 365-portaler – Field Service for partnerportal" languagecode="1044" />
      <LocalizedName description="Dynamics 365-portals - Field Service partnerportal" languagecode="1043" />
      <LocalizedName description="Portale usługi Dynamics 365 — rozwiązanie Field Service dla portalu partnerów" languagecode="1045" />
      <LocalizedName description="Portais do Dynamics 365 - Portal do Field Service para Parceiros" languagecode="1046" />
      <LocalizedName description="Dynamics 365 Portais - Field Service para Parceiros" languagecode="2070" />
      <LocalizedName description="Portaluri Dynamics 365 - Field Service pentru portalul de parteneri" languagecode="1048" />
      <LocalizedName description="Порталы Dynamics 365 — Field Service для портала партнеров" languagecode="1049" />
      <LocalizedName description="Portály systému Dynamics 365 – služba Field Service na partnerskom portáli" languagecode="1051" />
      <LocalizedName description="Portali storitve Dynamics 365 – rešitev Field Service za portal za partnerje" languagecode="1060" />
      <LocalizedName description="Dynamics 365 портали – Field Service портал за партнере" languagecode="3098" />
      <LocalizedName description="Dynamics 365 портали – Field Service портал за партнере" languagecode="10266" />
      <LocalizedName description="Dynamics 365 portali – Field Service portal za partnere" languagecode="2074" />
      <LocalizedName description="Dynamics 365 portali – Field Service portal za partnere" languagecode="9242" />
      <LocalizedName description="Dynamics 365-portaler – Field Service för partner" languagecode="1053" />
      <LocalizedName description="พอร์ทัล Dynamics 365 - พอร์ทัล Field Service ของคู่ค้า" languagecode="1054" />
      <LocalizedName description="Dynamics 365 Portalları - Ortak Portalı Field Service" languagecode="1055" />
      <LocalizedName description="Портали Dynamics 365 – Field Service порталу для партнерів" languagecode="1058" />
      <LocalizedName description="Cổng thông tin Dynamics 365 - Field Service Cổng thông tin Đối tác" languagecode="1066" />
      <LocalizedName description="Dynamics 365 门户 - 合作伙伴门户 Field Service" languagecode="2052" />
      <LocalizedName description="Dynamics 365 入口網站 - 合作夥伴入口網站 Field Service" languagecode="3076" />
      <LocalizedName description="Dynamics 365 入口網站 - 合作夥伴入口網站 Field Service" languagecode="1028" />
    </LocalizedNames>
    <Descriptions>
      <Description description="Partner Portal Field Service extends Partner Pipeline and Field Service for portal." languagecode="1033" />
      <Description description="Field Service в партньорския портал разширява партньорския канал и Field Service за портал." languagecode="1026" />
      <Description description="El Field Service del portal d'associats amplia el pipeline d'associat i el Field Service per al portal." languagecode="1027" />
      <Description description="Řešení Field Service pro partnerský portál rozšiřuje portál o partnerský kanál a řešení Field Service." languagecode="1029" />
      <Description description="Field Service i partnerportalen udvider partnerpipeline og Field Service i portalen." languagecode="1030" />
      <Description description="Field Service des Partnerportals erweitert Partnerpipeline und Field Service für Portal." languagecode="1031" />
      <Description description="Το Field Service πύλης συνεργάτη επεκτείνει τη διοχέτευση συνεργάτη και το Field Service για την πύλη." languagecode="1032" />
      <Description description="Field Service del portal de asociados amplía la canalización de asociado y Field Service para el portal." languagecode="3082" />
      <Description description="Partneri portaali Field Service ületab partneri müügivõimalusi ja portaali Field Service’it." languagecode="1061" />
      <Description description="Bazkideen atariaren Field Service-k atariaren bazkide-bideratzea eta Field Service hedatzen ditu." languagecode="1069" />
      <Description description="Kumppaniportaalin Field Service laajentaa portaalin kumppaniputkea ja Field Servicea." languagecode="1035" />
      <Description description="Le Field Service du portail Partenaires étend le pipeline partenaire et le Field Service pour le portail." languagecode="1036" />
      <Description description="Field Service do portal de asociados amplía a canle do asociado e Field Service para o portal." languagecode="1110" />
      <Description description="भागीदार पोर्टल Field Service पोर्टल के लिए भागीदार पाइपलाइन और Field Service को विस्तृत करती है." languagecode="1081" />
      <Description description="Field Service partnerskog portala proširuje kanal i Field Service za portal." languagecode="1050" />
      <Description description="A Partner portál Field Service szolgáltatása kiterjeszti a portálhoz tartozó partnerfolyamatot és Field Service szolgáltatást." languagecode="1038" />
      <Description description="Field Service Portal Mitra akan memperpanjang Alur Mitra dan Field Service untuk portal." languagecode="1057" />
      <Description description="Field Service del portale per i partner espande le funzionalità di Pipeline partner e Field Service per il portale." languagecode="1040" />
      <Description description="パートナー ポータル Field Service は、ポータルのパートナー パイプラインと Field Service を拡張します。" languagecode="1041" />
      <Description description="Серіктес порталының Field Service қызметі порталға арналған Серіктес конвейері мен Field Service қызметін кеңейтеді." languagecode="1087" />
      <Description description="파트너 포털 Field Service는 포털에 대해 파트너 파이프라인 및 Field Service를 확장합니다." languagecode="1042" />
      <Description description="Partnerių portalo „Field Service“ išplečia partnerių srautą ir portalo „Field Service“." languagecode="1063" />
      <Description description="Partneru portāla Field Service paplašina partnera konveijeru un Field Service." languagecode="1062" />
      <Description description="Field Service Portal Rakan Kongsi melanjutkan Talian Paip Rakan Kongsi dan Field Service untuk portal." languagecode="1086" />
      <Description description="Field Service for partnerportalen utvider partnerpipelinen og Field Service for portalen." languagecode="1044" />
      <Description description="Field Service partnerportal breidt partnerpipeline en Field Service uit voor portal." languagecode="1043" />
      <Description description="Rozwiązanie Field Service dla portalu partnerów rozszerza możliwości potoku partnerów i rozwiązania Field Service o funkcje portalu." languagecode="1045" />
      <Description description="O Field Service do Portal de Parceiro estende o Pipeline de Parceiro e o Field Service para o portal." languagecode="1046" />
      <Description description="O Field Service do Portal para Parceiros alarga o Pipeline de Parceiros e o Field Service para o portal." languagecode="2070" />
      <Description description="Field Service pentru portalul de parteneri extinde Canalul de parteneri și Field Service pentru portal." languagecode="1048" />
      <Description description="Field Service для портала партнеров расширяет воронку продаж партнеров и Field Service для портала." languagecode="1049" />
      <Description description="Služba Field Service na partnerskom portáli rozširuje partnerský kanál a službu Field Service pre portál." languagecode="1051" />
      <Description description="Rešitev Field Service partnerskega portala razširja prodajni lijak za partnerje in rešitev Field Service za portal." languagecode="1060" />
      <Description description="Field Service партнерског портала проширује партнерски канал и Field Service за портал." languagecode="3098" />
      <Description description="Field Service партнерског портала проширује партнерски канал и Field Service за портал." languagecode="10266" />
      <Description description="Field Service partnerskog portala proširuje partnerski kanal i Field Service za portal." languagecode="2074" />
      <Description description="Field Service partnerskog portala proširuje partnerski kanal i Field Service za portal." languagecode="9242" />
      <Description description="Field Service för partnerportal utökar partnerns pipeline och Field Service för portalen." languagecode="1053" />
      <Description description="Field Service ของพอร์ทัลคู่ค้าขยายไปป์ไลน์ของคู่ค้าและ Field Service ของพอร์ทัล" languagecode="1054" />
      <Description description="Ortak Portalı Field Service uygulaması, portal için Ortak Kanalını ve Field Service'ı genişletir." languagecode="1055" />
      <Description description="Модуль Field Service для партнерського порталу доповнює портал воронкою партнерів і функціями Field Service." languagecode="1058" />
      <Description description="Field Service Cổng thông tin Đối tác mở rộng Quy trình bán hàng Đối tác và Field Service cho cổng thông tin." languagecode="1066" />
      <Description description="合作伙伴门户 Field Service 扩展了门户的合作伙伴管道和 Field Service。" languagecode="2052" />
      <Description description="合作夥伴入口網站 Field Service 會擴充入口網站的合作夥伴準銷售案源與 Field Service。" languagecode="3076" />
      <Description description="合作夥伴入口網站 Field Service 會擴充入口網站的合作夥伴準銷售案源與 Field Service。" languagecode="1028" />
    </Descriptions>
    <Version>8.3.0.29</Version>
    <Managed>1</Managed>
    <Publisher>
      <UniqueName>MicrosoftPortals</UniqueName>
      <LocalizedNames>
        <LocalizedName description="Microsoft" languagecode="1033" />
        <LocalizedName description="Microsoft" languagecode="1026" />
        <LocalizedName description="Microsoft" languagecode="1027" />
        <LocalizedName description="Microsoft" languagecode="1029" />
        <LocalizedName description="Microsoft" languagecode="1030" />
        <LocalizedName description="Microsoft" languagecode="1031" />
        <LocalizedName description="Microsoft" languagecode="1032" />
        <LocalizedName description="Microsoft" languagecode="3082" />
        <LocalizedName description="Microsoft" languagecode="1061" />
        <LocalizedName description="Microsoft" languagecode="1069" />
        <LocalizedName description="Microsoft" languagecode="1035" />
        <LocalizedName description="Microsoft" languagecode="1036" />
        <LocalizedName description="Microsoft" languagecode="1110" />
        <LocalizedName description="Microsoft" languagecode="1081" />
        <LocalizedName description="Microsoft" languagecode="1050" />
        <LocalizedName description="Microsoft" languagecode="1038" />
        <LocalizedName description="Microsoft" languagecode="1057" />
        <LocalizedName description="Microsoft" languagecode="1040" />
        <LocalizedName description="Microsoft" languagecode="1041" />
        <LocalizedName description="Microsoft" languagecode="1087" />
        <LocalizedName description="Microsoft" languagecode="1042" />
        <LocalizedName description="„Microsoft“" languagecode="1063" />
        <LocalizedName description="Microsoft" languagecode="1062" />
        <LocalizedName description="Microsoft" languagecode="1086" />
        <LocalizedName description="Microsoft" languagecode="1044" />
        <LocalizedName description="Microsoft" languagecode="1043" />
        <LocalizedName description="Microsoft" languagecode="1045" />
        <LocalizedName description="Microsoft" languagecode="1046" />
        <LocalizedName description="Microsoft" languagecode="2070" />
        <LocalizedName description="Microsoft" languagecode="1048" />
        <LocalizedName description="Корпорация Майкрософт" languagecode="1049" />
        <LocalizedName description="Microsoft" languagecode="1051" />
        <LocalizedName description="Microsoft" languagecode="1060" />
        <LocalizedName description="Microsoft" languagecode="3098" />
        <LocalizedName description="Microsoft" languagecode="10266" />
        <LocalizedName description="Microsoft" languagecode="2074" />
        <LocalizedName description="Microsoft" languagecode="9242" />
        <LocalizedName description="Microsoft" languagecode="1053" />
        <LocalizedName description="Microsoft" languagecode="1054" />
        <LocalizedName description="Microsoft" languagecode="1055" />
        <LocalizedName description="Microsoft" languagecode="1058" />
        <LocalizedName description="Microsoft" languagecode="1066" />
        <LocalizedName description="Microsoft" languagecode="2052" />
        <LocalizedName description="Microsoft" languagecode="3076" />
        <LocalizedName description="Microsoft" languagecode="1028" />
      </LocalizedNames>
      <Descriptions />
      <EMailAddress xsi:nil="true"></EMailAddress>
      <SupportingWebsiteUrl xsi:nil="true"></SupportingWebsiteUrl>
      <CustomizationPrefix>portals</CustomizationPrefix>
      <CustomizationOptionValuePrefix>31951</CustomizationOptionValuePrefix>
      <Addresses>
        <Address>
          <AddressNumber>1</AddressNumber>
          <AddressTypeCode>1</AddressTypeCode>
          <City xsi:nil="true"></City>
          <County xsi:nil="true"></County>
          <Country xsi:nil="true"></Country>
          <Fax xsi:nil="true"></Fax>
          <FreightTermsCode xsi:nil="true"></FreightTermsCode>
          <ImportSequenceNumber xsi:nil="true"></ImportSequenceNumber>
          <Latitude xsi:nil="true"></Latitude>
          <Line1 xsi:nil="true"></Line1>
          <Line2 xsi:nil="true"></Line2>
          <Line3 xsi:nil="true"></Line3>
          <Longitude xsi:nil="true"></Longitude>
          <Name xsi:nil="true"></Name>
          <PostalCode xsi:nil="true"></PostalCode>
          <PostOfficeBox xsi:nil="true"></PostOfficeBox>
          <PrimaryContactName xsi:nil="true"></PrimaryContactName>
          <ShippingMethodCode>1</ShippingMethodCode>
          <StateOrProvince xsi:nil="true"></StateOrProvince>
          <Telephone1 xsi:nil="true"></Telephone1>
          <Telephone2 xsi:nil="true"></Telephone2>
          <Telephone3 xsi:nil="true"></Telephone3>
          <TimeZoneRuleVersionNumber xsi:nil="true"></TimeZoneRuleVersionNumber>
          <UPSZone xsi:nil="true"></UPSZone>
          <UTCOffset xsi:nil="true"></UTCOffset>
          <UTCConversionTimeZoneCode xsi:nil="true"></UTCConversionTimeZoneCode>
        </Address>
        <Address>
          <AddressNumber>2</AddressNumber>
          <AddressTypeCode>1</AddressTypeCode>
          <City xsi:nil="true"></City>
          <County xsi:nil="true"></County>
          <Country xsi:nil="true"></Country>
          <Fax xsi:nil="true"></Fax>
          <FreightTermsCode xsi:nil="true"></FreightTermsCode>
          <ImportSequenceNumber xsi:nil="true"></ImportSequenceNumber>
          <Latitude xsi:nil="true"></Latitude>
          <Line1 xsi:nil="true"></Line1>
          <Line2 xsi:nil="true"></Line2>
          <Line3 xsi:nil="true"></Line3>
          <Longitude xsi:nil="true"></Longitude>
          <Name xsi:nil="true"></Name>
          <PostalCode xsi:nil="true"></PostalCode>
          <PostOfficeBox xsi:nil="true"></PostOfficeBox>
          <PrimaryContactName xsi:nil="true"></PrimaryContactName>
          <ShippingMethodCode>1</ShippingMethodCode>
          <StateOrProvince xsi:nil="true"></StateOrProvince>
          <Telephone1 xsi:nil="true"></Telephone1>
          <Telephone2 xsi:nil="true"></Telephone2>
          <Telephone3 xsi:nil="true"></Telephone3>
          <TimeZoneRuleVersionNumber xsi:nil="true"></TimeZoneRuleVersionNumber>
          <UPSZone xsi:nil="true"></UPSZone>
          <UTCOffset xsi:nil="true"></UTCOffset>
          <UTCConversionTimeZoneCode xsi:nil="true"></UTCConversionTimeZoneCode>
        </Address>
      </Addresses>
    </Publisher>
    <RootComponents />
    <MissingDependencies />
  </SolutionManifest>
</ImportExportXml>