﻿<?xml version="1.0" encoding="utf-8"?>
<ImportExportXml version="8.1.0000.0128" SolutionPackageVersion="8.1" languagecode="1033" generatedBy="OnPremise" xmlns:xsi="http://www.w3.org/2001/XMLSchema-instance">
  <SolutionManifest>
    <UniqueName>MicrosoftIdeasWorkflows</UniqueName>
    <LocalizedNames>
      <LocalizedName description="Dynamics 365 Portals - Community Ideas Workflows" languagecode="1033" />
      <LocalizedName description="Портали на Dynamics 365 – Работни потоци на идеи от общността" languagecode="1026" />
      <LocalizedName description="Portals del Dynamics 365: fluxos de treball d'idees de la comunitat" languagecode="1027" />
      <LocalizedName description="Portály Dynamics 365 – Pracovní postupy pro komunitní nápady" languagecode="1029" />
      <LocalizedName description="Dynamics 365-portaler - Arbejdsprocesser for communityideer" languagecode="1030" />
      <LocalizedName description="Dynamics 365-Portale – Ideenworkflows der Community" languagecode="1031" />
      <LocalizedName description="Πύλες Dynamics 365 - Ροές εργασίας ιδεών κοινότητας" languagecode="1032" />
      <LocalizedName description="Portales de Dynamics 365: flujos de trabajo de ideas de la comunidad" languagecode="3082" />
      <LocalizedName description="Dynamics 365 portaalid – kogukonnaideede töövood" languagecode="1061" />
      <LocalizedName description="Dynamics 365 Atariak: komunitatearen ideien lan-fluxuak" languagecode="1069" />
      <LocalizedName description="Dynamics 365 -portaalit – yhteisön ideoiden työnkulut" languagecode="1035" />
      <LocalizedName description="Portails Dynamics 365 - Workflows des idées communautaires" languagecode="1036" />
      <LocalizedName description="Portais de Dynamics 365: Fluxos de traballo de ideas da comunidade" languagecode="1110" />
      <LocalizedName description="Dynamics 365 पोर्टल - समुदाय विचार कार्यप्रवाह" languagecode="1081" />
      <LocalizedName description="Portali sustava Dynamics 365 – Tijekovi rada ideja zajednice" languagecode="1050" />
      <LocalizedName description="Dynamics 365 portálok – közösségi ötletek munkafolyamatai" languagecode="1038" />
      <LocalizedName description="Portal Dynamics 365 - Alur Kerja Gagasan Komunitas" languagecode="1057" />
      <LocalizedName description="Portali di Dynamics 365 - Flussi di lavoro delle idee della community" languagecode="1040" />
      <LocalizedName description="Dynamics 365 ポータル - コミュニティ アイデア ワークフロー" languagecode="1041" />
      <LocalizedName description="Dynamics 365 порталдары - Қауымдастық ойлары жұмыс ағындары" languagecode="1087" />
      <LocalizedName description="Dynamics 365 포털 - 커뮤니티 아이디어 워크플로" languagecode="1042" />
      <LocalizedName description="„Dynamics 365”portalai – bendruomenės idėjų darbo eigos" languagecode="1063" />
      <LocalizedName description="Dynamics 365 portāli — Kopienas ideju darbplūsmas" languagecode="1062" />
      <LocalizedName description="Portal Dynamics 365 - Aliran Kerja Idea Komuniti" languagecode="1086" />
      <LocalizedName description="Dynamics 365-portaler – arbeidsflyter for fellesskapsideer" languagecode="1044" />
      <LocalizedName description="Dynamics 365-portals - Werkstromen community-ideeën" languagecode="1043" />
      <LocalizedName description="Portale usługi Dynamics 365 — przepływy pracy modułu Pomysły społeczności" languagecode="1045" />
      <LocalizedName description="Portais do Dynamics 365 - Fluxos de Trabalho das Ideias da Comunidade" languagecode="1046" />
      <LocalizedName description="Dynamics 365 Portais - Fluxos de Trabalho de Ideias da Comunidade" languagecode="2070" />
      <LocalizedName description="Portaluri Dynamics 365 - Fluxuri de lucru pentru idei în comunitate" languagecode="1048" />
      <LocalizedName description="Порталы Dynamics 365 — бизнес-процессы идей сообществ" languagecode="1049" />
      <LocalizedName description="Portály systému Dynamics 365 – pracovné postupy v rámci názorov komunity" languagecode="1051" />
      <LocalizedName description="Portali storitve Dynamics 365 – poteki dela zamisli skupnosti" languagecode="1060" />
      <LocalizedName description="Dynamics 365 портали – Токови посла идеја заједнице" languagecode="3098" />
      <LocalizedName description="Dynamics 365 портали – Токови посла идеја заједнице" languagecode="10266" />
      <LocalizedName description="Dynamics 365 portali – Tokovi posla ideja zajednice" languagecode="2074" />
      <LocalizedName description="Dynamics 365 portali – Tokovi posla ideja zajednice" languagecode="9242" />
      <LocalizedName description="Dynamics 365-portaler – arbetsflöde för idéer från communityn" languagecode="1053" />
      <LocalizedName description="พอร์ทัล Dynamics 365 - เวิร์กโฟลว์ไอเดียชุมชน" languagecode="1054" />
      <LocalizedName description="Dynamics 365 Portalları - Topluluk Fikirleri İş Akışları" languagecode="1055" />
      <LocalizedName description="Портали Dynamics 365 – робочі цикли ідей спільноти" languagecode="1058" />
      <LocalizedName description="Cổng thông tin Dynamics 365 - Quy trình làm việc Ý tưởng Cộng đồng" languagecode="1066" />
      <LocalizedName description="Dynamics 365 门户 - 社区观点工作流" languagecode="2052" />
      <LocalizedName description="Dynamics 365 入口網站 - 社群想法工作流程" languagecode="3076" />
      <LocalizedName description="Dynamics 365 入口網站 - 社群想法工作流程" languagecode="1028" />
    </LocalizedNames>
    <Descriptions>
      <Description description="Contains the workflow processes that are used by Ideas." languagecode="1033" />
      <Description description="Съдържа процесите на работни потоци, използвани от функцията за идеи." languagecode="1026" />
      <Description description="Conté els processos de flux de treball utilitzats per Idees." languagecode="1027" />
      <Description description="Obsahuje procesy pracovních postupů používané pro Nápady." languagecode="1029" />
      <Description description="Indeholder de arbejdsprocesser, der bruges af ideer." languagecode="1030" />
      <Description description="Enthält die von Ideen verwendeten Workflowprozesse." languagecode="1031" />
      <Description description="Περιέχει τις διεργασίες ροής εργασίας που χρησιμοποιούνται από τις Ιδέες." languagecode="1032" />
      <Description description="Contiene los procesos de flujo de trabajo usados por Ideas." languagecode="3082" />
      <Description description="Sisaldab ideede kasutatavaid töövooprotsesse." languagecode="1061" />
      <Description description="Ideiak soluzioak erabiltzen dituen lan-fluxuaren prozesuak ditu." languagecode="1069" />
      <Description description="Sisältää ideoita varten käytettävät työnkulun prosessit." languagecode="1035" />
      <Description description="Contient les processus de workflow utilisés par Idées." languagecode="1036" />
      <Description description="Contén os procesos de fluxo de traballo que usa Ideas." languagecode="1110" />
      <Description description="इसमें विचारों द्वारा उपयोग किए जाने वाला कार्यप्रवाह शामिल होता है." languagecode="1081" />
      <Description description="Sadrži postupke tijeka rada kojima se koriste Ideje." languagecode="1050" />
      <Description description="Az Ideas által használt munkafolyamatokat tartalmazza." languagecode="1038" />
      <Description description="Berisi proses alur kerja yang digunakan oleh Gagasan." languagecode="1057" />
      <Description description="Contiene i processi del flusso di lavoro usati da Ideas." languagecode="1040" />
      <Description description="Ideas で使用するワークフロー プロセスが含まれています。" languagecode="1041" />
      <Description description="Ойлар бойынша пайдаланылатын жұмыс ағыны процестерінен тұрады." languagecode="1087" />
      <Description description="아이디어에 사용되는 워크플로 프로세스가 들어 있습니다." languagecode="1042" />
      <Description description="Apima darbo eigos procesus, kurie naudojami pagal idėjas." languagecode="1063" />
      <Description description="Satur darbplūsmas procesus, kas tiek izmantoti ideju veidošanai." languagecode="1062" />
      <Description description="Mengandungi proses aliran kerja yang digunakan oleh Ideas." languagecode="1086" />
      <Description description="Inneholder arbeidsflytprosessene som brukes av ideer." languagecode="1044" />
      <Description description="Bevat de werkstroomprocessen die worden gebruikt door Ideeën." languagecode="1043" />
      <Description description="Zawiera procesy przepływów pracy używane przez moduł Pomysły." languagecode="1045" />
      <Description description="Contém os processos de fluxo de trabalho utilizados por Ideias." languagecode="1046" />
      <Description description="Contém os processos de fluxo de trabalho utilizados pelas Ideias." languagecode="2070" />
      <Description description="Conține procesele de flux de lucru utilizate de Ideas." languagecode="1048" />
      <Description description="Содержит бизнес-процессы, используемые идеями." languagecode="1049" />
      <Description description="Obsahuje procesy pracovných postupov, ktoré využíva sekcia Názory." languagecode="1051" />
      <Description description="Vključuje procese potekov dela, ki jih uporabljajo Zamisli." languagecode="1060" />
      <Description description="Садржи процесе тока посла које користе идеје." languagecode="3098" />
      <Description description="Садржи процесе тока посла које користе идеје." languagecode="10266" />
      <Description description="Sadrži procese toka posla koje koriste ideje." languagecode="2074" />
      <Description description="Sadrži procese toka posla koje koriste ideje." languagecode="9242" />
      <Description description="Innehåller arbetsflödesprocesser som används av Idéer." languagecode="1053" />
      <Description description="มีกระบวนการเวิร์กโฟลว์ที่ใช้โดยไอเดีย" languagecode="1054" />
      <Description description="Fikirler tarafından kullanılan iş akışı işlemlerini içerir." languagecode="1055" />
      <Description description="Містить процеси робочих циклів, які використовуються сутністю &quot;Ідеї&quot;." languagecode="1058" />
      <Description description="Chứa các quy trình làm việc được sử dụng bởi Ý tưởng." languagecode="1066" />
      <Description description="包含用于观点的工作流进程。" languagecode="2052" />
      <Description description="包含可供各種想法使用的工作流程。" languagecode="3076" />
      <Description description="包含可供各種想法使用的工作流程。" languagecode="1028" />
    </Descriptions>
    <Version>8.1.0002</Version>
    <Managed>1</Managed>
    <Publisher>
      <UniqueName>adxstudio</UniqueName>
      <LocalizedNames>
        <LocalizedName description="Microsoft" languagecode="1033" />
        <LocalizedName description="Microsoft" languagecode="1026" />
        <LocalizedName description="Microsoft" languagecode="1027" />
        <LocalizedName description="Microsoft" languagecode="1029" />
        <LocalizedName description="Microsoft" languagecode="1030" />
        <LocalizedName description="Microsoft" languagecode="1031" />
        <LocalizedName description="Microsoft" languagecode="1032" />
        <LocalizedName description="Microsoft" languagecode="3082" />
        <LocalizedName description="Microsoft" languagecode="1061" />
        <LocalizedName description="Microsoft" languagecode="1069" />
        <LocalizedName description="Microsoft" languagecode="1035" />
        <LocalizedName description="Microsoft" languagecode="1036" />
        <LocalizedName description="Microsoft" languagecode="1110" />
        <LocalizedName description="Microsoft" languagecode="1081" />
        <LocalizedName description="Microsoft" languagecode="1050" />
        <LocalizedName description="Microsoft" languagecode="1038" />
        <LocalizedName description="Microsoft" languagecode="1057" />
        <LocalizedName description="Microsoft" languagecode="1040" />
        <LocalizedName description="Microsoft" languagecode="1041" />
        <LocalizedName description="Microsoft" languagecode="1087" />
        <LocalizedName description="Microsoft" languagecode="1042" />
        <LocalizedName description="„Microsoft“" languagecode="1063" />
        <LocalizedName description="Microsoft" languagecode="1062" />
        <LocalizedName description="Microsoft" languagecode="1086" />
        <LocalizedName description="Microsoft" languagecode="1044" />
        <LocalizedName description="Microsoft" languagecode="1043" />
        <LocalizedName description="Microsoft" languagecode="1045" />
        <LocalizedName description="Microsoft" languagecode="1046" />
        <LocalizedName description="Microsoft" languagecode="2070" />
        <LocalizedName description="Microsoft" languagecode="1048" />
        <LocalizedName description="Корпорация Майкрософт" languagecode="1049" />
        <LocalizedName description="Microsoft" languagecode="1051" />
        <LocalizedName description="Microsoft" languagecode="1060" />
        <LocalizedName description="Microsoft" languagecode="3098" />
        <LocalizedName description="Microsoft" languagecode="10266" />
        <LocalizedName description="Microsoft" languagecode="2074" />
        <LocalizedName description="Microsoft" languagecode="9242" />
        <LocalizedName description="Microsoft" languagecode="1053" />
        <LocalizedName description="Microsoft" languagecode="1054" />
        <LocalizedName description="Microsoft" languagecode="1055" />
        <LocalizedName description="Microsoft" languagecode="1058" />
        <LocalizedName description="Microsoft" languagecode="1066" />
        <LocalizedName description="Microsoft" languagecode="2052" />
        <LocalizedName description="Microsoft" languagecode="3076" />
        <LocalizedName description="Microsoft" languagecode="1028" />
      </LocalizedNames>
      <Descriptions />
      <EMailAddress>support@adxstudio.com</EMailAddress>
      <SupportingWebsiteUrl>http://www.adxstudio.com</SupportingWebsiteUrl>
      <CustomizationPrefix>adx</CustomizationPrefix>
      <CustomizationOptionValuePrefix>75615</CustomizationOptionValuePrefix>
      <Addresses>
        <Address>
          <AddressNumber>1</AddressNumber>
          <AddressTypeCode>1</AddressTypeCode>
          <City xsi:nil="true"></City>
          <County xsi:nil="true"></County>
          <Country xsi:nil="true"></Country>
          <Fax xsi:nil="true"></Fax>
          <FreightTermsCode xsi:nil="true"></FreightTermsCode>
          <ImportSequenceNumber xsi:nil="true"></ImportSequenceNumber>
          <Latitude xsi:nil="true"></Latitude>
          <Line1 xsi:nil="true"></Line1>
          <Line2 xsi:nil="true"></Line2>
          <Line3 xsi:nil="true"></Line3>
          <Longitude xsi:nil="true"></Longitude>
          <Name xsi:nil="true"></Name>
          <PostalCode xsi:nil="true"></PostalCode>
          <PostOfficeBox xsi:nil="true"></PostOfficeBox>
          <PrimaryContactName xsi:nil="true"></PrimaryContactName>
          <ShippingMethodCode>1</ShippingMethodCode>
          <StateOrProvince xsi:nil="true"></StateOrProvince>
          <Telephone1 xsi:nil="true"></Telephone1>
          <Telephone2 xsi:nil="true"></Telephone2>
          <Telephone3 xsi:nil="true"></Telephone3>
          <TimeZoneRuleVersionNumber xsi:nil="true"></TimeZoneRuleVersionNumber>
          <UPSZone xsi:nil="true"></UPSZone>
          <UTCOffset xsi:nil="true"></UTCOffset>
          <UTCConversionTimeZoneCode xsi:nil="true"></UTCConversionTimeZoneCode>
        </Address>
        <Address>
          <AddressNumber>2</AddressNumber>
          <AddressTypeCode>1</AddressTypeCode>
          <City xsi:nil="true"></City>
          <County xsi:nil="true"></County>
          <Country xsi:nil="true"></Country>
          <Fax xsi:nil="true"></Fax>
          <FreightTermsCode xsi:nil="true"></FreightTermsCode>
          <ImportSequenceNumber xsi:nil="true"></ImportSequenceNumber>
          <Latitude xsi:nil="true"></Latitude>
          <Line1 xsi:nil="true"></Line1>
          <Line2 xsi:nil="true"></Line2>
          <Line3 xsi:nil="true"></Line3>
          <Longitude xsi:nil="true"></Longitude>
          <Name xsi:nil="true"></Name>
          <PostalCode xsi:nil="true"></PostalCode>
          <PostOfficeBox xsi:nil="true"></PostOfficeBox>
          <PrimaryContactName xsi:nil="true"></PrimaryContactName>
          <ShippingMethodCode>1</ShippingMethodCode>
          <StateOrProvince xsi:nil="true"></StateOrProvince>
          <Telephone1 xsi:nil="true"></Telephone1>
          <Telephone2 xsi:nil="true"></Telephone2>
          <Telephone3 xsi:nil="true"></Telephone3>
          <TimeZoneRuleVersionNumber xsi:nil="true"></TimeZoneRuleVersionNumber>
          <UPSZone xsi:nil="true"></UPSZone>
          <UTCOffset xsi:nil="true"></UTCOffset>
          <UTCConversionTimeZoneCode xsi:nil="true"></UTCConversionTimeZoneCode>
        </Address>
      </Addresses>
    </Publisher>
    <RootComponents>
      <RootComponent type="29" id="{ed545fa6-3f7d-49ca-b94a-4c2a289d0900}" behavior="0" />
    </RootComponents>
    <MissingDependencies>
      <MissingDependency>
        <Required key="0" type="1" schemaName="adx_idea" displayName="Idea" solution="Active" />
        <Dependent key="1" type="29" displayName="IdeaUpdateAuthor" id="{ed545fa6-3f7d-49ca-b94a-4c2a289d0900}" />
      </MissingDependency>
      <MissingDependency>
        <Required key="2" type="2" schemaName="adx_authorid" displayName="Author" parentSchemaName="adx_idea" parentDisplayName="Idea" solution="Active" />
        <Dependent key="1" type="29" displayName="IdeaUpdateAuthor" id="{ed545fa6-3f7d-49ca-b94a-4c2a289d0900}" />
      </MissingDependency>
      <MissingDependency>
        <Required key="3" type="2" schemaName="adx_authorname" displayName="Author Name" parentSchemaName="adx_idea" parentDisplayName="Idea" solution="Active" />
        <Dependent key="1" type="29" displayName="IdeaUpdateAuthor" id="{ed545fa6-3f7d-49ca-b94a-4c2a289d0900}" />
      </MissingDependency>
      <MissingDependency>
        <Required key="4" type="2" schemaName="adx_authoremail" displayName="Author Email" parentSchemaName="adx_idea" parentDisplayName="Idea" solution="Active" />
        <Dependent key="1" type="29" displayName="IdeaUpdateAuthor" id="{ed545fa6-3f7d-49ca-b94a-4c2a289d0900}" />
      </MissingDependency>
      <MissingDependency>
        <Required key="5" type="2" schemaName="adx_ideaid" displayName="Idea" parentSchemaName="adx_idea" parentDisplayName="Idea" solution="Active" />
        <Dependent key="1" type="29" displayName="IdeaUpdateAuthor" id="{ed545fa6-3f7d-49ca-b94a-4c2a289d0900}" />
      </MissingDependency>
      <MissingDependency>
        <Required key="6" type="2" schemaName="adx_name" displayName="Title" parentSchemaName="adx_idea" parentDisplayName="Idea" solution="Active" />
        <Dependent key="1" type="29" displayName="IdeaUpdateAuthor" id="{ed545fa6-3f7d-49ca-b94a-4c2a289d0900}" />
      </MissingDependency>
      <MissingDependency>
        <Required key="7" type="10" schemaName="adx_contact_idea" displayName="adx_contact_idea" parentSchemaName="adx_idea" parentDisplayName="Idea" solution="Active" />
        <Dependent key="1" type="29" displayName="IdeaUpdateAuthor" id="{ed545fa6-3f7d-49ca-b94a-4c2a289d0900}" />
      </MissingDependency>
    </MissingDependencies>
  </SolutionManifest>
</ImportExportXml>