﻿<?xml version="1.0" encoding="utf-8"?>
<ImportExportXml version="8.1.0000.0641" SolutionPackageVersion="8.1" languagecode="1033" generatedBy="OnPremise" xmlns:xsi="http://www.w3.org/2001/XMLSchema-instance">
  <SolutionManifest>
    <UniqueName>MicrosoftCrmPortalBaseWorkflows</UniqueName>
    <LocalizedNames>
      <LocalizedName description="Dynamics 365 Portals - Portal Base Workflows" languagecode="1033" />
      <LocalizedName description="Портали на Dynamics 365 – Работни потоци на базата на портала" languagecode="1026" />
      <LocalizedName description="Portals del Dynamics 365: fluxos de treball de la base del portal" languagecode="1027" />
      <LocalizedName description="Portály Dynamics 365 – Pracovní postupy pro základ portálu" languagecode="1029" />
      <LocalizedName description="Dynamics 365-portaler - Arbejdsprocesser i portalbase" languagecode="1030" />
      <LocalizedName description="Dynamics 365-Portale – Workflows der Portalbasis" languagecode="1031" />
      <LocalizedName description="Πύλες Dynamics 365 - Ροές εργασίας βάσης πύλης" languagecode="1032" />
      <LocalizedName description="Portales de Dynamics 365: flujos de trabajo de base de portal" languagecode="3082" />
      <LocalizedName description="Dynamics 365 portaalid – portaali põhitöövood" languagecode="1061" />
      <LocalizedName description="Dynamics 365 Atariak: atariaren (oinarrizkoa) lan-fluxuak" languagecode="1069" />
      <LocalizedName description="Dynamics 365 – Portal Basen työnkulut" languagecode="1035" />
      <LocalizedName description="Portails Dynamics 365 - Workflows de base du portail" languagecode="1036" />
      <LocalizedName description="Portais de Dynamics 365: Fluxos de traballo de base do portal" languagecode="1110" />
      <LocalizedName description="Dynamics 365 पोर्टल - पोर्टल मूल कार्यप्रवाह" languagecode="1081" />
      <LocalizedName description="Portali sustava Dynamics 365 – Tijekovi rada osnove portala" languagecode="1050" />
      <LocalizedName description="Dynamics 365 portálok – alapportál munkafolyamatai" languagecode="1038" />
      <LocalizedName description="Portal Dynamics 365 - Alur Kerja Basis Portal" languagecode="1057" />
      <LocalizedName description="Portali di Dynamics 365 - Flussi di lavoro di base del portale" languagecode="1040" />
      <LocalizedName description="Dynamics 365 ポータル - ポータル ベース ワークフロー" languagecode="1041" />
      <LocalizedName description="Dynamics 365 порталдары - Портал негізінің жұмыс ағындары" languagecode="1087" />
      <LocalizedName description="Dynamics 365 포털 - 포털 기본 워크플로" languagecode="1042" />
      <LocalizedName description="„Dynamics 365“ portalai – portalų bazės darbo eigos" languagecode="1063" />
      <LocalizedName description="Dynamics 365 portāli — Portāla pamata darbplūsmas" languagecode="1062" />
      <LocalizedName description="Portal Dynamics 365 - Aliran Kerja Asas Portal" languagecode="1086" />
      <LocalizedName description="Dynamics 365-portaler – arbeidsflyter for portalbase" languagecode="1044" />
      <LocalizedName description="Dynamics 365-portals - Werkstromen portalbasis" languagecode="1043" />
      <LocalizedName description="Portale usługi Dynamics 365 — przepływy pracy podstawy portalu" languagecode="1045" />
      <LocalizedName description="Portais do Dynamics 365 - Fluxos de Trabalho do Portal Base" languagecode="1046" />
      <LocalizedName description="Dynamics 365 Portais - Fluxos de Trabalho Base de Portal" languagecode="2070" />
      <LocalizedName description="Portaluri Dynamics 365 - Fluxuri de lucru de bază pentru portal" languagecode="1048" />
      <LocalizedName description="Порталы Dynamics 365 — бизнес-процессы базы портала" languagecode="1049" />
      <LocalizedName description="Portály systému Dynamics 365 – pracovné postupy v rámci základe portálu" languagecode="1051" />
      <LocalizedName description="Portali storitve Dynamics 365 – osnovni poteki dela za portal" languagecode="1060" />
      <LocalizedName description="Dynamics 365 портали – Основни токови посла на порталу" languagecode="3098" />
      <LocalizedName description="Dynamics 365 портали – Основни токови посла на порталу" languagecode="10266" />
      <LocalizedName description="Dynamics 365 portali – Osnovni tokovi posla na portalu" languagecode="2074" />
      <LocalizedName description="Dynamics 365 portali – Osnovni tokovi posla na portalu" languagecode="9242" />
      <LocalizedName description="Dynamics 365-portaler – portalens basarbetsflöden" languagecode="1053" />
      <LocalizedName description="พอร์ทัล Dynamics 365 - เวิร์กโฟลว์พื้นฐานของพอร์ทัล" languagecode="1054" />
      <LocalizedName description="Dynamics 365 Portalları - Portal Temel Çözümü İş Akışları" languagecode="1055" />
      <LocalizedName description="Портали Dynamics 365 – робочі цикли базового порталу" languagecode="1058" />
      <LocalizedName description="Cổng thông tin Dynamics 365 - Quy trình làm việc Cơ sở Cổng thông tin" languagecode="1066" />
      <LocalizedName description="Dynamics 365 门户 - 门户基础工作流" languagecode="2052" />
      <LocalizedName description="Dynamics 365 入口網站 - 入口網站基底工作流程" languagecode="3076" />
      <LocalizedName description="Dynamics 365 入口網站 - 入口網站基底工作流程" languagecode="1028" />
    </LocalizedNames>
    <Descriptions>
      <Description description="Workflow processes utilized by portals." languagecode="1033" />
      <Description description="Процеси на работни потоци, използвани от порталите." languagecode="1026" />
      <Description description="Processos de flux de treball utilitzats pels portals." languagecode="1027" />
      <Description description="Procesy pracovních postupů využívané portály" languagecode="1029" />
      <Description description="Arbejdsprocesser, som understøtter portaler." languagecode="1030" />
      <Description description="Von Portalen verwendete Workflowprozesse." languagecode="1031" />
      <Description description="Διεργασίες ροής εργασίας που χρησιμοποιούνται από πύλες." languagecode="1032" />
      <Description description="Procesos de flujo de trabajo usados por los portales." languagecode="3082" />
      <Description description="Portaalide kasutatavad töövooprotsessid." languagecode="1061" />
      <Description description="Atariek erabiltzen dituzten lan-fluxuaren prozesuak." languagecode="1069" />
      <Description description="Portaalien käyttämät työnkulkuprosessit." languagecode="1035" />
      <Description description="Processus de workflow utilisés par les portails." languagecode="1036" />
      <Description description="Procesos de fluxo de traballo que usan os portais." languagecode="1110" />
      <Description description="पोर्टल द्वारा प्रयुक्त कार्यप्रवाह प्रक्रियाएँ." languagecode="1081" />
      <Description description="Procesi tijeka rada koje koriste portali." languagecode="1050" />
      <Description description="A portálok által használt munkafolyamatok." languagecode="1038" />
      <Description description="Proses alur kerja yang digunakan portal." languagecode="1057" />
      <Description description="Processi del flusso di lavoro usati dai portali." languagecode="1040" />
      <Description description="ポータルで使用されるワークフロー プロセスです。" languagecode="1041" />
      <Description description="Порталдар пайдаланылған жұмыс ағынының процестері." languagecode="1087" />
      <Description description="포털에서 이용되는 워크플로 프로세스입니다." languagecode="1042" />
      <Description description="Darbo eigos procesai, kuriuos naudoja portalai." languagecode="1063" />
      <Description description="Darbplūsmas procesi, kas tiek izmantoti portālos." languagecode="1062" />
      <Description description="Proses aliran kerja digunakan oleh portal." languagecode="1086" />
      <Description description="Arbeidsflytprosesser som brukes av portaler." languagecode="1044" />
      <Description description="Door portals gebruikte werkstroomprocessen." languagecode="1043" />
      <Description description="Procesy przepływu pracy używane przez portale." languagecode="1045" />
      <Description description="Processos de fluxo de trabalho utilizados pelos portais." languagecode="1046" />
      <Description description="Processos de fluxo de trabalho utilizados pelos portais." languagecode="2070" />
      <Description description="Procese de flux de lucru utilizate de portaluri." languagecode="1048" />
      <Description description="Бизнес-процессы, используемые на порталах." languagecode="1049" />
      <Description description="Procesy pracovných postupov využívané portálmi." languagecode="1051" />
      <Description description="Procesi potekov dela, ki jih uporabljajo portali." languagecode="1060" />
      <Description description="Процеси тока посла које користе портали." languagecode="3098" />
      <Description description="Процеси тока посла које користе портали." languagecode="10266" />
      <Description description="Procesi toka posla koje koriste portali." languagecode="2074" />
      <Description description="Procesi toka posla koje koriste portali." languagecode="9242" />
      <Description description="Arbetsflödesprocesser som används av portaler." languagecode="1053" />
      <Description description="กระบวนการเวิร์กโฟลว์ที่ใช้โดยพอร์ทัล" languagecode="1054" />
      <Description description="Portallar tarafından kullanılan iş akışı işlemleri." languagecode="1055" />
      <Description description="Процеси робочого циклу, що використовуються порталами." languagecode="1058" />
      <Description description="Quy trình làm việc do cổng thông tin sử dụng." languagecode="1066" />
      <Description description="门户利用的工作流过程。" languagecode="2052" />
      <Description description="入口網站使用的工作流程程序。" languagecode="3076" />
      <Description description="入口網站使用的工作流程程序。" languagecode="1028" />
    </Descriptions>
    <Version>8.3.0.0</Version>
    <Managed>1</Managed>
    <Publisher>
      <UniqueName>adxstudio</UniqueName>
      <LocalizedNames>
        <LocalizedName description="Microsoft" languagecode="1033" />
        <LocalizedName description="Microsoft" languagecode="1026" />
        <LocalizedName description="Microsoft" languagecode="1027" />
        <LocalizedName description="Microsoft" languagecode="1029" />
        <LocalizedName description="Microsoft" languagecode="1030" />
        <LocalizedName description="Microsoft" languagecode="1031" />
        <LocalizedName description="Microsoft" languagecode="1032" />
        <LocalizedName description="Microsoft" languagecode="3082" />
        <LocalizedName description="Microsoft" languagecode="1061" />
        <LocalizedName description="Microsoft" languagecode="1069" />
        <LocalizedName description="Microsoft" languagecode="1035" />
        <LocalizedName description="Microsoft" languagecode="1036" />
        <LocalizedName description="Microsoft" languagecode="1110" />
        <LocalizedName description="Microsoft" languagecode="1081" />
        <LocalizedName description="Microsoft" languagecode="1050" />
        <LocalizedName description="Microsoft" languagecode="1038" />
        <LocalizedName description="Microsoft" languagecode="1057" />
        <LocalizedName description="Microsoft" languagecode="1040" />
        <LocalizedName description="Microsoft" languagecode="1041" />
        <LocalizedName description="Microsoft" languagecode="1087" />
        <LocalizedName description="Microsoft" languagecode="1042" />
        <LocalizedName description="„Microsoft“" languagecode="1063" />
        <LocalizedName description="Microsoft" languagecode="1062" />
        <LocalizedName description="Microsoft" languagecode="1086" />
        <LocalizedName description="Microsoft" languagecode="1044" />
        <LocalizedName description="Microsoft" languagecode="1043" />
        <LocalizedName description="Microsoft" languagecode="1045" />
        <LocalizedName description="Microsoft" languagecode="1046" />
        <LocalizedName description="Microsoft" languagecode="2070" />
        <LocalizedName description="Microsoft" languagecode="1048" />
        <LocalizedName description="Корпорация Майкрософт" languagecode="1049" />
        <LocalizedName description="Microsoft" languagecode="1051" />
        <LocalizedName description="Microsoft" languagecode="1060" />
        <LocalizedName description="Microsoft" languagecode="3098" />
        <LocalizedName description="Microsoft" languagecode="10266" />
        <LocalizedName description="Microsoft" languagecode="2074" />
        <LocalizedName description="Microsoft" languagecode="9242" />
        <LocalizedName description="Microsoft" languagecode="1053" />
        <LocalizedName description="Microsoft" languagecode="1054" />
        <LocalizedName description="Microsoft" languagecode="1055" />
        <LocalizedName description="Microsoft" languagecode="1058" />
        <LocalizedName description="Microsoft" languagecode="1066" />
        <LocalizedName description="Microsoft" languagecode="2052" />
        <LocalizedName description="Microsoft" languagecode="3076" />
        <LocalizedName description="Microsoft" languagecode="1028" />
      </LocalizedNames>
      <Descriptions />
      <EMailAddress>support@adxstudio.com</EMailAddress>
      <SupportingWebsiteUrl>http://www.adxstudio.com</SupportingWebsiteUrl>
      <CustomizationPrefix>adx</CustomizationPrefix>
      <CustomizationOptionValuePrefix>10000</CustomizationOptionValuePrefix>
      <Addresses>
        <Address>
          <AddressNumber>1</AddressNumber>
          <AddressTypeCode>1</AddressTypeCode>
          <City xsi:nil="true"></City>
          <County xsi:nil="true"></County>
          <Country xsi:nil="true"></Country>
          <Fax xsi:nil="true"></Fax>
          <FreightTermsCode xsi:nil="true"></FreightTermsCode>
          <ImportSequenceNumber xsi:nil="true"></ImportSequenceNumber>
          <Latitude xsi:nil="true"></Latitude>
          <Line1 xsi:nil="true"></Line1>
          <Line2 xsi:nil="true"></Line2>
          <Line3 xsi:nil="true"></Line3>
          <Longitude xsi:nil="true"></Longitude>
          <Name xsi:nil="true"></Name>
          <PostalCode xsi:nil="true"></PostalCode>
          <PostOfficeBox xsi:nil="true"></PostOfficeBox>
          <PrimaryContactName xsi:nil="true"></PrimaryContactName>
          <ShippingMethodCode>1</ShippingMethodCode>
          <StateOrProvince xsi:nil="true"></StateOrProvince>
          <Telephone1 xsi:nil="true"></Telephone1>
          <Telephone2 xsi:nil="true"></Telephone2>
          <Telephone3 xsi:nil="true"></Telephone3>
          <TimeZoneRuleVersionNumber xsi:nil="true"></TimeZoneRuleVersionNumber>
          <UPSZone xsi:nil="true"></UPSZone>
          <UTCOffset xsi:nil="true"></UTCOffset>
          <UTCConversionTimeZoneCode xsi:nil="true"></UTCConversionTimeZoneCode>
        </Address>
        <Address>
          <AddressNumber>2</AddressNumber>
          <AddressTypeCode>1</AddressTypeCode>
          <City xsi:nil="true"></City>
          <County xsi:nil="true"></County>
          <Country xsi:nil="true"></Country>
          <Fax xsi:nil="true"></Fax>
          <FreightTermsCode xsi:nil="true"></FreightTermsCode>
          <ImportSequenceNumber xsi:nil="true"></ImportSequenceNumber>
          <Latitude xsi:nil="true"></Latitude>
          <Line1 xsi:nil="true"></Line1>
          <Line2 xsi:nil="true"></Line2>
          <Line3 xsi:nil="true"></Line3>
          <Longitude xsi:nil="true"></Longitude>
          <Name xsi:nil="true"></Name>
          <PostalCode xsi:nil="true"></PostalCode>
          <PostOfficeBox xsi:nil="true"></PostOfficeBox>
          <PrimaryContactName xsi:nil="true"></PrimaryContactName>
          <ShippingMethodCode>1</ShippingMethodCode>
          <StateOrProvince xsi:nil="true"></StateOrProvince>
          <Telephone1 xsi:nil="true"></Telephone1>
          <Telephone2 xsi:nil="true"></Telephone2>
          <Telephone3 xsi:nil="true"></Telephone3>
          <TimeZoneRuleVersionNumber xsi:nil="true"></TimeZoneRuleVersionNumber>
          <UPSZone xsi:nil="true"></UPSZone>
          <UTCOffset xsi:nil="true"></UTCOffset>
          <UTCConversionTimeZoneCode xsi:nil="true"></UTCConversionTimeZoneCode>
        </Address>
      </Addresses>
    </Publisher>
    <RootComponents>
      <RootComponent type="29" id="{15c03c8d-754f-4386-a62c-cf7e91337ebd}" behavior="0" />
      <RootComponent type="29" id="{225853ab-8f04-43cf-a44d-a1f0be41777a}" behavior="0" />
      <RootComponent type="29" id="{551026f4-906d-411d-97d2-743ddca7c19a}" behavior="0" />
      <RootComponent type="29" id="{5de74dca-ccf3-4179-8c9d-bd7a1bf4c825}" behavior="0" />
    </RootComponents>
    <MissingDependencies>
      <MissingDependency>
        <Required key="0" type="1" schemaName="adx_pagenotification" displayName="Page Notification" solution="Active" />
        <Dependent key="1" type="29" displayName="ADX Page Notification" id="{225853ab-8f04-43cf-a44d-a1f0be41777a}" />
      </MissingDependency>
      <MissingDependency>
        <Required key="2" type="1" schemaName="adx_webpage" displayName="Web Page" solution="MicrosoftCrmPortalDependencies (8.2.0.0)" />
        <Dependent key="1" type="29" displayName="ADX Page Notification" id="{225853ab-8f04-43cf-a44d-a1f0be41777a}" />
      </MissingDependency>
      <MissingDependency>
        <Required key="3" type="1" schemaName="adx_invitation" displayName="Invitation" solution="Active" />
        <Dependent key="4" type="29" displayName="Send Invitation" id="{15c03c8d-754f-4386-a62c-cf7e91337ebd}" />
      </MissingDependency>
      <MissingDependency>
        <Required key="3" type="1" schemaName="adx_invitation" displayName="Invitation" solution="Active" />
        <Dependent key="5" type="29" displayName="ADX Sign Up Email" id="{5de74dca-ccf3-4179-8c9d-bd7a1bf4c825}" />
      </MissingDependency>
      <MissingDependency>
        <Required key="6" type="1" schemaName="adx_alertsubscription" displayName="Alert Subscription" solution="Active" />
        <Dependent key="7" type="29" displayName="Send Email to Subscribers of Alert" id="{551026f4-906d-411d-97d2-743ddca7c19a}" />
      </MissingDependency>
      <MissingDependency>
        <Required key="8" type="2" schemaName="regardingobjectid" displayName="Regarding" parentSchemaName="adx_alertsubscription" parentDisplayName="Alert Subscription" solution="Active" />
        <Dependent key="7" type="29" displayName="Send Email to Subscribers of Alert" id="{551026f4-906d-411d-97d2-743ddca7c19a}" />
      </MissingDependency>
      <MissingDependency>
        <Required key="9" type="2" schemaName="ownerid" displayName="Owner" parentSchemaName="adx_alertsubscription" parentDisplayName="Alert Subscription" solution="Active" />
        <Dependent key="7" type="29" displayName="Send Email to Subscribers of Alert" id="{551026f4-906d-411d-97d2-743ddca7c19a}" />
      </MissingDependency>
      <MissingDependency>
        <Required key="10" type="2" schemaName="activityid" displayName="Activity" parentSchemaName="adx_alertsubscription" parentDisplayName="Alert Subscription" solution="Active" />
        <Dependent key="7" type="29" displayName="Send Email to Subscribers of Alert" id="{551026f4-906d-411d-97d2-743ddca7c19a}" />
      </MissingDependency>
      <MissingDependency>
        <Required key="11" type="2" schemaName="subject" displayName="Subject" parentSchemaName="adx_alertsubscription" parentDisplayName="Alert Subscription" solution="Active" />
        <Dependent key="7" type="29" displayName="Send Email to Subscribers of Alert" id="{551026f4-906d-411d-97d2-743ddca7c19a}" />
      </MissingDependency>
      <MissingDependency>
        <Required key="12" type="2" schemaName="adx_fullname" displayName="Full Name" parentSchemaName="adx_alertsubscription" parentDisplayName="Alert Subscription" solution="Active" />
        <Dependent key="7" type="29" displayName="Send Email to Subscribers of Alert" id="{551026f4-906d-411d-97d2-743ddca7c19a}" />
      </MissingDependency>
      <MissingDependency>
        <Required key="13" type="2" schemaName="customers" displayName="Customers" parentSchemaName="adx_alertsubscription" parentDisplayName="Alert Subscription" solution="Active" />
        <Dependent key="7" type="29" displayName="Send Email to Subscribers of Alert" id="{551026f4-906d-411d-97d2-743ddca7c19a}" />
      </MissingDependency>
      <MissingDependency>
        <Required key="14" type="2" schemaName="adx_regardingid" displayName="regardingid" parentSchemaName="adx_alertsubscription" parentDisplayName="Alert Subscription" solution="Active" />
        <Dependent key="7" type="29" displayName="Send Email to Subscribers of Alert" id="{551026f4-906d-411d-97d2-743ddca7c19a}" />
      </MissingDependency>
      <MissingDependency>
        <Required key="15" type="2" schemaName="adx_regardingurl" displayName="regardingurl" parentSchemaName="adx_alertsubscription" parentDisplayName="Alert Subscription" solution="Active" />
        <Dependent key="7" type="29" displayName="Send Email to Subscribers of Alert" id="{551026f4-906d-411d-97d2-743ddca7c19a}" />
      </MissingDependency>
      <MissingDependency>
        <Required key="16" type="2" schemaName="adx_invitationcode" displayName="Invitation Code" parentSchemaName="adx_invitation" parentDisplayName="Invitation" solution="Active" />
        <Dependent key="5" type="29" displayName="ADX Sign Up Email" id="{5de74dca-ccf3-4179-8c9d-bd7a1bf4c825}" />
      </MissingDependency>
      <MissingDependency>
        <Required key="17" type="2" schemaName="adx_invitecontact" displayName="Invite Contact" parentSchemaName="adx_invitation" parentDisplayName="Invitation" solution="Active" />
        <Dependent key="5" type="29" displayName="ADX Sign Up Email" id="{5de74dca-ccf3-4179-8c9d-bd7a1bf4c825}" />
      </MissingDependency>
      <MissingDependency>
        <Required key="18" type="2" schemaName="adx_expirydate" displayName="Expiry Date" parentSchemaName="adx_invitation" parentDisplayName="Invitation" solution="Active" />
        <Dependent key="5" type="29" displayName="ADX Sign Up Email" id="{5de74dca-ccf3-4179-8c9d-bd7a1bf4c825}" />
      </MissingDependency>
      <MissingDependency>
        <Required key="19" type="2" schemaName="adx_invitationid" displayName="Invitation" parentSchemaName="adx_invitation" parentDisplayName="Invitation" solution="Active" />
        <Dependent key="4" type="29" displayName="Send Invitation" id="{15c03c8d-754f-4386-a62c-cf7e91337ebd}" />
      </MissingDependency>
      <MissingDependency>
        <Required key="19" type="2" schemaName="adx_invitationid" displayName="Invitation" parentSchemaName="adx_invitation" parentDisplayName="Invitation" solution="Active" />
        <Dependent key="5" type="29" displayName="ADX Sign Up Email" id="{5de74dca-ccf3-4179-8c9d-bd7a1bf4c825}" />
      </MissingDependency>
      <MissingDependency>
        <Required key="16" type="2" schemaName="adx_invitationcode" displayName="Invitation Code" parentSchemaName="adx_invitation" parentDisplayName="Invitation" solution="Active" />
        <Dependent key="4" type="29" displayName="Send Invitation" id="{15c03c8d-754f-4386-a62c-cf7e91337ebd}" />
      </MissingDependency>
      <MissingDependency>
        <Required key="20" type="2" schemaName="adx_name" displayName="Name" parentSchemaName="adx_invitation" parentDisplayName="Invitation" solution="Active" />
        <Dependent key="4" type="29" displayName="Send Invitation" id="{15c03c8d-754f-4386-a62c-cf7e91337ebd}" />
      </MissingDependency>
      <MissingDependency>
        <Required key="20" type="2" schemaName="adx_name" displayName="Name" parentSchemaName="adx_invitation" parentDisplayName="Invitation" solution="Active" />
        <Dependent key="5" type="29" displayName="ADX Sign Up Email" id="{5de74dca-ccf3-4179-8c9d-bd7a1bf4c825}" />
      </MissingDependency>
      <MissingDependency>
        <Required key="21" type="2" schemaName="adx_webpage" displayName="Web Page" parentSchemaName="adx_pagenotification" parentDisplayName="Page Notification" solution="Active" />
        <Dependent key="1" type="29" displayName="ADX Page Notification" id="{225853ab-8f04-43cf-a44d-a1f0be41777a}" />
      </MissingDependency>
      <MissingDependency>
        <Required key="22" type="2" schemaName="adx_name" displayName="Name" parentSchemaName="adx_webpage" parentDisplayName="Web Page" solution="MicrosoftCrmPortalDependencies (8.2.0.0)" />
        <Dependent key="1" type="29" displayName="ADX Page Notification" id="{225853ab-8f04-43cf-a44d-a1f0be41777a}" />
      </MissingDependency>
      <MissingDependency>
        <Required key="23" type="2" schemaName="ownerid" displayName="Owner" parentSchemaName="adx_webpage" parentDisplayName="Web Page" solution="Active" />
        <Dependent key="1" type="29" displayName="ADX Page Notification" id="{225853ab-8f04-43cf-a44d-a1f0be41777a}" />
      </MissingDependency>
      <MissingDependency>
        <Required key="24" type="2" schemaName="adx_pagenotificationid" displayName="Page Notification" parentSchemaName="adx_pagenotification" parentDisplayName="Page Notification" solution="Active" />
        <Dependent key="1" type="29" displayName="ADX Page Notification" id="{225853ab-8f04-43cf-a44d-a1f0be41777a}" />
      </MissingDependency>
      <MissingDependency>
        <Required key="25" type="2" schemaName="adx_recipient" displayName="Recipient" parentSchemaName="adx_pagenotification" parentDisplayName="Page Notification" solution="Active" />
        <Dependent key="1" type="29" displayName="ADX Page Notification" id="{225853ab-8f04-43cf-a44d-a1f0be41777a}" />
      </MissingDependency>
      <MissingDependency>
        <Required key="26" type="2" schemaName="adx_webpageid" displayName="Web Page" parentSchemaName="adx_webpage" parentDisplayName="Web Page" solution="MicrosoftCrmPortalDependencies (8.2.0.0)" />
        <Dependent key="1" type="29" displayName="ADX Page Notification" id="{225853ab-8f04-43cf-a44d-a1f0be41777a}" />
      </MissingDependency>
      <MissingDependency>
        <Required key="27" type="2" schemaName="adx_name" displayName="Name" parentSchemaName="adx_pagenotification" parentDisplayName="Page Notification" solution="Active" />
        <Dependent key="1" type="29" displayName="ADX Page Notification" id="{225853ab-8f04-43cf-a44d-a1f0be41777a}" />
      </MissingDependency>
      <MissingDependency>
        <Required key="28" type="10" schemaName="adx_webpage_pagenotification" displayName="adx_webpage_pagenotification" parentSchemaName="adx_pagenotification" parentDisplayName="Page Notification" solution="Active" />
        <Dependent key="1" type="29" displayName="ADX Page Notification" id="{225853ab-8f04-43cf-a44d-a1f0be41777a}" />
      </MissingDependency>
      <MissingDependency>
        <Required key="29" type="10" schemaName="adx_invitation_invitecontact" displayName="adx_invitation_invitecontact" parentSchemaName="adx_invitation" parentDisplayName="Invitation" solution="Active" />
        <Dependent key="5" type="29" displayName="ADX Sign Up Email" id="{5de74dca-ccf3-4179-8c9d-bd7a1bf4c825}" />
      </MissingDependency>
      <MissingDependency>
        <Required key="30" type="90" schemaName="Adxstudio.Xrm.Workflow.Invitation.SendInvitation, Adxstudio.Xrm.Workflow.Invitation, Version=1.1.6.0, Culture=neutral, PublicKeyToken=3f8f3abf0a9e40bb" displayName="Send Invitation" solution="Active" />
        <Dependent key="4" type="29" displayName="Send Invitation" id="{15c03c8d-754f-4386-a62c-cf7e91337ebd}" />
      </MissingDependency>
      <MissingDependency>
        <Required key="31" type="90" schemaName="Adxstudio.Xrm.Workflow.Invitation.EncodeInvitationCode, Adxstudio.Xrm.Workflow.Invitation, Version=1.1.6.0, Culture=neutral, PublicKeyToken=3f8f3abf0a9e40bb" displayName="Encode Invitation Code" solution="Active" />
        <Dependent key="4" type="29" displayName="Send Invitation" id="{15c03c8d-754f-4386-a62c-cf7e91337ebd}" />
      </MissingDependency>
    </MissingDependencies>
  </SolutionManifest>
</ImportExportXml>