﻿<?xml version="1.0" encoding="utf-8"?>
<ImportExportXml version="8.1.0000.0079" SolutionPackageVersion="8.1" languagecode="1033" generatedBy="OnPremise" xmlns:xsi="http://www.w3.org/2001/XMLSchema-instance">
  <SolutionManifest>
    <UniqueName>CustomerPortal</UniqueName>
    <LocalizedNames>
      <LocalizedName description="Dynamics 365 Portals - Customer Self-Service Portal" languagecode="1033" />
      <LocalizedName description="Портали на Dynamics 365 – Портал за самообслужване на клиенти" languagecode="1026" />
      <LocalizedName description="Portals del Dynamics 365: portal d'autoservei de clients" languagecode="1027" />
      <LocalizedName description="Portály Dynamics 365 – Samoobslužný portál pro zákazníky" languagecode="1029" />
      <LocalizedName description="Dynamics 365-portaler - Kundeselvbetjeningsportal" languagecode="1030" />
      <LocalizedName description="Dynamics 365-Portale – Kunden-Self-Service-Portal" languagecode="1031" />
      <LocalizedName description="Πύλες Dynamics 365 - Πύλη αυτοεξυπηρέτησης πελατών" languagecode="1032" />
      <LocalizedName description="Portales de Dynamics 365: portal de autoservicio de clientes" languagecode="3082" />
      <LocalizedName description="Dynamics 365 portaalid – kliendi iseteenindusportaal" languagecode="1061" />
      <LocalizedName description="Dynamics 365 Atariak: bezeroen autozerbitzu-ataria" languagecode="1069" />
      <LocalizedName description="Dynamics 365 -portaalit – asiakkaan itsepalveluportaali" languagecode="1035" />
      <LocalizedName description="Portails Dynamics 365 - Portail client en libre-service" languagecode="1036" />
      <LocalizedName description="Portais de Dynamics 365: Portal de autoservizo para clientes" languagecode="1110" />
      <LocalizedName description="Dynamics 365 पोर्टल - ग्राहक स्वयं-सेवा पोर्टल" languagecode="1081" />
      <LocalizedName description="Portali sustava Dynamics 365 – Samoposlužni portal za klijente" languagecode="1050" />
      <LocalizedName description="Dynamics 365 portálok – önkiszolgáló ügyfélportál" languagecode="1038" />
      <LocalizedName description="Portal Dynamics 365 - Portal Layanan Mandiri Pelanggan" languagecode="1057" />
      <LocalizedName description="Portali di Dynamics 365 - Portale self-service per clienti" languagecode="1040" />
      <LocalizedName description="Dynamics 365 ポータル - 顧客セルフサービス ポータル" languagecode="1041" />
      <LocalizedName description="Dynamics 365 порталдары - Тұтынушының өзіне-өзі қызмет көрсету порталы" languagecode="1087" />
      <LocalizedName description="Dynamics 365 포털 - 고객 셀프 서비스 포털" languagecode="1042" />
      <LocalizedName description="„Dynamics 365” portalai –  klientų savitarnos portalas" languagecode="1063" />
      <LocalizedName description="Dynamics 365 portāli — Klientu pašapkalpošanās portāls" languagecode="1062" />
      <LocalizedName description="Portal Dynamics 365 - Portal Perkhidmatan Layan Diri Pelanggan" languagecode="1086" />
      <LocalizedName description="Dynamics 365-portaler – selvbetjeningsportal for kunder" languagecode="1044" />
      <LocalizedName description="Dynamics 365-portals - Selfserviceportal van klanten" languagecode="1043" />
      <LocalizedName description="Portale usługi Dynamics 365 — samoobsługowy portal klientów" languagecode="1045" />
      <LocalizedName description="Portais do Dynamics 365 - Portal de Autoatendimento para Clientes" languagecode="1046" />
      <LocalizedName description="Dynamics 365 Portais - Portal para Clientes de Gestão Personalizada" languagecode="2070" />
      <LocalizedName description="Portaluri Dynamics 365 - Portal cu autoservire pentru clienți" languagecode="1048" />
      <LocalizedName description="Порталы Dynamics 365 — портал самообслуживания клиентов" languagecode="1049" />
      <LocalizedName description="Portály systému Dynamics 365 – samoobslužný portál pre zákazníkov" languagecode="1051" />
      <LocalizedName description="Portali storitve Dynamics 365 – samopostrežni portal za stranke" languagecode="1060" />
      <LocalizedName description="Dynamics 365 портали – Самоуслужни портал за клијенте" languagecode="3098" />
      <LocalizedName description="Dynamics 365 портали – Самоуслужни портал за клијенте" languagecode="10266" />
      <LocalizedName description="Dynamics 365 portali – Samouslužni portal za klijente" languagecode="2074" />
      <LocalizedName description="Dynamics 365 portali – Samouslužni portal za klijente" languagecode="9242" />
      <LocalizedName description="Dynamics 365-portaler – självbetjäningsportal för kunder" languagecode="1053" />
      <LocalizedName description="พอร์ทัล Dynamics 365 - พอร์ทัลการบริการตนเองของลูกค้า" languagecode="1054" />
      <LocalizedName description="Dynamics 365 Portalları - Müşteri Self Servis Portalı" languagecode="1055" />
      <LocalizedName description="Портали Dynamics 365 – портал самообслуговування клієнтів" languagecode="1058" />
      <LocalizedName description="Cổng thông tin Dynamics 365 - Cổng thông tin Tự phục vụ dành cho Khách hàng" languagecode="1066" />
      <LocalizedName description="Dynamics 365 门户 - 客户自助服务门户" languagecode="2052" />
      <LocalizedName description="Dynamics 365 入口網站 - 客戶自助入口網站" languagecode="3076" />
      <LocalizedName description="Dynamics 365 入口網站 - 客戶自助入口網站" languagecode="1028" />
    </LocalizedNames>
    <Descriptions>
      <Description description="Customer portal enables customers to access self-service knowledge, support resources, view the progress of their cases and provide feedback." languagecode="1033" />
      <Description description="Клиентският портал дава на клиентите достъп до знание за самообслужване, ресурси за поддръжка, преглед на хода на случаите им, както и възможност за даване на обратна връзка." languagecode="1026" />
      <Description description="El portal de clients permet als clients accedir a coneixements d'autoservei i recursos de suport tècnic, veure el progrés dels seus casos i enviar comentaris." languagecode="1027" />
      <Description description="Zákaznický portál poskytuje zákazníkům samoobslužný přístup ke znalostem a prostředkům podpory a umožňuje jim zobrazit si stav případů a podělit se o své názory." languagecode="1029" />
      <Description description="Kundeportalen giver kunderne adgang til selvbetjeningsviden, supportressourcer, til at få vist status for deres sager og til at give feedback." languagecode="1030" />
      <Description description="Kundenportale bieten Kunden Zugriff auf Self-Service-Wissen, Support-Ressourcen, Anfragestatusanzeigen und Feedbackoptionen." languagecode="1031" />
      <Description description="Η πύλη πελατών επιτρέπει στους πελάτες να αποκτούν πρόσβαση σε γνώσεις με αυτοεξυπηρέτηση και πόρους υποστήριξης, καθώς και να προβάλλουν την πρόοδο των υποθέσεών τους και να παρέχουν σχόλια." languagecode="1032" />
      <Description description="El portal de clientes permite a los clientes acceder a conocimientos de autoservicio y recursos de soporte técnico, ver el progreso de sus casos y enviar comentarios." languagecode="3082" />
      <Description description="Kliendiportaal võimaldab klientidel saada juurdepääsu iseteenindusteabele ja tugiressurssidele, vaadata oma juhtumite edenemist ja anda tagasisidet." languagecode="1061" />
      <Description description="Bezeroen atariak aukera ematen die bezeroei autozerbitzuko jakintza-artikuluak eta laguntza-baliabideak atzitzeko, kasuen garapen-egoera ikusteko eta oharrak emateko." languagecode="1069" />
      <Description description="Asiakasportaalissa asiakkaat voivat hankkia omaehtoisesti tietoja, käyttää tukiresursseja, tarkistaa palvelupyyntöjensä tilan ja antaa palautetta." languagecode="1035" />
      <Description description="Un portail client permet à des clients d'accéder à des connaissances en libre-service et à des ressources d'assistance, de consulter la progression de leurs incidents et de fournir des commentaires." languagecode="1036" />
      <Description description="O portal de clientes permite aos clientes acceder a recursos de asistencia e coñecemento de autoservizo, consultar o progreso dos seus casos e enviar comentarios." languagecode="1110" />
      <Description description="ग्राहक पोर्टल ग्राहकों को स्व-सेवा ज्ञान, समर्थन संसाधनों  तक पहुँचने, उनके मामलों की प्रगति को देखने और प्रतिक्रिया प्रदान करने में सक्षम करता है." languagecode="1081" />
      <Description description="Portal za klijente omogućuje klijentima pristup samoposlužnoj bazi znanja, resursima za podršku, pregled napretka njihovih slučajeva i slanje povratnih informacija." languagecode="1050" />
      <Description description="Az ügyfélportál lehetővé teszi, hogy az ügyfelek önkiszolgáló módon ismeretanyagokhoz és támogatási erőforrásokhoz férjenek hozzá, megtekintsék az eseteik állapotát és visszajelzést adhassanak." languagecode="1038" />
      <Description description="Portal pelanggan memungkinkan pelanggan mengakses pengetahuan layanan mandiri, sumber daya dukungan, melihat progres kasus mereka, dan memberikan tanggapan." languagecode="1057" />
      <Description description="Il portale per clienti consente ai clienti di accedere alle informazioni self-service, alle risorse di supporto, visualizzare lo stato dei casi e fornire commenti." languagecode="1040" />
      <Description description="顧客ポータルでは、顧客がセルフサービス方式で技術情報にアクセスしたり、リソースをサポートしたり、サポート案件の進捗状況を確認したりできます。フィードバックを送信することもできます。" languagecode="1041" />
      <Description description="Тұтынушы порталы тұтынушылардың жеке қызмет біліміне қатынасын, ресурстар қолдауын, істер прогресін көру және кері байланыс беру мүмкіндігін қосады." languagecode="1087" />
      <Description description="고객 포털을 통해 고객은 셀프 서비스 정보에 액세스하고, 리소스를 지원하며, 서비스 케이스 진행 상황을 확인하고, 피드백을 제공할 수 있습니다." languagecode="1042" />
      <Description description="Klientų portale veikia savitarnos mechanizmas, todėl klientai patys gali ieškoti informacijos, pagalbinių išteklių, matyti atvejų vykdymo eigą ir teikti atsiliepimus." languagecode="1063" />
      <Description description="Klientu portālā klienti var piekļūt patstāvīgi izmantojamai informācijai, atbalsta resursiem, kā arī skatīt savu pieteikumu norisi un sniegt atsauksmes." languagecode="1062" />
      <Description description="Portal Pelanggan membolehkan pelanggan mengakses pengetahuan perkhidmatan layan diri, sumber sokongan, melihat perkembangan kes mereka dan memberikan maklum balas." languagecode="1086" />
      <Description description="Kundeportalen gjør det mulig for kunder å få tilgang til selvbetjeningskunnskap og støtteressurser, vise fremdriften i sakene og gi tilbakemeldinger." languagecode="1044" />
      <Description description="Met de klantenportal krijgen klanten via selfservice toegang tot kennis en ondersteuningsresources, kunnen ze de voortgang van hun aanvragen volgen en kunnen ze feedback geven." languagecode="1043" />
      <Description description="Portal klientów umożliwia klientom samoobsługowy dostęp do wiedzy i zasobów pomocy technicznej, wyświetlanie postępu realizacji ich spraw oraz przekazywanie opinii." languagecode="1045" />
      <Description description="O portal do cliente permite que os clientes acessem o conhecimento por meio de autoatendimento, recursos de suporte, visualizem o progresso de suas ocorrências e forneçam comentários." languagecode="1046" />
      <Description description="O portal para clientes permite aos clientes acederem a conhecimentos de gestão personalizada, recursos de suporte, vistas de progresso dos incidentes e submissão de comentários." languagecode="2070" />
      <Description description="Portalul pentru clienți le permite clienților să acceseze cunoștințele cu autoservice, resursele de asistență, să vizualizeze progresul propriilor cazuri și să ofere feedback." languagecode="1048" />
      <Description description="Портал клиентов позволяет клиентам самостоятельно изучать материалы и ресурсы поддержки, следить за ходом обработки обращений и оставлять отзывы." languagecode="1049" />
      <Description description="Portál pre zákazníkov poskytuje zákazníkom samoobslužný prístup k poznatkom a prostriedkom podpory a umožňuje im sledovať priebeh ich prípadov a poskytovať odozvu." languagecode="1051" />
      <Description description="Portal za stranke strankam omogoča samopostrežni dostop do znanja, virov podpore, ogled napredka njihovih primerov in posreduje povratne informacije." languagecode="1060" />
      <Description description="Портал заједнице омогућава клијентима да приступају самоуслужним ресурсима знања и подршке, приказују напредак својих предмета и дају повратне информације." languagecode="3098" />
      <Description description="Портал заједнице омогућава клијентима да приступају самоуслужним ресурсима знања и подршке, приказују напредак својих предмета и дају повратне информације." languagecode="10266" />
      <Description description="Portal zajednice omogućava klijentima da pristupaju samouslužnim resursima znanja i podrške, prikazuju napredak svojih predmeta i daju povratne informacije." languagecode="2074" />
      <Description description="Portal zajednice omogućava klijentima da pristupaju samouslužnim resursima znanja i podrške, prikazuju napredak svojih predmeta i daju povratne informacije." languagecode="9242" />
      <Description description="Via en kundportal kan kunderna själva komma åt information och supportresurser, se hur det går med deras ärenden och ge feedback." languagecode="1053" />
      <Description description="พอร์ทัลของลูกค้าช่วยให้ลูกค้าสามารถเข้าถึงองค์ความรู้แบบบริการตนเองและทรัพยากรการสนับสนุน รวมถึงดูความคืบหน้าของกรณีและปัญหาของตนเอง และให้ข้อคิดเห็น" languagecode="1054" />
      <Description description="Müşteri portalı, müşterilerin self servis bilgilerine, destek kaynaklarına erişmelerini, servis taleplerinin ilerlemesini görüntülemelerini ve geri bildirimde bulunmalarını sağlar." languagecode="1055" />
      <Description description="Портал клієнтів надає користувачам доступ до даних самообслуговування й ресурсів підтримки, а також дає змогу переглядати перебіг своїх інцидентів і залишати відгуки." languagecode="1058" />
      <Description description="Cổng thông tin khách hàng cho phép khách hàng truy cập vào các nguồn lực hỗ trợ, kiến thức tự phục vụ, xem tiến trình trường hợp của họ và đưa ra phản hồi." languagecode="1066" />
      <Description description="客户可通过客户门户访问自助服务知识，为资源提供支持，查看案例进度，以及提供反馈。" languagecode="2052" />
      <Description description="客戶入口網站可讓客戶存取自助知識、支援資源、檢視其案例進度，以及提供意見反應。" languagecode="3076" />
      <Description description="客戶入口網站可讓客戶存取自助知識、支援資源、檢視其案例進度，以及提供意見反應。" languagecode="1028" />
    </Descriptions>
    <Version>8.3.0.29</Version>
    <Managed>1</Managed>
    <Publisher>
      <UniqueName>adxstudio</UniqueName>
      <LocalizedNames>
        <LocalizedName description="Microsoft" languagecode="1033" />
        <LocalizedName description="Microsoft" languagecode="1026" />
        <LocalizedName description="Microsoft" languagecode="1027" />
        <LocalizedName description="Microsoft" languagecode="1029" />
        <LocalizedName description="Microsoft" languagecode="1030" />
        <LocalizedName description="Microsoft" languagecode="1031" />
        <LocalizedName description="Microsoft" languagecode="1032" />
        <LocalizedName description="Microsoft" languagecode="3082" />
        <LocalizedName description="Microsoft" languagecode="1061" />
        <LocalizedName description="Microsoft" languagecode="1069" />
        <LocalizedName description="Microsoft" languagecode="1035" />
        <LocalizedName description="Microsoft" languagecode="1036" />
        <LocalizedName description="Microsoft" languagecode="1110" />
        <LocalizedName description="Microsoft" languagecode="1081" />
        <LocalizedName description="Microsoft" languagecode="1050" />
        <LocalizedName description="Microsoft" languagecode="1038" />
        <LocalizedName description="Microsoft" languagecode="1057" />
        <LocalizedName description="Microsoft" languagecode="1040" />
        <LocalizedName description="Microsoft" languagecode="1041" />
        <LocalizedName description="Microsoft" languagecode="1087" />
        <LocalizedName description="Microsoft" languagecode="1042" />
        <LocalizedName description="„Microsoft“" languagecode="1063" />
        <LocalizedName description="Microsoft" languagecode="1062" />
        <LocalizedName description="Microsoft" languagecode="1086" />
        <LocalizedName description="Microsoft" languagecode="1044" />
        <LocalizedName description="Microsoft" languagecode="1043" />
        <LocalizedName description="Microsoft" languagecode="1045" />
        <LocalizedName description="Microsoft" languagecode="1046" />
        <LocalizedName description="Microsoft" languagecode="2070" />
        <LocalizedName description="Microsoft" languagecode="1048" />
        <LocalizedName description="Корпорация Майкрософт" languagecode="1049" />
        <LocalizedName description="Microsoft" languagecode="1051" />
        <LocalizedName description="Microsoft" languagecode="1060" />
        <LocalizedName description="Microsoft" languagecode="3098" />
        <LocalizedName description="Microsoft" languagecode="10266" />
        <LocalizedName description="Microsoft" languagecode="2074" />
        <LocalizedName description="Microsoft" languagecode="9242" />
        <LocalizedName description="Microsoft" languagecode="1053" />
        <LocalizedName description="Microsoft" languagecode="1054" />
        <LocalizedName description="Microsoft" languagecode="1055" />
        <LocalizedName description="Microsoft" languagecode="1058" />
        <LocalizedName description="Microsoft" languagecode="1066" />
        <LocalizedName description="Microsoft" languagecode="2052" />
        <LocalizedName description="Microsoft" languagecode="3076" />
        <LocalizedName description="Microsoft" languagecode="1028" />
      </LocalizedNames>
      <Descriptions />
      <EMailAddress>support@adxstudio.com</EMailAddress>
      <SupportingWebsiteUrl>http://www.adxstudio.com</SupportingWebsiteUrl>
      <CustomizationPrefix>adx</CustomizationPrefix>
      <CustomizationOptionValuePrefix>10000</CustomizationOptionValuePrefix>
      <Addresses>
        <Address>
          <AddressNumber>1</AddressNumber>
          <AddressTypeCode>1</AddressTypeCode>
          <City xsi:nil="true"></City>
          <County xsi:nil="true"></County>
          <Country xsi:nil="true"></Country>
          <Fax xsi:nil="true"></Fax>
          <FreightTermsCode xsi:nil="true"></FreightTermsCode>
          <ImportSequenceNumber xsi:nil="true"></ImportSequenceNumber>
          <Latitude xsi:nil="true"></Latitude>
          <Line1 xsi:nil="true"></Line1>
          <Line2 xsi:nil="true"></Line2>
          <Line3 xsi:nil="true"></Line3>
          <Longitude xsi:nil="true"></Longitude>
          <Name xsi:nil="true"></Name>
          <PostalCode xsi:nil="true"></PostalCode>
          <PostOfficeBox xsi:nil="true"></PostOfficeBox>
          <PrimaryContactName xsi:nil="true"></PrimaryContactName>
          <ShippingMethodCode>1</ShippingMethodCode>
          <StateOrProvince xsi:nil="true"></StateOrProvince>
          <Telephone1 xsi:nil="true"></Telephone1>
          <Telephone2 xsi:nil="true"></Telephone2>
          <Telephone3 xsi:nil="true"></Telephone3>
          <TimeZoneRuleVersionNumber xsi:nil="true"></TimeZoneRuleVersionNumber>
          <UPSZone xsi:nil="true"></UPSZone>
          <UTCOffset xsi:nil="true"></UTCOffset>
          <UTCConversionTimeZoneCode xsi:nil="true"></UTCConversionTimeZoneCode>
        </Address>
        <Address>
          <AddressNumber>2</AddressNumber>
          <AddressTypeCode>1</AddressTypeCode>
          <City xsi:nil="true"></City>
          <County xsi:nil="true"></County>
          <Country xsi:nil="true"></Country>
          <Fax xsi:nil="true"></Fax>
          <FreightTermsCode xsi:nil="true"></FreightTermsCode>
          <ImportSequenceNumber xsi:nil="true"></ImportSequenceNumber>
          <Latitude xsi:nil="true"></Latitude>
          <Line1 xsi:nil="true"></Line1>
          <Line2 xsi:nil="true"></Line2>
          <Line3 xsi:nil="true"></Line3>
          <Longitude xsi:nil="true"></Longitude>
          <Name xsi:nil="true"></Name>
          <PostalCode xsi:nil="true"></PostalCode>
          <PostOfficeBox xsi:nil="true"></PostOfficeBox>
          <PrimaryContactName xsi:nil="true"></PrimaryContactName>
          <ShippingMethodCode>1</ShippingMethodCode>
          <StateOrProvince xsi:nil="true"></StateOrProvince>
          <Telephone1 xsi:nil="true"></Telephone1>
          <Telephone2 xsi:nil="true"></Telephone2>
          <Telephone3 xsi:nil="true"></Telephone3>
          <TimeZoneRuleVersionNumber xsi:nil="true"></TimeZoneRuleVersionNumber>
          <UPSZone xsi:nil="true"></UPSZone>
          <UTCOffset xsi:nil="true"></UTCOffset>
          <UTCConversionTimeZoneCode xsi:nil="true"></UTCConversionTimeZoneCode>
        </Address>
      </Addresses>
    </Publisher>
    <RootComponents />
    <MissingDependencies />
  </SolutionManifest>
</ImportExportXml>