﻿<?xml version="1.0" encoding="utf-8"?>
<ImportExportXml version="8.2.0000.0506" SolutionPackageVersion="8.2" languagecode="1033" generatedBy="OnPremise" xmlns:xsi="http://www.w3.org/2001/XMLSchema-instance">
  <SolutionManifest>
    <UniqueName>PartnerProjectService</UniqueName>
    <LocalizedNames>
      <LocalizedName description="Dynamics 365 Portals - Partner Project Service" languagecode="1033" />
      <LocalizedName description="Портали на Dynamics 365 – Project Service за партньори" languagecode="1026" />
      <LocalizedName description="Portals del Dynamics 365: Project Service d'associats" languagecode="1027" />
      <LocalizedName description="Portály Dynamics 365 – Project Service pro partnery" languagecode="1029" />
      <LocalizedName description="Dynamics 365-portaler - Partner Project Service" languagecode="1030" />
      <LocalizedName description="Dynamics 365-Portale – Partner-Projekt Service" languagecode="1031" />
      <LocalizedName description="Πύλες Dynamics 365 - Project Service συνεργάτη" languagecode="1032" />
      <LocalizedName description="Portales de Dynamics 365: Project Service de asociados" languagecode="3082" />
      <LocalizedName description="Dynamics 365 portaalid – partneri Project Service" languagecode="1061" />
      <LocalizedName description="Dynamics 365 Atariak: bazkideen Project Service" languagecode="1069" />
      <LocalizedName description="Dynamics 365 -portaalit – kumppanin Project Service" languagecode="1035" />
      <LocalizedName description="Portails Dynamics 365 - Project Service pour les partenaires" languagecode="1036" />
      <LocalizedName description="Portais de Dynamics 365: Project Service de asociados" languagecode="1110" />
      <LocalizedName description="Dynamics 365 पोर्टल - Partner Project Service" languagecode="1081" />
      <LocalizedName description="Portali sustava Dynamics 365 – Partnerski Project Service" languagecode="1050" />
      <LocalizedName description="Dynamics 365 portálok – partneri Project Service" languagecode="1038" />
      <LocalizedName description="Portal Dynamics 365 - Project Service Mitra" languagecode="1057" />
      <LocalizedName description="Portali di Dynamics 365 - Project Service per i partner" languagecode="1040" />
      <LocalizedName description="Dynamics 365 ポータル - パートナー Project Service" languagecode="1041" />
      <LocalizedName description="Dynamics 365 порталдары - Серіктес Project Service" languagecode="1087" />
      <LocalizedName description="Dynamics 365 포털 - 파트너 Project Service" languagecode="1042" />
      <LocalizedName description="„Dynamics 365” portalai – partnerių „Project Service”" languagecode="1063" />
      <LocalizedName description="Dynamics 365 portāli — Partnera Project Service" languagecode="1062" />
      <LocalizedName description="Portal Dynamics 365 - Project Service Rakan Kongsi" languagecode="1086" />
      <LocalizedName description="Dynamics 365-portaler – Project Service for partner" languagecode="1044" />
      <LocalizedName description="Dynamics 365-portals - Project Service partner" languagecode="1043" />
      <LocalizedName description="Portale usługi Dynamics 365 — rozwiązanie Project Service dla partnerów" languagecode="1045" />
      <LocalizedName description="Portais do Dynamics 365 - Project Service para Parceiros" languagecode="1046" />
      <LocalizedName description="Dynamics 365 Portais - Project Service para Parceiros" languagecode="2070" />
      <LocalizedName description="Portaluri Dynamics 365 - Project Service pentru parteneri" languagecode="1048" />
      <LocalizedName description="Порталы Dynamics 365 — Project Service для партнеров" languagecode="1049" />
      <LocalizedName description="Portály systému Dynamics 365 – služba Project Service pre partnerov" languagecode="1051" />
      <LocalizedName description="Portali storitve Dynamics 365 – rešitev Project Service za partnerje" languagecode="1060" />
      <LocalizedName description="Dynamics 365 портали – Project Service за партнере" languagecode="3098" />
      <LocalizedName description="Dynamics 365 портали – Project Service за партнере" languagecode="10266" />
      <LocalizedName description="Dynamics 365 portali – Project Service za partnere" languagecode="2074" />
      <LocalizedName description="Dynamics 365 portali – Project Service za partnere" languagecode="9242" />
      <LocalizedName description="Dynamics 365-portaler – Project Service för partner" languagecode="1053" />
      <LocalizedName description="พอร์ทัล Dynamics 365 - Project Service ของคู่ค้า" languagecode="1054" />
      <LocalizedName description="Dynamics 365 Portalları - Ortak Project Service" languagecode="1055" />
      <LocalizedName description="Портали Dynamics 365 – партнерська служба Project Service" languagecode="1058" />
      <LocalizedName description="Cổng thông tin Dynamics 365 - Project Service Đối tác" languagecode="1066" />
      <LocalizedName description="Dynamics 365 门户 - 合作伙伴 Project Service" languagecode="2052" />
      <LocalizedName description="Dynamics 365 入口網站 - 合作夥伴 Project Service" languagecode="3076" />
      <LocalizedName description="Dynamics 365 入口網站 - 合作夥伴 Project Service" languagecode="1028" />
    </LocalizedNames>
    <Descriptions>
      <Description description="Partner Project Service extends partner pipeline and project service for portal." languagecode="1033" />
      <Description description="Project Service за партньори разширява възможностите на партньорския канал и Project Service за портал." languagecode="1026" />
      <Description description="El Project Service d'associat amplia el pipeline d'associat i el Project Service per al portal." languagecode="1027" />
      <Description description="Řešení Partner Project Service rozšiřuje portál o partnerský kanál a řešení Project Service." languagecode="1029" />
      <Description description="Partner Project Service udvider partners pipeline og Project Service for portalen." languagecode="1030" />
      <Description description="Partner Project Service erweitert Partnerpipeline und Project Service für das Portal." languagecode="1031" />
      <Description description="Το Project Service συνεργάτη επεκτείνει τη διοχέτευση συνεργάτη και το Project Service για την πύλη." languagecode="1032" />
      <Description description="Project Service de asociados amplía la canalización de asociado y Project Service para el portal." languagecode="3082" />
      <Description description="Partneri Project Service ületab partneri müügivõimalusi ja portaali Project Service’it." languagecode="1061" />
      <Description description="Bazkideen Project Service-k atariaren bazkide-bideratzea eta Project Service hedatzen ditu." languagecode="1069" />
      <Description description="Kumppanin Project Service laajentaa portaalin kumppaniputkea ja Project Servicea." languagecode="1035" />
      <Description description="Le Field Service pour les partenaires étend le pipeline des partenaires et le Project Service pour le portail." languagecode="1036" />
      <Description description="Project Service de asociados amplía a canle do asociado e Project Service para o portal." languagecode="1110" />
      <Description description="पार्टनर Project Service पोर्टल के लिए पार्टनर पाइपलाइन और Project Service का विस्तार करती है." languagecode="1081" />
      <Description description="Partnerski Project Service proširuje partnerski kanal i Project Service za portal." languagecode="1050" />
      <Description description="A Partneri Project Service kiterjeszti a portálhoz tartozó partnerfolyamatot és Project Service szolgáltatást." languagecode="1038" />
      <Description description="Project Service Mitra memperluas alur mitra dan project service untuk portal." languagecode="1057" />
      <Description description="Project Service per i partner estende il servizio di progetto e la pipeline per i partner per il portale." languagecode="1040" />
      <Description description="パートナー Project Service は、ポータルのパートナー パイプラインと Project Service を拡張します。" languagecode="1041" />
      <Description description="Серіктестің Project Service қызметі серіктес конвейері мен порталдың project service қызметін ұзартады." languagecode="1087" />
      <Description description="파트너 Project Service는 포털에 대해 파트너 파이프라인 및 Project Service를 확장합니다." languagecode="1042" />
      <Description description="Partnerių „Project Service“ išplečia partnerių srautą ir portalo projektų vykdymo paslaugas" languagecode="1063" />
      <Description description="Portālā partneraProject Service paplašina partnera konveijeru un projekta pakalpojumus." languagecode="1062" />
      <Description description="Project Service Rakan Kongsi melanjutkan talian paip rakan kongsi dan Project Service untuk portal." languagecode="1086" />
      <Description description="Project Service for partner utvider partnerpipeline og Project Service for portal." languagecode="1044" />
      <Description description="Project Service partner breidt partnerpipeline en Project Service uit voor portal." languagecode="1043" />
      <Description description="Rozwiązanie Project Service dla partnerów rozszerza możliwości potoku partnerów i rozwiązania Project Service o funkcje portalu." languagecode="1045" />
      <Description description="O Project Service de Parceiros amplia o pipeline e o Project Service para o portal." languagecode="1046" />
      <Description description="O Project Service para Parceiros alarga o pipeline e o serviço do projeto para o portal." languagecode="2070" />
      <Description description="Project Service pentru parteneri extinde Canalul de parteneri și Project Service pentru portal." languagecode="1048" />
      <Description description="Project Service для партнеров расширяет воронку продаж партнера и управление проектом для портала." languagecode="1049" />
      <Description description="Služba Project Service pre partnerov rozširuje partnerský kanál a službu Project Service pre portál." languagecode="1051" />
      <Description description="Rešitev Project Service za partnerje razširja prodajni lijak za partnerje in rešitev Project Service za portal." languagecode="1060" />
      <Description description="Project Service за партнере проширује партнерски канал и Project Service за портал." languagecode="3098" />
      <Description description="Project Service за партнере проширује партнерски канал и Project Service за портал." languagecode="10266" />
      <Description description="Project Service za partnere proširuje partnerski kanal i Project Service za portal." languagecode="2074" />
      <Description description="Project Service za partnere proširuje partnerski kanal i Project Service za portal." languagecode="9242" />
      <Description description="Project Service för partner utökar partnerns pipeline och projektservice för portalen." languagecode="1053" />
      <Description description="Project Service ของคู่ค้าขยายไปป์ไลน์ของคู่ค้าและบริการสำหรับโครงการของพอร์ทัล" languagecode="1054" />
      <Description description="Ortak Project Service uygulaması, portal için ortak kanalını ve proje hizmetini genişletir." languagecode="1055" />
      <Description description="Project Service для партнерів доповнює портал воронкою партнерів і функціями Project Service." languagecode="1058" />
      <Description description="Project Service Đối tác mở rộng quy trình bán hàng đối tác và Project Service cho cổng thông tin." languagecode="1066" />
      <Description description="合作伙伴 Project Service 扩展了门户的合作伙伴管道和 Project Service。" languagecode="2052" />
      <Description description="合作夥伴 Project Service 會擴充入口網站的合作夥伴準銷售案源與 Project Service。" languagecode="3076" />
      <Description description="合作夥伴 Project Service 會擴充入口網站的合作夥伴準銷售案源與 Project Service。" languagecode="1028" />
    </Descriptions>
    <Version>8.3.0.29</Version>
    <Managed>1</Managed>
    <Publisher>
      <UniqueName>MicrosoftPortals</UniqueName>
      <LocalizedNames>
        <LocalizedName description="Microsoft" languagecode="1033" />
        <LocalizedName description="Microsoft" languagecode="1026" />
        <LocalizedName description="Microsoft" languagecode="1027" />
        <LocalizedName description="Microsoft" languagecode="1029" />
        <LocalizedName description="Microsoft" languagecode="1030" />
        <LocalizedName description="Microsoft" languagecode="1031" />
        <LocalizedName description="Microsoft" languagecode="1032" />
        <LocalizedName description="Microsoft" languagecode="3082" />
        <LocalizedName description="Microsoft" languagecode="1061" />
        <LocalizedName description="Microsoft" languagecode="1069" />
        <LocalizedName description="Microsoft" languagecode="1035" />
        <LocalizedName description="Microsoft" languagecode="1036" />
        <LocalizedName description="Microsoft" languagecode="1110" />
        <LocalizedName description="Microsoft" languagecode="1081" />
        <LocalizedName description="Microsoft" languagecode="1050" />
        <LocalizedName description="Microsoft" languagecode="1038" />
        <LocalizedName description="Microsoft" languagecode="1057" />
        <LocalizedName description="Microsoft" languagecode="1040" />
        <LocalizedName description="Microsoft" languagecode="1041" />
        <LocalizedName description="Microsoft" languagecode="1087" />
        <LocalizedName description="Microsoft" languagecode="1042" />
        <LocalizedName description="„Microsoft“" languagecode="1063" />
        <LocalizedName description="Microsoft" languagecode="1062" />
        <LocalizedName description="Microsoft" languagecode="1086" />
        <LocalizedName description="Microsoft" languagecode="1044" />
        <LocalizedName description="Microsoft" languagecode="1043" />
        <LocalizedName description="Microsoft" languagecode="1045" />
        <LocalizedName description="Microsoft" languagecode="1046" />
        <LocalizedName description="Microsoft" languagecode="2070" />
        <LocalizedName description="Microsoft" languagecode="1048" />
        <LocalizedName description="Корпорация Майкрософт" languagecode="1049" />
        <LocalizedName description="Microsoft" languagecode="1051" />
        <LocalizedName description="Microsoft" languagecode="1060" />
        <LocalizedName description="Microsoft" languagecode="3098" />
        <LocalizedName description="Microsoft" languagecode="10266" />
        <LocalizedName description="Microsoft" languagecode="2074" />
        <LocalizedName description="Microsoft" languagecode="9242" />
        <LocalizedName description="Microsoft" languagecode="1053" />
        <LocalizedName description="Microsoft" languagecode="1054" />
        <LocalizedName description="Microsoft" languagecode="1055" />
        <LocalizedName description="Microsoft" languagecode="1058" />
        <LocalizedName description="Microsoft" languagecode="1066" />
        <LocalizedName description="Microsoft" languagecode="2052" />
        <LocalizedName description="Microsoft" languagecode="3076" />
        <LocalizedName description="Microsoft" languagecode="1028" />
      </LocalizedNames>
      <Descriptions />
      <EMailAddress xsi:nil="true"></EMailAddress>
      <SupportingWebsiteUrl xsi:nil="true"></SupportingWebsiteUrl>
      <CustomizationPrefix>portals</CustomizationPrefix>
      <CustomizationOptionValuePrefix>31951</CustomizationOptionValuePrefix>
      <Addresses>
        <Address>
          <AddressNumber>1</AddressNumber>
          <AddressTypeCode>1</AddressTypeCode>
          <City xsi:nil="true"></City>
          <County xsi:nil="true"></County>
          <Country xsi:nil="true"></Country>
          <Fax xsi:nil="true"></Fax>
          <FreightTermsCode xsi:nil="true"></FreightTermsCode>
          <ImportSequenceNumber xsi:nil="true"></ImportSequenceNumber>
          <Latitude xsi:nil="true"></Latitude>
          <Line1 xsi:nil="true"></Line1>
          <Line2 xsi:nil="true"></Line2>
          <Line3 xsi:nil="true"></Line3>
          <Longitude xsi:nil="true"></Longitude>
          <Name xsi:nil="true"></Name>
          <PostalCode xsi:nil="true"></PostalCode>
          <PostOfficeBox xsi:nil="true"></PostOfficeBox>
          <PrimaryContactName xsi:nil="true"></PrimaryContactName>
          <ShippingMethodCode>1</ShippingMethodCode>
          <StateOrProvince xsi:nil="true"></StateOrProvince>
          <Telephone1 xsi:nil="true"></Telephone1>
          <Telephone2 xsi:nil="true"></Telephone2>
          <Telephone3 xsi:nil="true"></Telephone3>
          <TimeZoneRuleVersionNumber xsi:nil="true"></TimeZoneRuleVersionNumber>
          <UPSZone xsi:nil="true"></UPSZone>
          <UTCOffset xsi:nil="true"></UTCOffset>
          <UTCConversionTimeZoneCode xsi:nil="true"></UTCConversionTimeZoneCode>
        </Address>
        <Address>
          <AddressNumber>2</AddressNumber>
          <AddressTypeCode>1</AddressTypeCode>
          <City xsi:nil="true"></City>
          <County xsi:nil="true"></County>
          <Country xsi:nil="true"></Country>
          <Fax xsi:nil="true"></Fax>
          <FreightTermsCode xsi:nil="true"></FreightTermsCode>
          <ImportSequenceNumber xsi:nil="true"></ImportSequenceNumber>
          <Latitude xsi:nil="true"></Latitude>
          <Line1 xsi:nil="true"></Line1>
          <Line2 xsi:nil="true"></Line2>
          <Line3 xsi:nil="true"></Line3>
          <Longitude xsi:nil="true"></Longitude>
          <Name xsi:nil="true"></Name>
          <PostalCode xsi:nil="true"></PostalCode>
          <PostOfficeBox xsi:nil="true"></PostOfficeBox>
          <PrimaryContactName xsi:nil="true"></PrimaryContactName>
          <ShippingMethodCode>1</ShippingMethodCode>
          <StateOrProvince xsi:nil="true"></StateOrProvince>
          <Telephone1 xsi:nil="true"></Telephone1>
          <Telephone2 xsi:nil="true"></Telephone2>
          <Telephone3 xsi:nil="true"></Telephone3>
          <TimeZoneRuleVersionNumber xsi:nil="true"></TimeZoneRuleVersionNumber>
          <UPSZone xsi:nil="true"></UPSZone>
          <UTCOffset xsi:nil="true"></UTCOffset>
          <UTCConversionTimeZoneCode xsi:nil="true"></UTCConversionTimeZoneCode>
        </Address>
      </Addresses>
    </Publisher>
    <RootComponents />
    <MissingDependencies />
  </SolutionManifest>
</ImportExportXml>