﻿<?xml version="1.0" encoding="utf-8"?>
<ImportExportXml version="8.1.0000.0641" SolutionPackageVersion="8.1" languagecode="1033" generatedBy="OnPremise" xmlns:xsi="http://www.w3.org/2001/XMLSchema-instance">
  <SolutionManifest>
    <UniqueName>MicrosoftPartnerPipeline</UniqueName>
    <LocalizedNames>
      <LocalizedName description="Dynamics 365 Portals - Partner Pipeline" languagecode="1033" />
      <LocalizedName description="Портали на Dynamics 365 – Конвейер за партньори" languagecode="1026" />
      <LocalizedName description="Portals del Dynamics 365: pipeline d'associats" languagecode="1027" />
      <LocalizedName description="Portály Dynamics 365 – Partnerská profilace" languagecode="1029" />
      <LocalizedName description="Dynamics 365-portaler - Partnerpipeline" languagecode="1030" />
      <LocalizedName description="Dynamics 365-Portale – Partnerpipeline" languagecode="1031" />
      <LocalizedName description="Πύλες Dynamics 365 - Διοχέτευση συνεργάτη" languagecode="1032" />
      <LocalizedName description="Portales de Dynamics 365: canalización de asociado" languagecode="3082" />
      <LocalizedName description="Dynamics 365 portaalid – partneri konveier" languagecode="1061" />
      <LocalizedName description="Dynamics 365 Atariak: bazkide-bideratzea" languagecode="1069" />
      <LocalizedName description="Dynamics 365 -portaalit – kumppaniputki" languagecode="1035" />
      <LocalizedName description="Portails Dynamics 365 - Pipeline des partenaires" languagecode="1036" />
      <LocalizedName description="Portais de Dynamics 365: Canle de asociados" languagecode="1110" />
      <LocalizedName description="Dynamics 365 पोर्टल - भागीदार पाइपलाइन" languagecode="1081" />
      <LocalizedName description="Portali sustava Dynamics 365 – Partnerski kanal" languagecode="1050" />
      <LocalizedName description="Dynamics 365 portálok – partnerfolyamat" languagecode="1038" />
      <LocalizedName description="Portal Dynamics 365 - Alur Mitra" languagecode="1057" />
      <LocalizedName description="Portali di Dynamics 365 - Pipeline partner" languagecode="1040" />
      <LocalizedName description="Dynamics 365 ポータル - パートナー パイプライン" languagecode="1041" />
      <LocalizedName description="Dynamics 365 порталдары - Серіктес конвейері" languagecode="1087" />
      <LocalizedName description="Dynamics 365 포털 - 파트너 파이프라인" languagecode="1042" />
      <LocalizedName description="„Dynamics 365” portalai – partnerių srautas" languagecode="1063" />
      <LocalizedName description="Dynamics 365 portāli — Partneru konveijers" languagecode="1062" />
      <LocalizedName description="Portal Dynamics 365 - Talian Paip Rakan Kongsi" languagecode="1086" />
      <LocalizedName description="Dynamics 365-portaler – partnerpipeline" languagecode="1044" />
      <LocalizedName description="Dynamics 365-portals - Partnerpipeline" languagecode="1043" />
      <LocalizedName description="Portale usługi Dynamics 365 — Potok partnerów" languagecode="1045" />
      <LocalizedName description="Portais do Dynamics 365 - Pipeline de Parceiros" languagecode="1046" />
      <LocalizedName description="Dynamics 365 Portais - Pipeline de parceiros" languagecode="2070" />
      <LocalizedName description="Portaluri Dynamics 365 - Canal de parteneri" languagecode="1048" />
      <LocalizedName description="Порталы Dynamics 365 — воронка продаж партнеров" languagecode="1049" />
      <LocalizedName description="Portály systému Dynamics 365 – partnerský kanál" languagecode="1051" />
      <LocalizedName description="Portali storitve Dynamics 365 – prodajni lijak za partnerje" languagecode="1060" />
      <LocalizedName description="Dynamics 365 портали – Канал партнера" languagecode="3098" />
      <LocalizedName description="Dynamics 365 портали – Канал партнера" languagecode="10266" />
      <LocalizedName description="Dynamics 365 portali – Kanal partnera" languagecode="2074" />
      <LocalizedName description="Dynamics 365 portali – Kanal partnera" languagecode="9242" />
      <LocalizedName description="Dynamics 365-portaler – partnerpipeline" languagecode="1053" />
      <LocalizedName description="พอร์ทัล Dynamics 365 - ไปป์ไลน์ของคู่ค้า" languagecode="1054" />
      <LocalizedName description="Dynamics 365 Portalları - Ortak Satış Kanalı" languagecode="1055" />
      <LocalizedName description="Портали Dynamics 365 – партнерська воронка продажів" languagecode="1058" />
      <LocalizedName description="Cổng thông tin Dynamics 365 - Quy trình bán hàng Đối tác" languagecode="1066" />
      <LocalizedName description="Dynamics 365 门户 - 合作伙伴管道" languagecode="2052" />
      <LocalizedName description="Dynamics 365 入口網站 - 合作夥伴準銷售案源" languagecode="3076" />
      <LocalizedName description="Dynamics 365 入口網站 - 合作夥伴準銷售案源" languagecode="1028" />
    </LocalizedNames>
    <Descriptions>
      <Description description="Partner Pipeline extends portals with partner opportunity registration, management and routing." languagecode="1033" />
      <Description description="Партньорският канал разширява възможностите на порталите с функции за регистрация, управление и маршрутизиране на възможности на партньори." languagecode="1026" />
      <Description description="El pipeline de l'associat amplia els portals amb funcions de registre, administració i encaminament d'oportunitats d'associats." languagecode="1027" />
      <Description description="Partnerská profilace rozšiřuje portály o registraci, správu a směrování partnerských příležitostí." languagecode="1029" />
      <Description description="Partner-pipeline udvider portaler med salgsmulighedsregistrering, -administration og -rute for partner." languagecode="1030" />
      <Description description="Partner Pipeline erweitert die Portale um Registrierung, Management und Umleitung von Verkaufschancen durch Partner." languagecode="1031" />
      <Description description="Η Διοχέτευση συνεργάτη επεκτείνει πύλες με την καταχώρηση, διαχείριση και δρομολόγηση των ευκαιριών συνεργατών." languagecode="1032" />
      <Description description="La canalización de asociado amplía los portales con funciones de registro, administración y enrutamiento de oportunidades de asociados." languagecode="3082" />
      <Description description="Partneri konveier täiendab portaalide võimalusi partneri müügivõimaluse registreerimise, halduse ja marsruutimisega." languagecode="1061" />
      <Description description="Bazkide-bideratzeak atariak hedatzen ditu bazkide-abaguneen erregistroari, kudeaketari eta bideratzeari esker." languagecode="1069" />
      <Description description="Kumppaniputki laajentaa portaaleja kumppanien mahdollisuuden rekisteröinnillä, hallinnalla ja reitityksellä." languagecode="1035" />
      <Description description="Le pipeline des partenaires étend les possibilités des portail en y ajoutant l'enregistrement, la gestion et l'acheminement des opportunités partenaires." languagecode="1036" />
      <Description description="A canle do asociado amplía os portais co rexistro, xestión e encamiñamento da oportunidade do asociado." languagecode="1110" />
      <Description description="पार्टनर पाइपलाइन, पार्टनर अवसर पंजीकरण, प्रबंधन और रूटिंग के साथ पोर्टल को विस्तृत करती है." languagecode="1081" />
      <Description description="Partnerski kanal proširuje portale registracijom, upravljanjem i usmjeravanjem prilike partnera." languagecode="1050" />
      <Description description="A partnerfolyamat a partnerlehetőség regisztrációjával, kezelésével és átirányításával bővíti ki a portálok nyújtotta lehetőségeket." languagecode="1038" />
      <Description description="Alur Mitra memperluas portal dengan pendaftaran peluang mitra, manajemen, dan perutean." languagecode="1057" />
      <Description description="La funzionalità di pipeline partner amplia i portali con funzioni di registrazione, gestione e distribuzione delle opportunità partner." languagecode="1040" />
      <Description description="パートナー パイプラインは、パートナー営業案件の登録、管理、ルーティングの機能によってポータルを拡張します。" languagecode="1041" />
      <Description description="Серіктес конвейері порталдарды серіктес мүмкіндігін тіркеу, басқару және бағдарлаумен кеңейтеді." languagecode="1087" />
      <Description description="파트너 파이프라인은 파트너 영업 기회 등록, 관리 및 회람으로 포털을 확장합니다." languagecode="1042" />
      <Description description="Partnerių srautas papildo portalus partnerių galimybių registravimo, valdymo ir nukreipimo funkcijomis." languagecode="1063" />
      <Description description="Partneru konveijers paplašina portālu iespējas, pievienojot partneru iespēju reģistrēšanu, pārvaldību un maršrutēšanu." languagecode="1062" />
      <Description description="Talian Paip Rakan Kongsi melanjutkan portal dengan pendaftaran, pengurusan dan penghalaan peluang rakan kongsi." languagecode="1086" />
      <Description description="Partnerpipeline utvider portaler med registrering av salgsmuligheter for partner, administrasjon og ruting." languagecode="1044" />
      <Description description="Partner Pipeline breidt portals uit met registratie, beheer en routering van partnerverkoopkansen." languagecode="1043" />
      <Description description="Moduł Potok partnerów rozszerza możliwości portali o funkcje rejestracji i rozsyłania szans sprzedaży partnerów oraz zarządzania nimi." languagecode="1045" />
      <Description description="O Pipeline de Parceiros amplia os portais com o registro, gerenciamento e roteamento de oportunidades com parceiros." languagecode="1046" />
      <Description description="O Pipeline de Parceiros expande os portais com o registo, a gestão e o encaminhamento de oportunidades de parceria." languagecode="2070" />
      <Description description="Canalul de parteneri extinde portalurile cu înregistrarea, gestionarea și rutarea oportunităților pentru parteneri." languagecode="1048" />
      <Description description="Воронка продаж партнеров расширяет возможности порталов благодаря функциям регистрации и перенаправления возможных сделок партнера, а также управления такими возможными сделками." languagecode="1049" />
      <Description description="Kanál partnerov rozširuje portály o registráciu, spravovanie a smerovanie partnerských príležitostí." languagecode="1051" />
      <Description description="Prodajni lijak za partnerje razširja zmogljivosti portalov z registracijo, upravljanjem in usmerjanjem priložnosti za partnerje." languagecode="1060" />
      <Description description="Канал партнера проширује портале регистрацијом, управљањем и усмеравањем могућности за пословање партнера." languagecode="3098" />
      <Description description="Канал партнера проширује портале регистрацијом, управљањем и усмеравањем могућности за пословање партнера." languagecode="10266" />
      <Description description="Kanal partnera proširuje portale registracijom, upravljanjem i usmeravanjem mogućnosti za poslovanje partnera." languagecode="2074" />
      <Description description="Kanal partnera proširuje portale registracijom, upravljanjem i usmeravanjem mogućnosti za poslovanje partnera." languagecode="9242" />
      <Description description="Partnerpipeline utvidgar portaler med registrering, hantering och vidarebefordran av affärsmöjligheter från partner." languagecode="1053" />
      <Description description="ไปป์ไลน์คู่ค้าขยายประสิทธิภาพพอร์ทัลด้วยการลงทะเบียนโอกาสทางการขายของคู่ค้า การจัดการ และการกำหนดเส้นทาง" languagecode="1054" />
      <Description description="İş Ortağı Ardışık Düzeni, portalları ortak fırsatı kaydı, yönetimi ve yönlendirmesiyle genişletir." languagecode="1055" />
      <Description description="Воронка продажів для партнерів розширює функціонал порталів можливостями реєстрації і маршрутизації потенційної угоди партнера, а також керування нею." languagecode="1058" />
      <Description description="Quy trình bán hàng Đối tác mở rộng cổng thông tin với việc định tuyến, quản lý và đăng ký cơ hội đối tác." languagecode="1066" />
      <Description description="合作伙伴管道通过合作伙伴商机注册、管理和路由来扩展门户。" languagecode="2052" />
      <Description description="合作夥伴準銷售案源以合作夥伴商機註冊、管理和路由擴充入口網站。" languagecode="3076" />
      <Description description="合作夥伴準銷售案源以合作夥伴商機註冊、管理和路由擴充入口網站。" languagecode="1028" />
    </Descriptions>
    <Version>8.3.0.0</Version>
    <Managed>1</Managed>
    <Publisher>
      <UniqueName>adxstudio</UniqueName>
      <LocalizedNames>
        <LocalizedName description="Microsoft" languagecode="1033" />
        <LocalizedName description="Microsoft" languagecode="1026" />
        <LocalizedName description="Microsoft" languagecode="1027" />
        <LocalizedName description="Microsoft" languagecode="1029" />
        <LocalizedName description="Microsoft" languagecode="1030" />
        <LocalizedName description="Microsoft" languagecode="1031" />
        <LocalizedName description="Microsoft" languagecode="1032" />
        <LocalizedName description="Microsoft" languagecode="3082" />
        <LocalizedName description="Microsoft" languagecode="1061" />
        <LocalizedName description="Microsoft" languagecode="1069" />
        <LocalizedName description="Microsoft" languagecode="1035" />
        <LocalizedName description="Microsoft" languagecode="1036" />
        <LocalizedName description="Microsoft" languagecode="1110" />
        <LocalizedName description="Microsoft" languagecode="1081" />
        <LocalizedName description="Microsoft" languagecode="1050" />
        <LocalizedName description="Microsoft" languagecode="1038" />
        <LocalizedName description="Microsoft" languagecode="1057" />
        <LocalizedName description="Microsoft" languagecode="1040" />
        <LocalizedName description="Microsoft" languagecode="1041" />
        <LocalizedName description="Microsoft" languagecode="1087" />
        <LocalizedName description="Microsoft" languagecode="1042" />
        <LocalizedName description="„Microsoft“" languagecode="1063" />
        <LocalizedName description="Microsoft" languagecode="1062" />
        <LocalizedName description="Microsoft" languagecode="1086" />
        <LocalizedName description="Microsoft" languagecode="1044" />
        <LocalizedName description="Microsoft" languagecode="1043" />
        <LocalizedName description="Microsoft" languagecode="1045" />
        <LocalizedName description="Microsoft" languagecode="1046" />
        <LocalizedName description="Microsoft" languagecode="2070" />
        <LocalizedName description="Microsoft" languagecode="1048" />
        <LocalizedName description="Корпорация Майкрософт" languagecode="1049" />
        <LocalizedName description="Microsoft" languagecode="1051" />
        <LocalizedName description="Microsoft" languagecode="1060" />
        <LocalizedName description="Microsoft" languagecode="3098" />
        <LocalizedName description="Microsoft" languagecode="10266" />
        <LocalizedName description="Microsoft" languagecode="2074" />
        <LocalizedName description="Microsoft" languagecode="9242" />
        <LocalizedName description="Microsoft" languagecode="1053" />
        <LocalizedName description="Microsoft" languagecode="1054" />
        <LocalizedName description="Microsoft" languagecode="1055" />
        <LocalizedName description="Microsoft" languagecode="1058" />
        <LocalizedName description="Microsoft" languagecode="1066" />
        <LocalizedName description="Microsoft" languagecode="2052" />
        <LocalizedName description="Microsoft" languagecode="3076" />
        <LocalizedName description="Microsoft" languagecode="1028" />
      </LocalizedNames>
      <Descriptions />
      <EMailAddress>support@adxstudio.com</EMailAddress>
      <SupportingWebsiteUrl>http://www.adxstudio.com</SupportingWebsiteUrl>
      <CustomizationPrefix>adx</CustomizationPrefix>
      <CustomizationOptionValuePrefix>10000</CustomizationOptionValuePrefix>
      <Addresses>
        <Address>
          <AddressNumber>1</AddressNumber>
          <AddressTypeCode>1</AddressTypeCode>
          <City xsi:nil="true"></City>
          <County xsi:nil="true"></County>
          <Country xsi:nil="true"></Country>
          <Fax xsi:nil="true"></Fax>
          <FreightTermsCode xsi:nil="true"></FreightTermsCode>
          <ImportSequenceNumber xsi:nil="true"></ImportSequenceNumber>
          <Latitude xsi:nil="true"></Latitude>
          <Line1 xsi:nil="true"></Line1>
          <Line2 xsi:nil="true"></Line2>
          <Line3 xsi:nil="true"></Line3>
          <Longitude xsi:nil="true"></Longitude>
          <Name xsi:nil="true"></Name>
          <PostalCode xsi:nil="true"></PostalCode>
          <PostOfficeBox xsi:nil="true"></PostOfficeBox>
          <PrimaryContactName xsi:nil="true"></PrimaryContactName>
          <ShippingMethodCode>1</ShippingMethodCode>
          <StateOrProvince xsi:nil="true"></StateOrProvince>
          <Telephone1 xsi:nil="true"></Telephone1>
          <Telephone2 xsi:nil="true"></Telephone2>
          <Telephone3 xsi:nil="true"></Telephone3>
          <TimeZoneRuleVersionNumber xsi:nil="true"></TimeZoneRuleVersionNumber>
          <UPSZone xsi:nil="true"></UPSZone>
          <UTCOffset xsi:nil="true"></UTCOffset>
          <UTCConversionTimeZoneCode xsi:nil="true"></UTCConversionTimeZoneCode>
        </Address>
        <Address>
          <AddressNumber>2</AddressNumber>
          <AddressTypeCode>1</AddressTypeCode>
          <City xsi:nil="true"></City>
          <County xsi:nil="true"></County>
          <Country xsi:nil="true"></Country>
          <Fax xsi:nil="true"></Fax>
          <FreightTermsCode xsi:nil="true"></FreightTermsCode>
          <ImportSequenceNumber xsi:nil="true"></ImportSequenceNumber>
          <Latitude xsi:nil="true"></Latitude>
          <Line1 xsi:nil="true"></Line1>
          <Line2 xsi:nil="true"></Line2>
          <Line3 xsi:nil="true"></Line3>
          <Longitude xsi:nil="true"></Longitude>
          <Name xsi:nil="true"></Name>
          <PostalCode xsi:nil="true"></PostalCode>
          <PostOfficeBox xsi:nil="true"></PostOfficeBox>
          <PrimaryContactName xsi:nil="true"></PrimaryContactName>
          <ShippingMethodCode>1</ShippingMethodCode>
          <StateOrProvince xsi:nil="true"></StateOrProvince>
          <Telephone1 xsi:nil="true"></Telephone1>
          <Telephone2 xsi:nil="true"></Telephone2>
          <Telephone3 xsi:nil="true"></Telephone3>
          <TimeZoneRuleVersionNumber xsi:nil="true"></TimeZoneRuleVersionNumber>
          <UPSZone xsi:nil="true"></UPSZone>
          <UTCOffset xsi:nil="true"></UTCOffset>
          <UTCConversionTimeZoneCode xsi:nil="true"></UTCConversionTimeZoneCode>
        </Address>
      </Addresses>
    </Publisher>
    <RootComponents>
      <RootComponent type="1" schemaName="account" behavior="0" />
      <RootComponent type="1" schemaName="adx_calculatepartnercapacityworkflowaction" behavior="0" />
      <RootComponent type="1" schemaName="adx_dealregistrationrequest" behavior="0" />
      <RootComponent type="1" schemaName="adx_geography" behavior="0" />
      <RootComponent type="1" schemaName="adx_leadtype" behavior="0" />
      <RootComponent type="1" schemaName="adx_triggerdistributionworkflowaction" behavior="0" />
      <RootComponent type="1" schemaName="adx_triggerexpirationofleadsworkflowaction" behavior="0" />
      <RootComponent type="1" schemaName="contact" behavior="0" />
      <RootComponent type="1" schemaName="lead" behavior="0" />
      <RootComponent type="1" schemaName="opportunity" behavior="0" />
      <RootComponent type="1" schemaName="opportunityproduct" behavior="2" />
      <RootComponent type="1" schemaName="pricelevel" behavior="0" />
      <RootComponent type="1" schemaName="product" behavior="2" />
      <RootComponent type="1" schemaName="territory" behavior="2" />
      <RootComponent type="9" schemaName="adx_partnerapplicationstatus" behavior="0" />
      <RootComponent type="9" schemaName="adx_partnercontactroles" behavior="0" />
      <RootComponent type="29" id="{2fc21581-2495-e611-80d7-00155d892df7}" behavior="0" />
      <RootComponent type="29" id="{997611ab-fa4f-e611-80d7-00155db0ee7b}" behavior="0" />
      <RootComponent type="29" id="{d4a3b38b-9284-e611-80d7-00155d08631c}" behavior="0" />
      <RootComponent type="29" id="{e20d9ef3-a2aa-e611-80d7-00155d09e8f7}" behavior="0" />
      <RootComponent type="60" id="{0584fe8e-ce1a-4584-a165-aa3c763cb799}" behavior="0" />
      <RootComponent type="60" id="{14439f51-aa36-4324-9b6c-258658dc61f8}" behavior="0" />
      <RootComponent type="60" id="{15915835-b87c-49ec-9ffc-bfac3ac44ef1}" behavior="0" />
      <RootComponent type="60" id="{1fed44d1-ae68-4a41-bd2b-f13acac4acfa}" behavior="0" />
      <RootComponent type="60" id="{3ca91867-2f5a-41d4-b669-62f26f44fa30}" behavior="0" />
      <RootComponent type="60" id="{3dd65908-9b61-4ae1-808c-f710a82740a8}" behavior="0" />
      <RootComponent type="60" id="{3fa9eb43-0acb-e511-80da-fc15b4283a54}" behavior="0" />
      <RootComponent type="60" id="{3fb651a5-cdbf-46c9-87fb-d2c748662bb8}" behavior="0" />
      <RootComponent type="60" id="{412c08ca-4428-e111-9ffb-00155d03a708}" behavior="0" />
      <RootComponent type="60" id="{4bc0c75b-726e-4d94-8990-7123d580ff2f}" behavior="0" />
      <RootComponent type="60" id="{657bed95-e04a-4cab-965f-899ca32e1a11}" behavior="0" />
      <RootComponent type="60" id="{6840aadd-0860-4efe-8f80-4de2127fca86}" behavior="0" />
      <RootComponent type="60" id="{70ad8b15-e3f3-4d7d-9e4b-16cb4e51b484}" behavior="0" />
      <RootComponent type="60" id="{8448b78f-8f42-454e-8e2a-f8196b0419af}" behavior="0" />
      <RootComponent type="60" id="{86433bc5-7da9-4595-882e-7078fab6f75b}" behavior="0" />
      <RootComponent type="60" id="{870075bf-f65a-e611-80d7-00155db70ed0}" behavior="0" />
      <RootComponent type="60" id="{915ac81a-2051-4c24-93f5-923ae418972c}" behavior="0" />
      <RootComponent type="60" id="{a20be4be-53ef-42dd-bccc-9ed80caded8e}" behavior="0" />
      <RootComponent type="60" id="{a837e4a7-01b8-4f82-a475-be9abd67e667}" behavior="0" />
      <RootComponent type="60" id="{ab5bf855-0f70-4016-8dfb-97d87b3639c4}" behavior="0" />
      <RootComponent type="60" id="{aca293a2-dfde-4aa6-8dfd-bf349701309c}" behavior="0" />
      <RootComponent type="60" id="{adce1542-02ae-443b-a739-3a59a7663f90}" behavior="0" />
      <RootComponent type="60" id="{adda3487-c798-4c0c-94f5-921961fc6845}" behavior="0" />
      <RootComponent type="60" id="{adf867d5-3773-40dc-b4c5-0c16dc97f7c9}" behavior="0" />
      <RootComponent type="60" id="{b63794a7-6173-458e-b3f5-2db70b55b004}" behavior="0" />
      <RootComponent type="60" id="{c29a9cdd-aef1-402d-ac6c-01da783afbbf}" behavior="0" />
      <RootComponent type="60" id="{c41940e1-ac66-4817-bc8c-342b1dfdc6cb}" behavior="0" />
      <RootComponent type="60" id="{ca2f2367-bf4d-e611-80d7-00155db763c4}" behavior="0" />
      <RootComponent type="60" id="{cf3be14d-bedf-49b3-a1c2-01b8db357bdb}" behavior="0" />
      <RootComponent type="60" id="{d57dbca1-4f6e-46e4-8634-93773316f4ad}" behavior="0" />
      <RootComponent type="60" id="{d701c153-8c50-4616-90df-adebbd0f0938}" behavior="0" />
      <RootComponent type="60" id="{dc1b05f9-41d4-42bd-abdc-21554a668619}" behavior="0" />
      <RootComponent type="60" id="{e3b6ddb7-8df0-4410-ac7b-fd32e5053d38}" behavior="0" />
      <RootComponent type="60" id="{fd57cc72-a5b1-4e65-a5db-0127da5941f7}" behavior="0" />
      <RootComponent type="61" schemaName="adx_holidaydata.xml" behavior="0" />
      <RootComponent type="61" schemaName="adx_Lead_type_large" behavior="0" />
      <RootComponent type="61" schemaName="adx_lead_type_small" behavior="0" />
      <RootComponent type="61" schemaName="adx_opportunity/adx.xrm.opportunity.handlers.js" behavior="0" />
      <RootComponent type="61" schemaName="adx_partnercollaborationscript.js" behavior="0" />
      <RootComponent type="61" schemaName="adx_resources/MicrosoftPartnerPipeline/Strings_1026.js" behavior="0" />
      <RootComponent type="61" schemaName="adx_resources/MicrosoftPartnerPipeline/Strings_1027.js" behavior="0" />
      <RootComponent type="61" schemaName="adx_resources/MicrosoftPartnerPipeline/Strings_1028.js" behavior="0" />
      <RootComponent type="61" schemaName="adx_resources/MicrosoftPartnerPipeline/Strings_1029.js" behavior="0" />
      <RootComponent type="61" schemaName="adx_resources/MicrosoftPartnerPipeline/Strings_1030.js" behavior="0" />
      <RootComponent type="61" schemaName="adx_resources/MicrosoftPartnerPipeline/Strings_1031.js" behavior="0" />
      <RootComponent type="61" schemaName="adx_resources/MicrosoftPartnerPipeline/Strings_1032.js" behavior="0" />
      <RootComponent type="61" schemaName="adx_resources/MicrosoftPartnerPipeline/Strings_1033.js" behavior="0" />
      <RootComponent type="61" schemaName="adx_resources/MicrosoftPartnerPipeline/Strings_1035.js" behavior="0" />
      <RootComponent type="61" schemaName="adx_resources/MicrosoftPartnerPipeline/Strings_1036.js" behavior="0" />
      <RootComponent type="61" schemaName="adx_resources/MicrosoftPartnerPipeline/Strings_1038.js" behavior="0" />
      <RootComponent type="61" schemaName="adx_resources/MicrosoftPartnerPipeline/Strings_1040.js" behavior="0" />
      <RootComponent type="61" schemaName="adx_resources/MicrosoftPartnerPipeline/Strings_1041.js" behavior="0" />
      <RootComponent type="61" schemaName="adx_resources/MicrosoftPartnerPipeline/Strings_1042.js" behavior="0" />
      <RootComponent type="61" schemaName="adx_resources/MicrosoftPartnerPipeline/Strings_1043.js" behavior="0" />
      <RootComponent type="61" schemaName="adx_resources/MicrosoftPartnerPipeline/Strings_1044.js" behavior="0" />
      <RootComponent type="61" schemaName="adx_resources/MicrosoftPartnerPipeline/Strings_1045.js" behavior="0" />
      <RootComponent type="61" schemaName="adx_resources/MicrosoftPartnerPipeline/Strings_1046.js" behavior="0" />
      <RootComponent type="61" schemaName="adx_resources/MicrosoftPartnerPipeline/Strings_1048.js" behavior="0" />
      <RootComponent type="61" schemaName="adx_resources/MicrosoftPartnerPipeline/Strings_1049.js" behavior="0" />
      <RootComponent type="61" schemaName="adx_resources/MicrosoftPartnerPipeline/Strings_1050.js" behavior="0" />
      <RootComponent type="61" schemaName="adx_resources/MicrosoftPartnerPipeline/Strings_1051.js" behavior="0" />
      <RootComponent type="61" schemaName="adx_resources/MicrosoftPartnerPipeline/Strings_1053.js" behavior="0" />
      <RootComponent type="61" schemaName="adx_resources/MicrosoftPartnerPipeline/Strings_1054.js" behavior="0" />
      <RootComponent type="61" schemaName="adx_resources/MicrosoftPartnerPipeline/Strings_1055.js" behavior="0" />
      <RootComponent type="61" schemaName="adx_resources/MicrosoftPartnerPipeline/Strings_1057.js" behavior="0" />
      <RootComponent type="61" schemaName="adx_resources/MicrosoftPartnerPipeline/Strings_1058.js" behavior="0" />
      <RootComponent type="61" schemaName="adx_resources/MicrosoftPartnerPipeline/Strings_1060.js" behavior="0" />
      <RootComponent type="61" schemaName="adx_resources/MicrosoftPartnerPipeline/Strings_1061.js" behavior="0" />
      <RootComponent type="61" schemaName="adx_resources/MicrosoftPartnerPipeline/Strings_1062.js" behavior="0" />
      <RootComponent type="61" schemaName="adx_resources/MicrosoftPartnerPipeline/Strings_1063.js" behavior="0" />
      <RootComponent type="61" schemaName="adx_resources/MicrosoftPartnerPipeline/Strings_1066.js" behavior="0" />
      <RootComponent type="61" schemaName="adx_resources/MicrosoftPartnerPipeline/Strings_1069.js" behavior="0" />
      <RootComponent type="61" schemaName="adx_resources/MicrosoftPartnerPipeline/Strings_1081.js" behavior="0" />
      <RootComponent type="61" schemaName="adx_resources/MicrosoftPartnerPipeline/Strings_1086.js" behavior="0" />
      <RootComponent type="61" schemaName="adx_resources/MicrosoftPartnerPipeline/Strings_1087.js" behavior="0" />
      <RootComponent type="61" schemaName="adx_resources/MicrosoftPartnerPipeline/Strings_1110.js" behavior="0" />
      <RootComponent type="61" schemaName="adx_resources/MicrosoftPartnerPipeline/Strings_2052.js" behavior="0" />
      <RootComponent type="61" schemaName="adx_resources/MicrosoftPartnerPipeline/Strings_2070.js" behavior="0" />
      <RootComponent type="61" schemaName="adx_resources/MicrosoftPartnerPipeline/Strings_2074.js" behavior="0" />
      <RootComponent type="61" schemaName="adx_resources/MicrosoftPartnerPipeline/Strings_3076.js" behavior="0" />
      <RootComponent type="61" schemaName="adx_resources/MicrosoftPartnerPipeline/Strings_3082.js" behavior="0" />
      <RootComponent type="61" schemaName="adx_resources/MicrosoftPartnerPipeline/Strings_3098.js" behavior="0" />
      <RootComponent type="61" schemaName="adx_workflow_action_icon" behavior="0" />
      <RootComponent type="61" schemaName="adx_Workflow_action_large" behavior="0" />
      <RootComponent type="61" schemaName="adx_zipcodedata.xml" behavior="0" />
      <RootComponent type="62" behavior="0" />
      <RootComponent type="91" schemaName="Adxstudio.Xrm.Plugins.Partner, Version=7.1.0.0, Culture=neutral, PublicKeyToken=8f6c15d0d269472e" behavior="0" />
      <RootComponent type="92" id="{01580a31-a154-e411-9446-00155d03b502}" behavior="0" />
      <RootComponent type="92" id="{32461cbd-a054-e411-9446-00155d03b502}" behavior="0" />
      <RootComponent type="92" id="{86b84acb-a154-e411-9446-00155d03b502}" behavior="0" />
      <RootComponent type="92" id="{93149efa-a054-e411-9446-00155d03b502}" behavior="0" />
      <RootComponent type="92" id="{a001dcb6-a154-e411-9446-00155d03b502}" behavior="0" />
      <RootComponent type="92" id="{a0c765c3-8c4e-e611-80d7-00155db2489f}" behavior="0" />
      <RootComponent type="92" id="{b7204940-1c84-e611-80d7-00155d08631c}" behavior="0" />
      <RootComponent type="92" id="{bc13fc75-a254-e411-9446-00155d03b502}" behavior="0" />
      <RootComponent type="92" id="{d4660f88-b98b-e611-80d7-00155db640f3}" behavior="0" />
      <RootComponent type="92" id="{e3946418-a154-e411-9446-00155d03b502}" behavior="0" />
      <RootComponent type="92" id="{e6d21f8a-a254-e411-9446-00155d03b502}" behavior="0" />
      <RootComponent type="92" id="{fbeb86a5-a054-e411-9446-00155d03b502}" behavior="0" />
    </RootComponents>
    <MissingDependencies>
      <MissingDependency>
        <Required key="0" type="1" schemaName="adx_webpage" displayName="Web Page" solution="MicrosoftCrmPortalDependencies (8.2.0.0)" />
        <Dependent key="1" type="1" schemaName="contact" displayName="Contact" />
      </MissingDependency>
      <MissingDependency>
        <Required key="2" type="1" schemaName="adx_webpagehistory" displayName="Web Page History" solution="MicrosoftCrmPortalBase (8.2.21.3)" />
        <Dependent key="1" type="1" schemaName="contact" displayName="Contact" />
      </MissingDependency>
      <MissingDependency>
        <Required key="3" type="1" schemaName="adx_pagenotification" displayName="Page Notification" solution="MicrosoftCrmPortalBase (8.2.21.3)" />
        <Dependent key="1" type="1" schemaName="contact" displayName="Contact" />
      </MissingDependency>
      <MissingDependency>
        <Required key="4" type="1" schemaName="adx_pollsubmission" displayName="Poll Submission" solution="MicrosoftCrmPortalBase (8.2.21.3)" />
        <Dependent key="1" type="1" schemaName="contact" displayName="Contact" />
      </MissingDependency>
      <MissingDependency>
        <Required key="5" type="1" schemaName="adx_webfilelog" displayName="Web File Log" solution="MicrosoftCrmPortalBase (8.2.21.3)" />
        <Dependent key="1" type="1" schemaName="contact" displayName="Contact" />
      </MissingDependency>
      <MissingDependency>
        <Required key="6" type="1" schemaName="adx_webpagelog" displayName="Web Page Log" solution="MicrosoftCrmPortalBase (8.2.21.3)" />
        <Dependent key="1" type="1" schemaName="contact" displayName="Contact" />
      </MissingDependency>
      <MissingDependency>
        <Required key="7" type="1" schemaName="adx_invitation" displayName="Invitation" solution="MicrosoftCrmPortalBase (8.2.21.3)" />
        <Dependent key="8" type="1" schemaName="account" displayName="Account" />
      </MissingDependency>
      <MissingDependency>
        <Required key="7" type="1" schemaName="adx_invitation" displayName="Invitation" solution="MicrosoftCrmPortalBase (8.2.21.3)" />
        <Dependent key="1" type="1" schemaName="contact" displayName="Contact" />
      </MissingDependency>
      <MissingDependency>
        <Required key="9" type="1" schemaName="adx_pagealert" displayName="Page Alert" solution="MicrosoftCrmPortalBase (8.2.21.3)" />
        <Dependent key="1" type="1" schemaName="contact" displayName="Contact" />
      </MissingDependency>
      <MissingDependency>
        <Required key="10" type="1" schemaName="adx_portallanguage" displayName="Portal Language" solution="MicrosoftCrmPortalBase (8.2.21.3)" />
        <Dependent key="11" type="10" schemaName="adx_portallanguage_contact" displayName="adx_portallanguage_contact" parentSchemaName="contact" parentDisplayName="Contact" />
      </MissingDependency>
      <MissingDependency>
        <Required key="12" type="1" schemaName="adx_webtemplate" displayName="Web Template" solution="MicrosoftCrmPortalBase (8.2.21.3)" />
        <Dependent key="13" type="62" />
      </MissingDependency>
      <MissingDependency>
        <Required key="14" type="1" schemaName="adx_webfile" displayName="Web File" solution="MicrosoftCrmPortalDependencies (8.2.0.0)" />
        <Dependent key="13" type="62" />
      </MissingDependency>
      <MissingDependency>
        <Required key="15" type="1" schemaName="adx_sitesetting" displayName="Site Setting" solution="MicrosoftCrmPortalDependencies (8.2.0.0)" />
        <Dependent key="13" type="62" />
      </MissingDependency>
      <MissingDependency>
        <Required key="16" type="1" schemaName="adx_setting" displayName="Setting" solution="MicrosoftCrmPortalBase (8.2.21.3)" />
        <Dependent key="13" type="62" />
      </MissingDependency>
      <MissingDependency>
        <Required key="17" type="1" schemaName="adx_websitebinding" displayName="Website Binding" solution="MicrosoftCrmPortalBase (8.2.21.3)" />
        <Dependent key="13" type="62" />
      </MissingDependency>
      <MissingDependency>
        <Required key="18" type="1" schemaName="adx_entitypermission" displayName="Entity Permission" solution="MicrosoftCrmPortalBase (8.2.21.3)" />
        <Dependent key="13" type="62" />
      </MissingDependency>
      <MissingDependency>
        <Required key="19" type="1" schemaName="adx_weblinkset" displayName="Web Link Set" solution="MicrosoftCrmPortalDependencies (8.2.0.0)" />
        <Dependent key="13" type="62" />
      </MissingDependency>
      <MissingDependency>
        <Required key="20" type="1" schemaName="adx_ad" displayName="Ad" solution="MicrosoftCrmPortalBase (8.2.21.3)" />
        <Dependent key="13" type="62" />
      </MissingDependency>
      <MissingDependency>
        <Required key="21" type="1" schemaName="adx_website" displayName="Website" solution="MicrosoftCrmPortalDependencies (8.2.0.0)" />
        <Dependent key="13" type="62" />
      </MissingDependency>
      <MissingDependency>
        <Required key="22" type="1" schemaName="adx_webpageaccesscontrolrule" displayName="Web Page Access Control Rule" solution="MicrosoftCrmPortalBase (8.2.21.3)" />
        <Dependent key="13" type="62" />
      </MissingDependency>
      <MissingDependency>
        <Required key="23" type="1" schemaName="adx_websiteaccess" displayName="Website Access" solution="MicrosoftCrmPortalBase (8.2.21.3)" />
        <Dependent key="13" type="62" />
      </MissingDependency>
      <MissingDependency>
        <Required key="24" type="1" schemaName="adx_webrole" displayName="Web Role" solution="MicrosoftCrmPortalDependencies (8.2.0.0)" />
        <Dependent key="13" type="62" />
      </MissingDependency>
      <MissingDependency>
        <Required key="7" type="1" schemaName="adx_invitation" displayName="Invitation" solution="MicrosoftCrmPortalBase (8.2.21.3)" />
        <Dependent key="13" type="62" />
      </MissingDependency>
      <MissingDependency>
        <Required key="25" type="1" schemaName="adx_adplacement" displayName="Ad Placement" solution="MicrosoftCrmPortalBase (8.2.21.3)" />
        <Dependent key="13" type="62" />
      </MissingDependency>
      <MissingDependency>
        <Required key="26" type="1" schemaName="adx_sitemarker" displayName="Site Marker" solution="MicrosoftCrmPortalDependencies (8.2.0.0)" />
        <Dependent key="13" type="62" />
      </MissingDependency>
      <MissingDependency>
        <Required key="27" type="1" schemaName="adx_pollplacement" displayName="Poll Placement" solution="MicrosoftCrmPortalBase (8.2.21.3)" />
        <Dependent key="13" type="62" />
      </MissingDependency>
      <MissingDependency>
        <Required key="28" type="1" schemaName="adx_pagetemplate" displayName="Page Template" solution="MicrosoftCrmPortalDependencies (8.2.0.0)" />
        <Dependent key="13" type="62" />
      </MissingDependency>
      <MissingDependency>
        <Required key="0" type="1" schemaName="adx_webpage" displayName="Web Page" solution="MicrosoftCrmPortalDependencies (8.2.0.0)" />
        <Dependent key="13" type="62" />
      </MissingDependency>
      <MissingDependency>
        <Required key="29" type="1" schemaName="adx_redirect" displayName="Redirect" solution="MicrosoftCrmPortalBase (8.2.21.3)" />
        <Dependent key="13" type="62" />
      </MissingDependency>
      <MissingDependency>
        <Required key="30" type="1" schemaName="adx_contentsnippet" displayName="Content Snippet" solution="MicrosoftCrmPortalDependencies (8.2.0.0)" />
        <Dependent key="13" type="62" />
      </MissingDependency>
      <MissingDependency>
        <Required key="31" type="1" schemaName="adx_shortcut" displayName="Shortcut" solution="MicrosoftCrmPortalBase (8.2.21.3)" />
        <Dependent key="13" type="62" />
      </MissingDependency>
      <MissingDependency>
        <Required key="32" type="1" schemaName="adx_publishingstatetransitionrule" displayName="Publishing State Transition Rule" solution="MicrosoftCrmPortalBase (8.2.21.3)" />
        <Dependent key="13" type="62" />
      </MissingDependency>
      <MissingDependency>
        <Required key="33" type="1" schemaName="adx_poll" displayName="Poll" solution="MicrosoftCrmPortalBase (8.2.21.3)" />
        <Dependent key="13" type="62" />
      </MissingDependency>
      <MissingDependency>
        <Required key="34" type="2" schemaName="adx_name" displayName="Name" parentSchemaName="adx_portallanguage" parentDisplayName="Portal Language" solution="MicrosoftCrmPortalBase (8.2.21.3)" />
        <Dependent key="11" type="10" schemaName="adx_portallanguage_contact" displayName="adx_portallanguage_contact" parentSchemaName="contact" parentDisplayName="Contact" />
      </MissingDependency>
      <MissingDependency>
        <Required key="35" type="2" schemaName="adx_portallanguageid" displayName="Portal Language" parentSchemaName="adx_portallanguage" parentDisplayName="Portal Language" solution="MicrosoftCrmPortalBase (8.2.21.3)" />
        <Dependent key="11" type="10" schemaName="adx_portallanguage_contact" displayName="adx_portallanguage_contact" parentSchemaName="contact" parentDisplayName="Contact" />
      </MissingDependency>
      <MissingDependency>
        <Required key="36" type="2" schemaName="msa_managingpartnerid" displayName="Managing Partner" parentSchemaName="account" parentDisplayName="Account" solution="MicrosoftCrmPortalDependencies (8.2.0.0)" />
        <Dependent key="37" type="60" displayName="Account" parentDisplayName="Account" id="{8448b78f-8f42-454e-8e2a-f8196b0419af}" />
      </MissingDependency>
      <MissingDependency>
        <Required key="36" type="2" schemaName="msa_managingpartnerid" displayName="Managing Partner" parentSchemaName="account" parentDisplayName="Account" solution="MicrosoftCrmPortalDependencies (8.2.0.0)" />
        <Dependent key="38" type="26" schemaName="Customer Accounts" displayName="Customer Accounts" parentSchemaName="account" parentDisplayName="Account" id="{1aca769c-bcd5-e511-80da-fc15b4283a54}" />
      </MissingDependency>
      <MissingDependency>
        <Required key="36" type="2" schemaName="msa_managingpartnerid" displayName="Managing Partner" parentSchemaName="account" parentDisplayName="Account" solution="MicrosoftCrmPortalDependencies (8.2.0.0)" />
        <Dependent key="39" type="10" schemaName="msa_account_managingpartner" displayName="msa_account_managingpartner" parentSchemaName="account" parentDisplayName="Account" />
      </MissingDependency>
      <MissingDependency>
        <Required key="40" type="2" schemaName="msa_partnerid" displayName="Partner" parentSchemaName="opportunity" parentDisplayName="Opportunity" solution="MicrosoftCrmPortalDependencies (8.2.0.0)" />
        <Dependent key="41" type="26" schemaName="Approved Opportunities" displayName="Approved Opportunities" parentSchemaName="opportunity" parentDisplayName="Opportunity" id="{9ded778f-b280-e611-80d7-00155d08631c}" />
      </MissingDependency>
      <MissingDependency>
        <Required key="40" type="2" schemaName="msa_partnerid" displayName="Partner" parentSchemaName="opportunity" parentDisplayName="Opportunity" solution="MicrosoftCrmPortalDependencies (8.2.0.0)" />
        <Dependent key="42" type="26" schemaName="Partner Opportunities" displayName="Partner Opportunities" parentSchemaName="opportunity" parentDisplayName="Opportunity" id="{c0328e45-3011-e111-8122-00155d03a708}" />
      </MissingDependency>
      <MissingDependency>
        <Required key="40" type="2" schemaName="msa_partnerid" displayName="Partner" parentSchemaName="opportunity" parentDisplayName="Opportunity" solution="MicrosoftCrmPortalDependencies (8.2.0.0)" />
        <Dependent key="43" type="26" schemaName="Partner Created Opportunities" displayName="Partner Created Opportunities" parentSchemaName="opportunity" parentDisplayName="Opportunity" id="{71782932-67f5-e511-80d3-00155d0a28fd}" />
      </MissingDependency>
      <MissingDependency>
        <Required key="40" type="2" schemaName="msa_partnerid" displayName="Partner" parentSchemaName="opportunity" parentDisplayName="Opportunity" solution="MicrosoftCrmPortalDependencies (8.2.0.0)" />
        <Dependent key="44" type="26" schemaName="Returned Opportunities" displayName="Returned Opportunities" parentSchemaName="opportunity" parentDisplayName="Opportunity" id="{9be52bdc-66f5-e511-80d3-00155d0a28fd}" />
      </MissingDependency>
      <MissingDependency>
        <Required key="40" type="2" schemaName="msa_partnerid" displayName="Partner" parentSchemaName="opportunity" parentDisplayName="Opportunity" solution="MicrosoftCrmPortalDependencies (8.2.0.0)" />
        <Dependent key="45" type="60" displayName="Opportunity Details Web Form (Shared)" parentDisplayName="Opportunity" id="{dc1b05f9-41d4-42bd-abdc-21554a668619}" />
      </MissingDependency>
      <MissingDependency>
        <Required key="40" type="2" schemaName="msa_partnerid" displayName="Partner" parentSchemaName="opportunity" parentDisplayName="Opportunity" solution="MicrosoftCrmPortalDependencies (8.2.0.0)" />
        <Dependent key="46" type="26" schemaName="Declined Opportunities" displayName="Declined Opportunities" parentSchemaName="opportunity" parentDisplayName="Opportunity" id="{cc9ebb25-0acb-e511-80da-fc15b4283a54}" />
      </MissingDependency>
      <MissingDependency>
        <Required key="40" type="2" schemaName="msa_partnerid" displayName="Partner" parentSchemaName="opportunity" parentDisplayName="Opportunity" solution="MicrosoftCrmPortalDependencies (8.2.0.0)" />
        <Dependent key="47" type="26" schemaName="Distributed Opportunities" displayName="Distributed Opportunities" parentSchemaName="opportunity" parentDisplayName="Opportunity" id="{6135e68e-3011-e111-8122-00155d03a708}" />
      </MissingDependency>
      <MissingDependency>
        <Required key="40" type="2" schemaName="msa_partnerid" displayName="Partner" parentSchemaName="opportunity" parentDisplayName="Opportunity" solution="MicrosoftCrmPortalDependencies (8.2.0.0)" />
        <Dependent key="48" type="26" schemaName="Expiring Opportunities (within 30 days)" displayName="Expiring Opportunities (within 30 days)" parentSchemaName="opportunity" parentDisplayName="Opportunity" id="{dc806531-b580-e611-80d7-00155d08631c}" />
      </MissingDependency>
      <MissingDependency>
        <Required key="40" type="2" schemaName="msa_partnerid" displayName="Partner" parentSchemaName="opportunity" parentDisplayName="Opportunity" solution="MicrosoftCrmPortalDependencies (8.2.0.0)" />
        <Dependent key="49" type="26" schemaName="New Registered Opportunities" displayName="New Registered Opportunities" parentSchemaName="adx_dealregistrationrequest" parentDisplayName="Deal Registration Request" id="{b6713408-0481-e611-80d7-00155d08631c}" />
      </MissingDependency>
      <MissingDependency>
        <Required key="40" type="2" schemaName="msa_partnerid" displayName="Partner" parentSchemaName="opportunity" parentDisplayName="Opportunity" solution="MicrosoftCrmPortalDependencies (8.2.0.0)" />
        <Dependent key="50" type="26" schemaName="Expired Opportunities" displayName="Expired Opportunities" parentSchemaName="opportunity" parentDisplayName="Opportunity" id="{079c522b-b380-e611-80d7-00155d08631c}" />
      </MissingDependency>
      <MissingDependency>
        <Required key="40" type="2" schemaName="msa_partnerid" displayName="Partner" parentSchemaName="opportunity" parentDisplayName="Opportunity" solution="MicrosoftCrmPortalDependencies (8.2.0.0)" />
        <Dependent key="51" type="2" schemaName="customerid" displayName="Potential Customer" parentSchemaName="opportunity" parentDisplayName="Opportunity" />
      </MissingDependency>
      <MissingDependency>
        <Required key="40" type="2" schemaName="msa_partnerid" displayName="Partner" parentSchemaName="opportunity" parentDisplayName="Opportunity" solution="MicrosoftCrmPortalDependencies (8.2.0.0)" />
        <Dependent key="52" type="60" displayName="Opportunity Details Web Form" parentDisplayName="Opportunity" id="{a20be4be-53ef-42dd-bccc-9ed80caded8e}" />
      </MissingDependency>
      <MissingDependency>
        <Required key="40" type="2" schemaName="msa_partnerid" displayName="Partner" parentSchemaName="opportunity" parentDisplayName="Opportunity" solution="MicrosoftCrmPortalDependencies (8.2.0.0)" />
        <Dependent key="53" type="59" schemaName="Partner Managed Opportunities per partner" displayName="Partner Managed Opportunities per partner" parentSchemaName="opportunity" parentDisplayName="Opportunity" id="{0d9bd9f2-08cb-e511-80da-fc15b4283a54}" />
      </MissingDependency>
      <MissingDependency>
        <Required key="40" type="2" schemaName="msa_partnerid" displayName="Partner" parentSchemaName="opportunity" parentDisplayName="Opportunity" solution="MicrosoftCrmPortalDependencies (8.2.0.0)" />
        <Dependent key="54" type="26" schemaName="Rejected Opportunities" displayName="Rejected Opportunities" parentSchemaName="opportunity" parentDisplayName="Opportunity" id="{2448561b-b680-e611-80d7-00155d08631c}" />
      </MissingDependency>
      <MissingDependency>
        <Required key="40" type="2" schemaName="msa_partnerid" displayName="Partner" parentSchemaName="opportunity" parentDisplayName="Opportunity" solution="MicrosoftCrmPortalDependencies (8.2.0.0)" />
        <Dependent key="55" type="60" displayName="Opportunity" parentDisplayName="Opportunity" id="{a837e4a7-01b8-4f82-a475-be9abd67e667}" />
      </MissingDependency>
      <MissingDependency>
        <Required key="40" type="2" schemaName="msa_partnerid" displayName="Partner" parentSchemaName="opportunity" parentDisplayName="Opportunity" solution="MicrosoftCrmPortalDependencies (8.2.0.0)" />
        <Dependent key="56" type="26" schemaName="Accepted Opportunities" displayName="Accepted Opportunities" parentSchemaName="opportunity" parentDisplayName="Opportunity" id="{f1dc3e90-2f11-e111-8122-00155d03a708}" />
      </MissingDependency>
      <MissingDependency>
        <Required key="57" type="2" schemaName="msa_partneroppid" displayName="Partner Contact" parentSchemaName="opportunity" parentDisplayName="Opportunity" solution="MicrosoftCrmPortalDependencies (8.2.0.0)" />
        <Dependent key="44" type="26" schemaName="Returned Opportunities" displayName="Returned Opportunities" parentSchemaName="opportunity" parentDisplayName="Opportunity" id="{9be52bdc-66f5-e511-80d3-00155d0a28fd}" />
      </MissingDependency>
      <MissingDependency>
        <Required key="57" type="2" schemaName="msa_partneroppid" displayName="Partner Contact" parentSchemaName="opportunity" parentDisplayName="Opportunity" solution="MicrosoftCrmPortalDependencies (8.2.0.0)" />
        <Dependent key="43" type="26" schemaName="Partner Created Opportunities" displayName="Partner Created Opportunities" parentSchemaName="opportunity" parentDisplayName="Opportunity" id="{71782932-67f5-e511-80d3-00155d0a28fd}" />
      </MissingDependency>
      <MissingDependency>
        <Required key="57" type="2" schemaName="msa_partneroppid" displayName="Partner Contact" parentSchemaName="opportunity" parentDisplayName="Opportunity" solution="MicrosoftCrmPortalDependencies (8.2.0.0)" />
        <Dependent key="42" type="26" schemaName="Partner Opportunities" displayName="Partner Opportunities" parentSchemaName="opportunity" parentDisplayName="Opportunity" id="{c0328e45-3011-e111-8122-00155d03a708}" />
      </MissingDependency>
      <MissingDependency>
        <Required key="57" type="2" schemaName="msa_partneroppid" displayName="Partner Contact" parentSchemaName="opportunity" parentDisplayName="Opportunity" solution="MicrosoftCrmPortalDependencies (8.2.0.0)" />
        <Dependent key="47" type="26" schemaName="Distributed Opportunities" displayName="Distributed Opportunities" parentSchemaName="opportunity" parentDisplayName="Opportunity" id="{6135e68e-3011-e111-8122-00155d03a708}" />
      </MissingDependency>
      <MissingDependency>
        <Required key="57" type="2" schemaName="msa_partneroppid" displayName="Partner Contact" parentSchemaName="opportunity" parentDisplayName="Opportunity" solution="MicrosoftCrmPortalDependencies (8.2.0.0)" />
        <Dependent key="46" type="26" schemaName="Declined Opportunities" displayName="Declined Opportunities" parentSchemaName="opportunity" parentDisplayName="Opportunity" id="{cc9ebb25-0acb-e511-80da-fc15b4283a54}" />
      </MissingDependency>
      <MissingDependency>
        <Required key="57" type="2" schemaName="msa_partneroppid" displayName="Partner Contact" parentSchemaName="opportunity" parentDisplayName="Opportunity" solution="MicrosoftCrmPortalDependencies (8.2.0.0)" />
        <Dependent key="45" type="60" displayName="Opportunity Details Web Form (Shared)" parentDisplayName="Opportunity" id="{dc1b05f9-41d4-42bd-abdc-21554a668619}" />
      </MissingDependency>
      <MissingDependency>
        <Required key="57" type="2" schemaName="msa_partneroppid" displayName="Partner Contact" parentSchemaName="opportunity" parentDisplayName="Opportunity" solution="MicrosoftCrmPortalDependencies (8.2.0.0)" />
        <Dependent key="55" type="60" displayName="Opportunity" parentDisplayName="Opportunity" id="{a837e4a7-01b8-4f82-a475-be9abd67e667}" />
      </MissingDependency>
      <MissingDependency>
        <Required key="57" type="2" schemaName="msa_partneroppid" displayName="Partner Contact" parentSchemaName="opportunity" parentDisplayName="Opportunity" solution="MicrosoftCrmPortalDependencies (8.2.0.0)" />
        <Dependent key="52" type="60" displayName="Opportunity Details Web Form" parentDisplayName="Opportunity" id="{a20be4be-53ef-42dd-bccc-9ed80caded8e}" />
      </MissingDependency>
      <MissingDependency>
        <Required key="57" type="2" schemaName="msa_partneroppid" displayName="Partner Contact" parentSchemaName="opportunity" parentDisplayName="Opportunity" solution="MicrosoftCrmPortalDependencies (8.2.0.0)" />
        <Dependent key="51" type="2" schemaName="customerid" displayName="Potential Customer" parentSchemaName="opportunity" parentDisplayName="Opportunity" />
      </MissingDependency>
      <MissingDependency>
        <Required key="57" type="2" schemaName="msa_partneroppid" displayName="Partner Contact" parentSchemaName="opportunity" parentDisplayName="Opportunity" solution="MicrosoftCrmPortalDependencies (8.2.0.0)" />
        <Dependent key="56" type="26" schemaName="Accepted Opportunities" displayName="Accepted Opportunities" parentSchemaName="opportunity" parentDisplayName="Opportunity" id="{f1dc3e90-2f11-e111-8122-00155d03a708}" />
      </MissingDependency>
      <MissingDependency>
        <Required key="58" type="2" schemaName="adx_timezone" displayName="Time Zone" parentSchemaName="contact" parentDisplayName="Contact" solution="MicrosoftCrmPortalDependencies (8.2.0.0)" />
        <Dependent key="59" type="60" displayName="Portal Contact" parentDisplayName="Contact" id="{3fb651a5-cdbf-46c9-87fb-d2c748662bb8}" />
      </MissingDependency>
      <MissingDependency>
        <Required key="60" type="2" schemaName="adx_organizationname" displayName="Organization Name" parentSchemaName="contact" parentDisplayName="Contact" solution="MicrosoftCrmPortalDependencies (8.2.0.0)" />
        <Dependent key="61" type="60" displayName="Partner Registration Web Form - Japanese" parentDisplayName="Contact" id="{86433bc5-7da9-4595-882e-7078fab6f75b}" />
      </MissingDependency>
      <MissingDependency>
        <Required key="60" type="2" schemaName="adx_organizationname" displayName="Organization Name" parentSchemaName="contact" parentDisplayName="Contact" solution="MicrosoftCrmPortalDependencies (8.2.0.0)" />
        <Dependent key="62" type="60" displayName="Partner Registration Web Form" parentDisplayName="Contact" id="{915ac81a-2051-4c24-93f5-923ae418972c}" />
      </MissingDependency>
      <MissingDependency>
        <Required key="63" type="2" schemaName="msa_managingpartnerid" displayName="Managing Partner" parentSchemaName="contact" parentDisplayName="Contact" solution="MicrosoftCrmPortalDependencies (8.2.0.0)" />
        <Dependent key="64" type="60" displayName="Contact" parentDisplayName="Contact" id="{1fed44d1-ae68-4a41-bd2b-f13acac4acfa}" />
      </MissingDependency>
      <MissingDependency>
        <Required key="63" type="2" schemaName="msa_managingpartnerid" displayName="Managing Partner" parentSchemaName="contact" parentDisplayName="Contact" solution="MicrosoftCrmPortalDependencies (8.2.0.0)" />
        <Dependent key="65" type="2" schemaName="parentcustomerid" displayName="Company Name" parentSchemaName="contact" parentDisplayName="Contact" />
      </MissingDependency>
      <MissingDependency>
        <Required key="63" type="2" schemaName="msa_managingpartnerid" displayName="Managing Partner" parentSchemaName="contact" parentDisplayName="Contact" solution="MicrosoftCrmPortalDependencies (8.2.0.0)" />
        <Dependent key="66" type="26" schemaName="Customer Contacts" displayName="Customer Contacts" parentSchemaName="contact" parentDisplayName="Contact" id="{f603ce1d-bdd5-e511-80da-fc15b4283a54}" />
      </MissingDependency>
      <MissingDependency>
        <Required key="39" type="10" schemaName="msa_account_managingpartner" displayName="msa_account_managingpartner" parentSchemaName="account" parentDisplayName="Account" solution="MicrosoftCrmPortalDependencies (8.2.0.0)" />
        <Dependent key="67" type="2" schemaName="msa_managingpartneridname" parentSchemaName="account" parentDisplayName="Account" />
      </MissingDependency>
      <MissingDependency>
        <Required key="68" type="10" schemaName="msa_contact_opportunity" displayName="msa_contact_opportunity" parentSchemaName="opportunity" parentDisplayName="Opportunity" solution="MicrosoftCrmPortalDependencies (8.2.0.0)" />
        <Dependent key="69" type="2" schemaName="msa_partneroppidyominame" parentSchemaName="opportunity" parentDisplayName="Opportunity" />
      </MissingDependency>
      <MissingDependency>
        <Required key="68" type="10" schemaName="msa_contact_opportunity" displayName="msa_contact_opportunity" parentSchemaName="opportunity" parentDisplayName="Opportunity" solution="MicrosoftCrmPortalDependencies (8.2.0.0)" />
        <Dependent key="70" type="2" schemaName="msa_partneroppidname" parentSchemaName="opportunity" parentDisplayName="Opportunity" />
      </MissingDependency>
      <MissingDependency>
        <Required key="71" type="10" schemaName="msa_contact_managingpartner" displayName="msa_contact_managingpartner" parentSchemaName="contact" parentDisplayName="Contact" solution="MicrosoftCrmPortalDependencies (8.2.0.0)" />
        <Dependent key="72" type="2" schemaName="msa_managingpartneridyominame" parentSchemaName="contact" parentDisplayName="Contact" />
      </MissingDependency>
      <MissingDependency>
        <Required key="73" type="10" schemaName="msa_partner_opportunity" displayName="msa_partner_opportunity" parentSchemaName="opportunity" parentDisplayName="Opportunity" solution="MicrosoftCrmPortalDependencies (8.2.0.0)" />
        <Dependent key="74" type="2" schemaName="msa_partneridname" parentSchemaName="opportunity" parentDisplayName="Opportunity" />
      </MissingDependency>
      <MissingDependency>
        <Required key="39" type="10" schemaName="msa_account_managingpartner" displayName="msa_account_managingpartner" parentSchemaName="account" parentDisplayName="Account" solution="MicrosoftCrmPortalDependencies (8.2.0.0)" />
        <Dependent key="75" type="2" schemaName="msa_managingpartneridyominame" parentSchemaName="account" parentDisplayName="Account" />
      </MissingDependency>
      <MissingDependency>
        <Required key="73" type="10" schemaName="msa_partner_opportunity" displayName="msa_partner_opportunity" parentSchemaName="opportunity" parentDisplayName="Opportunity" solution="MicrosoftCrmPortalDependencies (8.2.0.0)" />
        <Dependent key="76" type="2" schemaName="msa_partneridyominame" parentSchemaName="opportunity" parentDisplayName="Opportunity" />
      </MissingDependency>
      <MissingDependency>
        <Required key="71" type="10" schemaName="msa_contact_managingpartner" displayName="msa_contact_managingpartner" parentSchemaName="contact" parentDisplayName="Contact" solution="MicrosoftCrmPortalDependencies (8.2.0.0)" />
        <Dependent key="77" type="2" schemaName="msa_managingpartneridname" parentSchemaName="contact" parentDisplayName="Contact" />
      </MissingDependency>
      <MissingDependency>
        <Required key="68" type="10" schemaName="msa_contact_opportunity" displayName="msa_contact_opportunity" parentSchemaName="opportunity" parentDisplayName="Opportunity" solution="MicrosoftCrmPortalDependencies (8.2.0.0)" />
        <Dependent key="52" type="60" displayName="Opportunity Details Web Form" parentDisplayName="Opportunity" id="{a20be4be-53ef-42dd-bccc-9ed80caded8e}" />
      </MissingDependency>
      <MissingDependency>
        <Required key="68" type="10" schemaName="msa_contact_opportunity" displayName="msa_contact_opportunity" parentSchemaName="opportunity" parentDisplayName="Opportunity" solution="MicrosoftCrmPortalDependencies (8.2.0.0)" />
        <Dependent key="55" type="60" displayName="Opportunity" parentDisplayName="Opportunity" id="{a837e4a7-01b8-4f82-a475-be9abd67e667}" />
      </MissingDependency>
      <MissingDependency>
        <Required key="68" type="10" schemaName="msa_contact_opportunity" displayName="msa_contact_opportunity" parentSchemaName="opportunity" parentDisplayName="Opportunity" solution="MicrosoftCrmPortalDependencies (8.2.0.0)" />
        <Dependent key="45" type="60" displayName="Opportunity Details Web Form (Shared)" parentDisplayName="Opportunity" id="{dc1b05f9-41d4-42bd-abdc-21554a668619}" />
      </MissingDependency>
      <MissingDependency>
        <Required key="39" type="10" schemaName="msa_account_managingpartner" displayName="msa_account_managingpartner" parentSchemaName="account" parentDisplayName="Account" solution="MicrosoftCrmPortalDependencies (8.2.0.0)" />
        <Dependent key="37" type="60" displayName="Account" parentDisplayName="Account" id="{8448b78f-8f42-454e-8e2a-f8196b0419af}" />
      </MissingDependency>
      <MissingDependency>
        <Required key="73" type="10" schemaName="msa_partner_opportunity" displayName="msa_partner_opportunity" parentSchemaName="opportunity" parentDisplayName="Opportunity" solution="MicrosoftCrmPortalDependencies (8.2.0.0)" />
        <Dependent key="55" type="60" displayName="Opportunity" parentDisplayName="Opportunity" id="{a837e4a7-01b8-4f82-a475-be9abd67e667}" />
      </MissingDependency>
      <MissingDependency>
        <Required key="71" type="10" schemaName="msa_contact_managingpartner" displayName="msa_contact_managingpartner" parentSchemaName="contact" parentDisplayName="Contact" solution="MicrosoftCrmPortalDependencies (8.2.0.0)" />
        <Dependent key="64" type="60" displayName="Contact" parentDisplayName="Contact" id="{1fed44d1-ae68-4a41-bd2b-f13acac4acfa}" />
      </MissingDependency>
      <MissingDependency>
        <Required key="59" type="60" displayName="Portal Contact" parentDisplayName="Contact" solution="MicrosoftCrmPortalDependencies (8.2.0.0)" id="{3fb651a5-cdbf-46c9-87fb-d2c748662bb8}" />
        <Dependent key="59" type="60" displayName="Portal Contact" parentDisplayName="Contact" id="{3fb651a5-cdbf-46c9-87fb-d2c748662bb8}" />
      </MissingDependency>
      <MissingDependency>
        <Required key="78" type="1" schemaName="adx_bingmaplookup" displayName="Bing Map Lookup" solution="MicrosoftBingMapsHelper (8.1.0004)" />
        <Dependent key="79" type="92" id="{93149efa-a054-e411-9446-00155d03b502}" />
      </MissingDependency>
      <MissingDependency>
        <Required key="80" type="61" schemaName="msdyn_/RecordWall.htm" displayName="msdyn_/RecordWall.htm" solution="ActivityFeedsCore (8.0.0.0)" />
        <Dependent key="81" type="60" displayName="Information" parentDisplayName="Contact" id="{894cc46a-b0cb-4ab0-8bf6-200544e46a2d}" />
      </MissingDependency>
      <MissingDependency>
        <Required key="80" type="61" schemaName="msdyn_/RecordWall.htm" displayName="msdyn_/RecordWall.htm" solution="ActivityFeedsCore (8.0.0.0)" />
        <Dependent key="82" type="60" displayName="Information" parentDisplayName="Account" id="{b053a39a-041a-4356-acef-ddf00182762b}" />
      </MissingDependency>
      <MissingDependency>
        <Required key="80" type="61" schemaName="msdyn_/RecordWall.htm" displayName="msdyn_/RecordWall.htm" solution="ActivityFeedsCore (8.0.0.0)" />
        <Dependent key="83" type="60" displayName="Information" parentDisplayName="Lead" id="{9886ead0-4fcc-4747-9a18-08e7a9a6de71}" />
      </MissingDependency>
      <MissingDependency>
        <Required key="80" type="61" schemaName="msdyn_/RecordWall.htm" displayName="msdyn_/RecordWall.htm" solution="ActivityFeedsCore (8.0.0.0)" />
        <Dependent key="84" type="60" displayName="Information" parentDisplayName="Opportunity" id="{a2a56263-ec37-4991-a3b0-e7b37a71d818}" />
      </MissingDependency>
      <MissingDependency>
        <Required key="85" type="61" schemaName="adx_scripts/jquery1.9.1.min.js" displayName="adx_scripts/jquery1.9.1.min.js" solution="MicrosoftCrmPortalBase (8.2.21.3)" />
        <Dependent key="55" type="60" displayName="Opportunity" parentDisplayName="Opportunity" id="{a837e4a7-01b8-4f82-a475-be9abd67e667}" />
      </MissingDependency>
      <MissingDependency>
        <Required key="86" type="61" schemaName="msa_icon_nav_portals_32.png" displayName="msa_icon_nav_portals_32.png" solution="MicrosoftCrmPortalDependencies (8.2.0.0)" />
        <Dependent key="13" type="62" />
      </MissingDependency>
      <MissingDependency>
        <Required key="87" type="61" schemaName="adx_resources/ResourcesManager.js" displayName="adx_resources/ResourcesManager.js" solution="MicrosoftCrmPortalBase (8.2.21.3)" />
        <Dependent key="55" type="60" displayName="Opportunity" parentDisplayName="Opportunity" id="{a837e4a7-01b8-4f82-a475-be9abd67e667}" />
      </MissingDependency>
      <MissingDependency>
        <Required key="88" type="61" schemaName="msdyn_/ActivityFeeds.Form.js" displayName="msdyn_/ActivityFeeds.Form.js" solution="ActivityFeedsCore (8.0.0.0)" />
        <Dependent key="84" type="60" displayName="Information" parentDisplayName="Opportunity" id="{a2a56263-ec37-4991-a3b0-e7b37a71d818}" />
      </MissingDependency>
      <MissingDependency>
        <Required key="88" type="61" schemaName="msdyn_/ActivityFeeds.Form.js" displayName="msdyn_/ActivityFeeds.Form.js" solution="ActivityFeedsCore (8.0.0.0)" />
        <Dependent key="83" type="60" displayName="Information" parentDisplayName="Lead" id="{9886ead0-4fcc-4747-9a18-08e7a9a6de71}" />
      </MissingDependency>
      <MissingDependency>
        <Required key="88" type="61" schemaName="msdyn_/ActivityFeeds.Form.js" displayName="msdyn_/ActivityFeeds.Form.js" solution="ActivityFeedsCore (8.0.0.0)" />
        <Dependent key="82" type="60" displayName="Information" parentDisplayName="Account" id="{b053a39a-041a-4356-acef-ddf00182762b}" />
      </MissingDependency>
      <MissingDependency>
        <Required key="88" type="61" schemaName="msdyn_/ActivityFeeds.Form.js" displayName="msdyn_/ActivityFeeds.Form.js" solution="ActivityFeedsCore (8.0.0.0)" />
        <Dependent key="81" type="60" displayName="Information" parentDisplayName="Contact" id="{894cc46a-b0cb-4ab0-8bf6-200544e46a2d}" />
      </MissingDependency>
    </MissingDependencies>
  </SolutionManifest>
</ImportExportXml>