﻿<?xml version="1.0" encoding="utf-8"?>
<ImportExportXml version="8.1.0000.0128" SolutionPackageVersion="8.1" languagecode="1033" generatedBy="OnPremise" xmlns:xsi="http://www.w3.org/2001/XMLSchema-instance">
  <SolutionManifest>
    <UniqueName>Feedback</UniqueName>
    <LocalizedNames>
      <LocalizedName description="Dynamics 365 Portals - Feedback" languagecode="1033" />
      <LocalizedName description="Портали на Dynamics 365 – Обратна връзка" languagecode="1026" />
      <LocalizedName description="Portals del Dynamics 365: comentaris" languagecode="1027" />
      <LocalizedName description="Portály Dynamics 365 – Názory" languagecode="1029" />
      <LocalizedName description="Dynamics 365-portaler – Feedback" languagecode="1030" />
      <LocalizedName description="Dynamics 365-Portale – Feedback" languagecode="1031" />
      <LocalizedName description="Πύλες Dynamics 365 - Σχόλια" languagecode="1032" />
      <LocalizedName description="Portales de Dynamics 365: comentarios" languagecode="3082" />
      <LocalizedName description="Dynamics 365 portaalid – tagasiside" languagecode="1061" />
      <LocalizedName description="Dynamics 365 Atariak: oharrak" languagecode="1069" />
      <LocalizedName description="Dynamics 365 -portaalit – palaute" languagecode="1035" />
      <LocalizedName description="Portails Dynamics 365 - Commentaires" languagecode="1036" />
      <LocalizedName description="Portais de Dynamics 365: Comentarios" languagecode="1110" />
      <LocalizedName description="Dynamics 365 पोर्टल - प्रतिक्रिया" languagecode="1081" />
      <LocalizedName description="Portali sustava Dynamics 365 – Povratne informacije" languagecode="1050" />
      <LocalizedName description="Dynamics 365 portálok – visszajelzés" languagecode="1038" />
      <LocalizedName description="Portal Dynamics 365 - Tanggapan" languagecode="1057" />
      <LocalizedName description="Portali di Dynamics 365 - Commenti" languagecode="1040" />
      <LocalizedName description="Dynamics 365 ポータル - フィードバック" languagecode="1041" />
      <LocalizedName description="Dynamics 365 порталдары - Кері байланыс" languagecode="1087" />
      <LocalizedName description="Dynamics 365 포털 - 피드백" languagecode="1042" />
      <LocalizedName description="„Dynamics 365” portalai – atsiliepimai" languagecode="1063" />
      <LocalizedName description="Dynamics 365 portāli — Atsauksmes" languagecode="1062" />
      <LocalizedName description="Portal Dynamics 365 - Maklum Balas" languagecode="1086" />
      <LocalizedName description="Dynamics 365-portaler – tilbakemelding" languagecode="1044" />
      <LocalizedName description="Dynamics 365-portals - Feedback" languagecode="1043" />
      <LocalizedName description="Portale usługi Dynamics 365 — opinia" languagecode="1045" />
      <LocalizedName description="Portais do Dynamics 365 - Comentários" languagecode="1046" />
      <LocalizedName description="Dynamics 365 Portais - Comentários" languagecode="2070" />
      <LocalizedName description="Portaluri Dynamics 365 - Feedback" languagecode="1048" />
      <LocalizedName description="Порталы Dynamics 365 — отзывы" languagecode="1049" />
      <LocalizedName description="Portály systému Dynamics 365 – odozva" languagecode="1051" />
      <LocalizedName description="Portali storitve Dynamics 365 – povratne informacije" languagecode="1060" />
      <LocalizedName description="Dynamics 365 портали – Повратне информације" languagecode="3098" />
      <LocalizedName description="Dynamics 365 портали – Повратне информације" languagecode="10266" />
      <LocalizedName description="Dynamics 365 portali – Povratne informacije" languagecode="2074" />
      <LocalizedName description="Dynamics 365 portali – Povratne informacije" languagecode="9242" />
      <LocalizedName description="Dynamics 365-portaler – feedback" languagecode="1053" />
      <LocalizedName description="พอร์ทัล Dynamics 365 - ข้อคิดเห็น" languagecode="1054" />
      <LocalizedName description="Dynamics 365 Portalları - Geri Bildirim" languagecode="1055" />
      <LocalizedName description="Портали Dynamics 365 – відгук" languagecode="1058" />
      <LocalizedName description="Cổng thông tin Dynamics 365 - Phản hồi" languagecode="1066" />
      <LocalizedName description="Dynamics 365 门户 - 反馈" languagecode="2052" />
      <LocalizedName description="Dynamics 365 入口網站 - 意見反應" languagecode="3076" />
      <LocalizedName description="Dynamics 365 入口網站 - 意見反應" languagecode="1028" />
    </LocalizedNames>
    <Descriptions>
      <Description description="Extends portals by providing comments and ratings of built-in and custom entities." languagecode="1033" />
      <Description description="Разширява порталите, като осигурява коментари и оценки на вградени и персонализирани обекти." languagecode="1026" />
      <Description description="Amplia els portals en proporcionar comentaris i valoracions d'entitats integrades i personalitzades." languagecode="1027" />
      <Description description="Rozšiřuje portály o možnost zadávání komentářů a hodnocení u předdefinovaných a vlastních entit." languagecode="1029" />
      <Description description="Udvider portaler ved at angive kommentarer og bedømmelser af indbyggede og brugerdefinerede objekter." languagecode="1030" />
      <Description description="Erweitert Portale durch das Bereitstellen von Kommentaren und Bewertungen von integrierten und benutzerdefinierten Entitäten." languagecode="1031" />
      <Description description="Επεκτείνει πύλες παρέχοντας σχόλια και αξιολογήσεις για ενσωματωμένες και προσαρμοσμένες οντότητες." languagecode="1032" />
      <Description description="Amplía los portales al proporcionar comentarios y valoraciones de entidades integradas y personalizadas." languagecode="3082" />
      <Description description="Laiendab portaale, kuvades sisseehitatud ja kohandatud olemite kommentaare ning hinnanguid." languagecode="1061" />
      <Description description="Ataria hedatzen du entitate integratuei eta pertsonalizatuei buruzko iruzkinak eta balorazioak idazteko aukera emanez." languagecode="1069" />
      <Description description="Laajentaa portaaleja tarjoamalla sisäisiä ja mukautettuja entiteettejä koskevia kommentteja ja luokituksia." languagecode="1035" />
      <Description description="Étend les portails en fournissant des commentaires et des évaluations des entités intégrées et personnalisées." languagecode="1036" />
      <Description description="Amplía as funcionalidades dos portais mediante o fornecemento de comentarios e clasificacións das entidades incorporadas e personalizadas." languagecode="1110" />
      <Description description="अंतर्निहित और कस्टम निकायों की टिप्पणियाँ और रेटिंग प्रदान करके पोर्टल को विस्तृत करता है." languagecode="1081" />
      <Description description="Proširuje portale pružajući komentare i ocjene ugrađenih i prilagođenih entiteta." languagecode="1050" />
      <Description description="Lehetőséget ad a portálokon a hozzászólásokra és a beépített és egyéni entitások értékelésére." languagecode="1038" />
      <Description description="Memperluas portal dengan menyediakan komentar dan peringkat entitas internal dan kustom." languagecode="1057" />
      <Description description="Espande le funzionalità dei portali offrendo commenti e valutazioni sulle entità predefinite e personalizzate." languagecode="1040" />
      <Description description="組み込みエンティティとユーザー定義エンティティについてのコメントと評価を提供することにより、ポータルを拡張します。" languagecode="1041" />
      <Description description="Пікірлер қалдыру және кірістірілген және реттелетін нысандарға баға қою арқылы порталдарды кеңейтеді." languagecode="1087" />
      <Description description="기본 제공 및 사용자 지정 엔터티의 댓글 및 등급을 제공하여 포털을 확장합니다." languagecode="1042" />
      <Description description="Portalai išplečiami pateikiant komentarų apie integruotus bei pasirinktinius objektus ir jų įvertinimų." languagecode="1063" />
      <Description description="Paplašina portālus, nodrošinot iebūvētu un pielāgotu entītiju komentārus un vērtējumus." languagecode="1062" />
      <Description description="Lanjutkan portal dengan memberi komen dan penarafan untuk entiti dalaman dan tersuai." languagecode="1086" />
      <Description description="Utvider portaler ved å formidle kommentarer og vurderinger av innebygde og tilpassede enheter." languagecode="1044" />
      <Description description="Breidt portals uit met reacties en kwalificaties voor ingebouwde en aangepaste entiteiten." languagecode="1043" />
      <Description description="Rozszerza możliwości portali o funkcje dostarczania komentarzy i ocen dotyczących wbudowanych oraz niestandardowych encji." languagecode="1045" />
      <Description description="Estende os portais ao fornecer comentários e classificações de entidades internas e personalizadas." languagecode="1046" />
      <Description description="Expande os portais fornecendo comentários e classificações de entidades incorporadas e personalizadas." languagecode="2070" />
      <Description description="Extinde portalurile, furnizând comentarii și evaluări ale entităților încorporate și particularizate." languagecode="1048" />
      <Description description="Расширяет возможности порталов, предоставляя комментарии и оценки встроенных и настраиваемых сущностей." languagecode="1049" />
      <Description description="Rozširuje portály prostredníctvom poskytovania komentárov a hodnotení vstavaných a vlastných entít." languagecode="1051" />
      <Description description="Portale razširi s možnostjo komentiranja in ocenjevanja za vgrajene entitete in entitete po meri." languagecode="1060" />
      <Description description="Проширује портале тако што обезбеђује коментаре и оцене уграђених и прилагођених ентитета." languagecode="3098" />
      <Description description="Проширује портале тако што обезбеђује коментаре и оцене уграђених и прилагођених ентитета." languagecode="10266" />
      <Description description="Proširuje portale tako što obezbeđuje komentare i ocene ugrađenih i prilagođenih entiteta." languagecode="2074" />
      <Description description="Proširuje portale tako što obezbeđuje komentare i ocene ugrađenih i prilagođenih entiteta." languagecode="9242" />
      <Description description="Utökar portaler genom att tillhandahålla kommentarer och omdömen om inbyggda och anpassade entiteter." languagecode="1053" />
      <Description description="ขยายพอร์ทัลโดยการให้ข้อคิดเห็นและการจัดอันดับเอนทิตีภายในและกำหนดเอง" languagecode="1054" />
      <Description description="Portalları yerleşik ve özel varlıklara ilişkin yorumlar ve değerlendirmeler sağlayarak genişletir." languagecode="1055" />
      <Description description="Доповнює можливості порталу функціями коментування й оцінювання вбудованих і настроюваних сутностей." languagecode="1058" />
      <Description description="Mở rộng cổng thông tin bằng cách đưa ra nhận xét và xếp hạng về các thực thể tích hợp và tùy chỉnh." languagecode="1066" />
      <Description description="通过提供内置和自定义实体的评论和评分来扩展门户。" languagecode="2052" />
      <Description description="提供內建與自訂實體的留言和評分來擴充入口網站。" languagecode="3076" />
      <Description description="提供內建與自訂實體的留言和評分來擴充入口網站。" languagecode="1028" />
    </Descriptions>
    <Version>8.3.0.0</Version>
    <Managed>1</Managed>
    <Publisher>
      <UniqueName>adxstudio</UniqueName>
      <LocalizedNames>
        <LocalizedName description="Microsoft" languagecode="1033" />
        <LocalizedName description="Microsoft" languagecode="1026" />
        <LocalizedName description="Microsoft" languagecode="1027" />
        <LocalizedName description="Microsoft" languagecode="1029" />
        <LocalizedName description="Microsoft" languagecode="1030" />
        <LocalizedName description="Microsoft" languagecode="1031" />
        <LocalizedName description="Microsoft" languagecode="1032" />
        <LocalizedName description="Microsoft" languagecode="3082" />
        <LocalizedName description="Microsoft" languagecode="1061" />
        <LocalizedName description="Microsoft" languagecode="1069" />
        <LocalizedName description="Microsoft" languagecode="1035" />
        <LocalizedName description="Microsoft" languagecode="1036" />
        <LocalizedName description="Microsoft" languagecode="1110" />
        <LocalizedName description="Microsoft" languagecode="1081" />
        <LocalizedName description="Microsoft" languagecode="1050" />
        <LocalizedName description="Microsoft" languagecode="1038" />
        <LocalizedName description="Microsoft" languagecode="1057" />
        <LocalizedName description="Microsoft" languagecode="1040" />
        <LocalizedName description="Microsoft" languagecode="1041" />
        <LocalizedName description="Microsoft" languagecode="1087" />
        <LocalizedName description="Microsoft" languagecode="1042" />
        <LocalizedName description="„Microsoft“" languagecode="1063" />
        <LocalizedName description="Microsoft" languagecode="1062" />
        <LocalizedName description="Microsoft" languagecode="1086" />
        <LocalizedName description="Microsoft" languagecode="1044" />
        <LocalizedName description="Microsoft" languagecode="1043" />
        <LocalizedName description="Microsoft" languagecode="1045" />
        <LocalizedName description="Microsoft" languagecode="1046" />
        <LocalizedName description="Microsoft" languagecode="2070" />
        <LocalizedName description="Microsoft" languagecode="1048" />
        <LocalizedName description="Корпорация Майкрософт" languagecode="1049" />
        <LocalizedName description="Microsoft" languagecode="1051" />
        <LocalizedName description="Microsoft" languagecode="1060" />
        <LocalizedName description="Microsoft" languagecode="3098" />
        <LocalizedName description="Microsoft" languagecode="10266" />
        <LocalizedName description="Microsoft" languagecode="2074" />
        <LocalizedName description="Microsoft" languagecode="9242" />
        <LocalizedName description="Microsoft" languagecode="1053" />
        <LocalizedName description="Microsoft" languagecode="1054" />
        <LocalizedName description="Microsoft" languagecode="1055" />
        <LocalizedName description="Microsoft" languagecode="1058" />
        <LocalizedName description="Microsoft" languagecode="1066" />
        <LocalizedName description="Microsoft" languagecode="2052" />
        <LocalizedName description="Microsoft" languagecode="3076" />
        <LocalizedName description="Microsoft" languagecode="1028" />
      </LocalizedNames>
      <Descriptions />
      <EMailAddress>support@adxstudio.com</EMailAddress>
      <SupportingWebsiteUrl>http://www.adxstudio.com</SupportingWebsiteUrl>
      <CustomizationPrefix>adx</CustomizationPrefix>
      <CustomizationOptionValuePrefix>10000</CustomizationOptionValuePrefix>
      <Addresses>
        <Address>
          <AddressNumber>1</AddressNumber>
          <AddressTypeCode>1</AddressTypeCode>
          <City xsi:nil="true"></City>
          <County xsi:nil="true"></County>
          <Country xsi:nil="true"></Country>
          <Fax xsi:nil="true"></Fax>
          <FreightTermsCode xsi:nil="true"></FreightTermsCode>
          <ImportSequenceNumber xsi:nil="true"></ImportSequenceNumber>
          <Latitude xsi:nil="true"></Latitude>
          <Line1 xsi:nil="true"></Line1>
          <Line2 xsi:nil="true"></Line2>
          <Line3 xsi:nil="true"></Line3>
          <Longitude xsi:nil="true"></Longitude>
          <Name xsi:nil="true"></Name>
          <PostalCode xsi:nil="true"></PostalCode>
          <PostOfficeBox xsi:nil="true"></PostOfficeBox>
          <PrimaryContactName xsi:nil="true"></PrimaryContactName>
          <ShippingMethodCode>1</ShippingMethodCode>
          <StateOrProvince xsi:nil="true"></StateOrProvince>
          <Telephone1 xsi:nil="true"></Telephone1>
          <Telephone2 xsi:nil="true"></Telephone2>
          <Telephone3 xsi:nil="true"></Telephone3>
          <TimeZoneRuleVersionNumber xsi:nil="true"></TimeZoneRuleVersionNumber>
          <UPSZone xsi:nil="true"></UPSZone>
          <UTCOffset xsi:nil="true"></UTCOffset>
          <UTCConversionTimeZoneCode xsi:nil="true"></UTCConversionTimeZoneCode>
        </Address>
        <Address>
          <AddressNumber>2</AddressNumber>
          <AddressTypeCode>1</AddressTypeCode>
          <City xsi:nil="true"></City>
          <County xsi:nil="true"></County>
          <Country xsi:nil="true"></Country>
          <Fax xsi:nil="true"></Fax>
          <FreightTermsCode xsi:nil="true"></FreightTermsCode>
          <ImportSequenceNumber xsi:nil="true"></ImportSequenceNumber>
          <Latitude xsi:nil="true"></Latitude>
          <Line1 xsi:nil="true"></Line1>
          <Line2 xsi:nil="true"></Line2>
          <Line3 xsi:nil="true"></Line3>
          <Longitude xsi:nil="true"></Longitude>
          <Name xsi:nil="true"></Name>
          <PostalCode xsi:nil="true"></PostalCode>
          <PostOfficeBox xsi:nil="true"></PostOfficeBox>
          <PrimaryContactName xsi:nil="true"></PrimaryContactName>
          <ShippingMethodCode>1</ShippingMethodCode>
          <StateOrProvince xsi:nil="true"></StateOrProvince>
          <Telephone1 xsi:nil="true"></Telephone1>
          <Telephone2 xsi:nil="true"></Telephone2>
          <Telephone3 xsi:nil="true"></Telephone3>
          <TimeZoneRuleVersionNumber xsi:nil="true"></TimeZoneRuleVersionNumber>
          <UPSZone xsi:nil="true"></UPSZone>
          <UTCOffset xsi:nil="true"></UTCOffset>
          <UTCConversionTimeZoneCode xsi:nil="true"></UTCConversionTimeZoneCode>
        </Address>
      </Addresses>
    </Publisher>
    <RootComponents>
      <RootComponent type="1" schemaName="adx_webpage" behavior="1" />
      <RootComponent type="1" schemaName="feedback" behavior="1" />
      <RootComponent type="60" id="{007c799c-a87f-4471-b00b-bf7555a0f85d}" />
      <RootComponent type="60" id="{4c2b38f7-578b-4078-bcf6-703d932ebf3a}" />
      <RootComponent type="60" id="{817193ea-75f7-4718-9b85-1d33bfe23ea6}" behavior="0" />
    </RootComponents>
    <MissingDependencies>
      <MissingDependency>
        <Required key="0" type="1" schemaName="adx_webpage" displayName="Web Page" solution="MicrosoftCrmPortalDependencies (8.1.0008)" />
        <Dependent key="0" type="1" schemaName="adx_webpage" displayName="Web Page" />
      </MissingDependency>
      <MissingDependency>
        <Required key="1" type="1" schemaName="adx_webpageaccesscontrolrule" displayName="Web Page Access Control Rule" solution="MicrosoftCrmPortalBase (8.2.0006)" />
        <Dependent key="2" type="60" displayName="Information" parentDisplayName="Web Page" id="{007c799c-a87f-4471-b00b-bf7555a0f85d}" />
      </MissingDependency>
      <MissingDependency>
        <Required key="3" type="1" schemaName="adx_webfile" displayName="Web File" solution="MicrosoftCrmPortalDependencies (8.1.0008)" />
        <Dependent key="2" type="60" displayName="Information" parentDisplayName="Web Page" id="{007c799c-a87f-4471-b00b-bf7555a0f85d}" />
      </MissingDependency>
      <MissingDependency>
        <Required key="4" type="1" schemaName="adx_website" displayName="Website" solution="MicrosoftCrmPortalDependencies (8.1.0008)" />
        <Dependent key="2" type="60" displayName="Information" parentDisplayName="Web Page" id="{007c799c-a87f-4471-b00b-bf7555a0f85d}" />
      </MissingDependency>
      <MissingDependency>
        <Required key="4" type="1" schemaName="adx_website" displayName="Website" solution="MicrosoftCrmPortalDependencies (8.1.0008)" />
        <Dependent key="5" type="60" displayName="Content Page" parentDisplayName="Web Page" id="{4c2b38f7-578b-4078-bcf6-703d932ebf3a}" />
      </MissingDependency>
      <MissingDependency>
        <Required key="6" type="2" schemaName="adx_partialurl" displayName="Partial URL" parentSchemaName="adx_webpage" parentDisplayName="Web Page" solution="MicrosoftCrmPortalDependencies (8.1.0008)" />
        <Dependent key="5" type="60" displayName="Content Page" parentDisplayName="Web Page" id="{4c2b38f7-578b-4078-bcf6-703d932ebf3a}" />
      </MissingDependency>
      <MissingDependency>
        <Required key="7" type="2" schemaName="adx_webpagelanguageid" displayName="Webpage Language" parentSchemaName="adx_webpage" parentDisplayName="Web Page" solution="MicrosoftCrmPortalBase (8.2.0006)" />
        <Dependent key="5" type="60" displayName="Content Page" parentDisplayName="Web Page" id="{4c2b38f7-578b-4078-bcf6-703d932ebf3a}" />
      </MissingDependency>
      <MissingDependency>
        <Required key="8" type="2" schemaName="adx_name" displayName="Name" parentSchemaName="adx_webpage" parentDisplayName="Web Page" solution="MicrosoftCrmPortalDependencies (8.1.0008)" />
        <Dependent key="5" type="60" displayName="Content Page" parentDisplayName="Web Page" id="{4c2b38f7-578b-4078-bcf6-703d932ebf3a}" />
      </MissingDependency>
      <MissingDependency>
        <Required key="9" type="2" schemaName="adx_displaydate" displayName="Display Date" parentSchemaName="adx_webpage" parentDisplayName="Web Page" solution="MicrosoftCrmPortalDependencies (8.1.0008)" />
        <Dependent key="5" type="60" displayName="Content Page" parentDisplayName="Web Page" id="{4c2b38f7-578b-4078-bcf6-703d932ebf3a}" />
      </MissingDependency>
      <MissingDependency>
        <Required key="10" type="2" schemaName="adx_copy" displayName="Copy" parentSchemaName="adx_webpage" parentDisplayName="Web Page" solution="MicrosoftCrmPortalDependencies (8.1.0008)" />
        <Dependent key="5" type="60" displayName="Content Page" parentDisplayName="Web Page" id="{4c2b38f7-578b-4078-bcf6-703d932ebf3a}" />
      </MissingDependency>
      <MissingDependency>
        <Required key="11" type="2" schemaName="adx_title" displayName="Title" parentSchemaName="adx_webpage" parentDisplayName="Web Page" solution="MicrosoftCrmPortalDependencies (8.1.0008)" />
        <Dependent key="5" type="60" displayName="Content Page" parentDisplayName="Web Page" id="{4c2b38f7-578b-4078-bcf6-703d932ebf3a}" />
      </MissingDependency>
      <MissingDependency>
        <Required key="12" type="2" schemaName="adx_rootwebpageid" displayName="Root Webpage" parentSchemaName="adx_webpage" parentDisplayName="Web Page" solution="MicrosoftCrmPortalBase (8.2.0006)" />
        <Dependent key="5" type="60" displayName="Content Page" parentDisplayName="Web Page" id="{4c2b38f7-578b-4078-bcf6-703d932ebf3a}" />
      </MissingDependency>
      <MissingDependency>
        <Required key="13" type="2" schemaName="adx_authorid" displayName="Author" parentSchemaName="adx_webpage" parentDisplayName="Web Page" solution="MicrosoftCrmPortalDependencies (8.1.0008)" />
        <Dependent key="5" type="60" displayName="Content Page" parentDisplayName="Web Page" id="{4c2b38f7-578b-4078-bcf6-703d932ebf3a}" />
      </MissingDependency>
      <MissingDependency>
        <Required key="14" type="2" schemaName="adx_parentpageid" displayName="Parent Page" parentSchemaName="adx_webpage" parentDisplayName="Web Page" solution="MicrosoftCrmPortalDependencies (8.1.0008)" />
        <Dependent key="5" type="60" displayName="Content Page" parentDisplayName="Web Page" id="{4c2b38f7-578b-4078-bcf6-703d932ebf3a}" />
      </MissingDependency>
      <MissingDependency>
        <Required key="15" type="2" schemaName="adx_imageurl" displayName="Image URL" parentSchemaName="adx_webpage" parentDisplayName="Web Page" solution="MicrosoftCrmPortalBase (8.2.0006)" />
        <Dependent key="5" type="60" displayName="Content Page" parentDisplayName="Web Page" id="{4c2b38f7-578b-4078-bcf6-703d932ebf3a}" />
      </MissingDependency>
      <MissingDependency>
        <Required key="16" type="2" schemaName="adx_publishingstateid" displayName="Publishing State" parentSchemaName="adx_webpage" parentDisplayName="Web Page" solution="MicrosoftCrmPortalBase (8.2.0006)" />
        <Dependent key="5" type="60" displayName="Content Page" parentDisplayName="Web Page" id="{4c2b38f7-578b-4078-bcf6-703d932ebf3a}" />
      </MissingDependency>
      <MissingDependency>
        <Required key="17" type="2" schemaName="adx_excludefromsearch" displayName="Exclude From Search" parentSchemaName="adx_webpage" parentDisplayName="Web Page" solution="MicrosoftCrmPortalBase (8.2.0006)" />
        <Dependent key="5" type="60" displayName="Content Page" parentDisplayName="Web Page" id="{4c2b38f7-578b-4078-bcf6-703d932ebf3a}" />
      </MissingDependency>
      <MissingDependency>
        <Required key="18" type="2" schemaName="adx_customcss" displayName="Custom CSS" parentSchemaName="adx_webpage" parentDisplayName="Web Page" solution="MicrosoftCrmPortalBase (8.2.0006)" />
        <Dependent key="5" type="60" displayName="Content Page" parentDisplayName="Web Page" id="{4c2b38f7-578b-4078-bcf6-703d932ebf3a}" />
      </MissingDependency>
      <MissingDependency>
        <Required key="19" type="2" schemaName="adx_releasedate" displayName="Release Date" parentSchemaName="adx_webpage" parentDisplayName="Web Page" solution="MicrosoftCrmPortalBase (8.2.0006)" />
        <Dependent key="5" type="60" displayName="Content Page" parentDisplayName="Web Page" id="{4c2b38f7-578b-4078-bcf6-703d932ebf3a}" />
      </MissingDependency>
      <MissingDependency>
        <Required key="20" type="2" schemaName="adx_navigation" displayName="Navigation" parentSchemaName="adx_webpage" parentDisplayName="Web Page" solution="MicrosoftCrmPortalBase (8.2.0006)" />
        <Dependent key="5" type="60" displayName="Content Page" parentDisplayName="Web Page" id="{4c2b38f7-578b-4078-bcf6-703d932ebf3a}" />
      </MissingDependency>
      <MissingDependency>
        <Required key="21" type="2" schemaName="adx_enabletracking" displayName="Enable Tracking" parentSchemaName="adx_webpage" parentDisplayName="Web Page" solution="MicrosoftCrmPortalBase (8.2.0006)" />
        <Dependent key="5" type="60" displayName="Content Page" parentDisplayName="Web Page" id="{4c2b38f7-578b-4078-bcf6-703d932ebf3a}" />
      </MissingDependency>
      <MissingDependency>
        <Required key="22" type="2" schemaName="adx_masterwebpageid" displayName="Master Web Page" parentSchemaName="adx_webpage" parentDisplayName="Web Page" solution="MicrosoftCrmPortalBase (8.2.0006)" />
        <Dependent key="5" type="60" displayName="Content Page" parentDisplayName="Web Page" id="{4c2b38f7-578b-4078-bcf6-703d932ebf3a}" />
      </MissingDependency>
      <MissingDependency>
        <Required key="23" type="2" schemaName="adx_summary" displayName="Summary" parentSchemaName="adx_webpage" parentDisplayName="Web Page" solution="MicrosoftCrmPortalDependencies (8.1.0008)" />
        <Dependent key="5" type="60" displayName="Content Page" parentDisplayName="Web Page" id="{4c2b38f7-578b-4078-bcf6-703d932ebf3a}" />
      </MissingDependency>
      <MissingDependency>
        <Required key="24" type="2" schemaName="statecode" displayName="Status" parentSchemaName="adx_webpage" parentDisplayName="Web Page" solution="MicrosoftCrmPortalDependencies (8.1.0008)" />
        <Dependent key="5" type="60" displayName="Content Page" parentDisplayName="Web Page" id="{4c2b38f7-578b-4078-bcf6-703d932ebf3a}" />
      </MissingDependency>
      <MissingDependency>
        <Required key="25" type="2" schemaName="adx_hiddenfromsitemap" displayName="Hidden From Sitemap" parentSchemaName="adx_webpage" parentDisplayName="Web Page" solution="MicrosoftCrmPortalDependencies (8.1.0008)" />
        <Dependent key="5" type="60" displayName="Content Page" parentDisplayName="Web Page" id="{4c2b38f7-578b-4078-bcf6-703d932ebf3a}" />
      </MissingDependency>
      <MissingDependency>
        <Required key="26" type="2" schemaName="adx_websiteid" displayName="Website" parentSchemaName="adx_webpage" parentDisplayName="Web Page" solution="MicrosoftCrmPortalDependencies (8.1.0008)" />
        <Dependent key="5" type="60" displayName="Content Page" parentDisplayName="Web Page" id="{4c2b38f7-578b-4078-bcf6-703d932ebf3a}" />
      </MissingDependency>
      <MissingDependency>
        <Required key="23" type="2" schemaName="adx_summary" displayName="Summary" parentSchemaName="adx_webpage" parentDisplayName="Web Page" solution="MicrosoftCrmPortalDependencies (8.1.0008)" />
        <Dependent key="2" type="60" displayName="Information" parentDisplayName="Web Page" id="{007c799c-a87f-4471-b00b-bf7555a0f85d}" />
      </MissingDependency>
      <MissingDependency>
        <Required key="27" type="2" schemaName="ownerid" displayName="Owner" parentSchemaName="adx_webpage" parentDisplayName="Web Page" solution="Active" />
        <Dependent key="2" type="60" displayName="Information" parentDisplayName="Web Page" id="{007c799c-a87f-4471-b00b-bf7555a0f85d}" />
      </MissingDependency>
      <MissingDependency>
        <Required key="20" type="2" schemaName="adx_navigation" displayName="Navigation" parentSchemaName="adx_webpage" parentDisplayName="Web Page" solution="MicrosoftCrmPortalBase (8.2.0006)" />
        <Dependent key="2" type="60" displayName="Information" parentDisplayName="Web Page" id="{007c799c-a87f-4471-b00b-bf7555a0f85d}" />
      </MissingDependency>
      <MissingDependency>
        <Required key="28" type="2" schemaName="adx_subjectid" displayName="Subject" parentSchemaName="adx_webpage" parentDisplayName="Web Page" solution="MicrosoftCrmPortalDependencies (8.1.0008)" />
        <Dependent key="2" type="60" displayName="Information" parentDisplayName="Web Page" id="{007c799c-a87f-4471-b00b-bf7555a0f85d}" />
      </MissingDependency>
      <MissingDependency>
        <Required key="29" type="2" schemaName="adx_displayorder" displayName="Display Order" parentSchemaName="adx_webpage" parentDisplayName="Web Page" solution="MicrosoftCrmPortalDependencies (8.1.0008)" />
        <Dependent key="5" type="60" displayName="Content Page" parentDisplayName="Web Page" id="{4c2b38f7-578b-4078-bcf6-703d932ebf3a}" />
      </MissingDependency>
      <MissingDependency>
        <Required key="30" type="2" schemaName="adx_expirationdate" displayName="Expiration Date" parentSchemaName="adx_webpage" parentDisplayName="Web Page" solution="MicrosoftCrmPortalBase (8.2.0006)" />
        <Dependent key="5" type="60" displayName="Content Page" parentDisplayName="Web Page" id="{4c2b38f7-578b-4078-bcf6-703d932ebf3a}" />
      </MissingDependency>
      <MissingDependency>
        <Required key="31" type="2" schemaName="adx_meta_description" displayName="Description" parentSchemaName="adx_webpage" parentDisplayName="Web Page" solution="MicrosoftCrmPortalBase (8.2.0006)" />
        <Dependent key="5" type="60" displayName="Content Page" parentDisplayName="Web Page" id="{4c2b38f7-578b-4078-bcf6-703d932ebf3a}" />
      </MissingDependency>
      <MissingDependency>
        <Required key="28" type="2" schemaName="adx_subjectid" displayName="Subject" parentSchemaName="adx_webpage" parentDisplayName="Web Page" solution="MicrosoftCrmPortalDependencies (8.1.0008)" />
        <Dependent key="5" type="60" displayName="Content Page" parentDisplayName="Web Page" id="{4c2b38f7-578b-4078-bcf6-703d932ebf3a}" />
      </MissingDependency>
      <MissingDependency>
        <Required key="27" type="2" schemaName="ownerid" displayName="Owner" parentSchemaName="adx_webpage" parentDisplayName="Web Page" solution="Active" />
        <Dependent key="5" type="60" displayName="Content Page" parentDisplayName="Web Page" id="{4c2b38f7-578b-4078-bcf6-703d932ebf3a}" />
      </MissingDependency>
      <MissingDependency>
        <Required key="32" type="2" schemaName="adx_editorialcomments" displayName="Editorial Comments" parentSchemaName="adx_webpage" parentDisplayName="Web Page" solution="MicrosoftCrmPortalBase (8.2.0006)" />
        <Dependent key="5" type="60" displayName="Content Page" parentDisplayName="Web Page" id="{4c2b38f7-578b-4078-bcf6-703d932ebf3a}" />
      </MissingDependency>
      <MissingDependency>
        <Required key="33" type="2" schemaName="adx_category" displayName="Category" parentSchemaName="adx_webpage" parentDisplayName="Web Page" solution="MicrosoftCrmPortalDependencies (8.1.0008)" />
        <Dependent key="5" type="60" displayName="Content Page" parentDisplayName="Web Page" id="{4c2b38f7-578b-4078-bcf6-703d932ebf3a}" />
      </MissingDependency>
      <MissingDependency>
        <Required key="34" type="2" schemaName="adx_image" displayName="Image" parentSchemaName="adx_webpage" parentDisplayName="Web Page" solution="MicrosoftCrmPortalBase (8.2.0006)" />
        <Dependent key="5" type="60" displayName="Content Page" parentDisplayName="Web Page" id="{4c2b38f7-578b-4078-bcf6-703d932ebf3a}" />
      </MissingDependency>
      <MissingDependency>
        <Required key="35" type="2" schemaName="adx_customjavascript" displayName="Custom JavaScript" parentSchemaName="adx_webpage" parentDisplayName="Web Page" solution="MicrosoftCrmPortalBase (8.2.0006)" />
        <Dependent key="5" type="60" displayName="Content Page" parentDisplayName="Web Page" id="{4c2b38f7-578b-4078-bcf6-703d932ebf3a}" />
      </MissingDependency>
      <MissingDependency>
        <Required key="36" type="2" schemaName="adx_pagetemplateid" displayName="PageTemplate" parentSchemaName="adx_webpage" parentDisplayName="Web Page" solution="MicrosoftCrmPortalDependencies (8.1.0008)" />
        <Dependent key="5" type="60" displayName="Content Page" parentDisplayName="Web Page" id="{4c2b38f7-578b-4078-bcf6-703d932ebf3a}" />
      </MissingDependency>
      <MissingDependency>
        <Required key="25" type="2" schemaName="adx_hiddenfromsitemap" displayName="Hidden From Sitemap" parentSchemaName="adx_webpage" parentDisplayName="Web Page" solution="MicrosoftCrmPortalDependencies (8.1.0008)" />
        <Dependent key="2" type="60" displayName="Information" parentDisplayName="Web Page" id="{007c799c-a87f-4471-b00b-bf7555a0f85d}" />
      </MissingDependency>
      <MissingDependency>
        <Required key="33" type="2" schemaName="adx_category" displayName="Category" parentSchemaName="adx_webpage" parentDisplayName="Web Page" solution="MicrosoftCrmPortalDependencies (8.1.0008)" />
        <Dependent key="2" type="60" displayName="Information" parentDisplayName="Web Page" id="{007c799c-a87f-4471-b00b-bf7555a0f85d}" />
      </MissingDependency>
      <MissingDependency>
        <Required key="26" type="2" schemaName="adx_websiteid" displayName="Website" parentSchemaName="adx_webpage" parentDisplayName="Web Page" solution="MicrosoftCrmPortalDependencies (8.1.0008)" />
        <Dependent key="2" type="60" displayName="Information" parentDisplayName="Web Page" id="{007c799c-a87f-4471-b00b-bf7555a0f85d}" />
      </MissingDependency>
      <MissingDependency>
        <Required key="11" type="2" schemaName="adx_title" displayName="Title" parentSchemaName="adx_webpage" parentDisplayName="Web Page" solution="MicrosoftCrmPortalDependencies (8.1.0008)" />
        <Dependent key="2" type="60" displayName="Information" parentDisplayName="Web Page" id="{007c799c-a87f-4471-b00b-bf7555a0f85d}" />
      </MissingDependency>
      <MissingDependency>
        <Required key="22" type="2" schemaName="adx_masterwebpageid" displayName="Master Web Page" parentSchemaName="adx_webpage" parentDisplayName="Web Page" solution="MicrosoftCrmPortalBase (8.2.0006)" />
        <Dependent key="2" type="60" displayName="Information" parentDisplayName="Web Page" id="{007c799c-a87f-4471-b00b-bf7555a0f85d}" />
      </MissingDependency>
      <MissingDependency>
        <Required key="6" type="2" schemaName="adx_partialurl" displayName="Partial URL" parentSchemaName="adx_webpage" parentDisplayName="Web Page" solution="MicrosoftCrmPortalDependencies (8.1.0008)" />
        <Dependent key="2" type="60" displayName="Information" parentDisplayName="Web Page" id="{007c799c-a87f-4471-b00b-bf7555a0f85d}" />
      </MissingDependency>
      <MissingDependency>
        <Required key="15" type="2" schemaName="adx_imageurl" displayName="Image URL" parentSchemaName="adx_webpage" parentDisplayName="Web Page" solution="MicrosoftCrmPortalBase (8.2.0006)" />
        <Dependent key="2" type="60" displayName="Information" parentDisplayName="Web Page" id="{007c799c-a87f-4471-b00b-bf7555a0f85d}" />
      </MissingDependency>
      <MissingDependency>
        <Required key="32" type="2" schemaName="adx_editorialcomments" displayName="Editorial Comments" parentSchemaName="adx_webpage" parentDisplayName="Web Page" solution="MicrosoftCrmPortalBase (8.2.0006)" />
        <Dependent key="2" type="60" displayName="Information" parentDisplayName="Web Page" id="{007c799c-a87f-4471-b00b-bf7555a0f85d}" />
      </MissingDependency>
      <MissingDependency>
        <Required key="9" type="2" schemaName="adx_displaydate" displayName="Display Date" parentSchemaName="adx_webpage" parentDisplayName="Web Page" solution="MicrosoftCrmPortalDependencies (8.1.0008)" />
        <Dependent key="2" type="60" displayName="Information" parentDisplayName="Web Page" id="{007c799c-a87f-4471-b00b-bf7555a0f85d}" />
      </MissingDependency>
      <MissingDependency>
        <Required key="13" type="2" schemaName="adx_authorid" displayName="Author" parentSchemaName="adx_webpage" parentDisplayName="Web Page" solution="MicrosoftCrmPortalDependencies (8.1.0008)" />
        <Dependent key="2" type="60" displayName="Information" parentDisplayName="Web Page" id="{007c799c-a87f-4471-b00b-bf7555a0f85d}" />
      </MissingDependency>
      <MissingDependency>
        <Required key="8" type="2" schemaName="adx_name" displayName="Name" parentSchemaName="adx_webpage" parentDisplayName="Web Page" solution="MicrosoftCrmPortalDependencies (8.1.0008)" />
        <Dependent key="2" type="60" displayName="Information" parentDisplayName="Web Page" id="{007c799c-a87f-4471-b00b-bf7555a0f85d}" />
      </MissingDependency>
      <MissingDependency>
        <Required key="19" type="2" schemaName="adx_releasedate" displayName="Release Date" parentSchemaName="adx_webpage" parentDisplayName="Web Page" solution="MicrosoftCrmPortalBase (8.2.0006)" />
        <Dependent key="2" type="60" displayName="Information" parentDisplayName="Web Page" id="{007c799c-a87f-4471-b00b-bf7555a0f85d}" />
      </MissingDependency>
      <MissingDependency>
        <Required key="24" type="2" schemaName="statecode" displayName="Status" parentSchemaName="adx_webpage" parentDisplayName="Web Page" solution="MicrosoftCrmPortalDependencies (8.1.0008)" />
        <Dependent key="2" type="60" displayName="Information" parentDisplayName="Web Page" id="{007c799c-a87f-4471-b00b-bf7555a0f85d}" />
      </MissingDependency>
      <MissingDependency>
        <Required key="36" type="2" schemaName="adx_pagetemplateid" displayName="PageTemplate" parentSchemaName="adx_webpage" parentDisplayName="Web Page" solution="MicrosoftCrmPortalDependencies (8.1.0008)" />
        <Dependent key="2" type="60" displayName="Information" parentDisplayName="Web Page" id="{007c799c-a87f-4471-b00b-bf7555a0f85d}" />
      </MissingDependency>
      <MissingDependency>
        <Required key="18" type="2" schemaName="adx_customcss" displayName="Custom CSS" parentSchemaName="adx_webpage" parentDisplayName="Web Page" solution="MicrosoftCrmPortalBase (8.2.0006)" />
        <Dependent key="2" type="60" displayName="Information" parentDisplayName="Web Page" id="{007c799c-a87f-4471-b00b-bf7555a0f85d}" />
      </MissingDependency>
      <MissingDependency>
        <Required key="35" type="2" schemaName="adx_customjavascript" displayName="Custom JavaScript" parentSchemaName="adx_webpage" parentDisplayName="Web Page" solution="MicrosoftCrmPortalBase (8.2.0006)" />
        <Dependent key="2" type="60" displayName="Information" parentDisplayName="Web Page" id="{007c799c-a87f-4471-b00b-bf7555a0f85d}" />
      </MissingDependency>
      <MissingDependency>
        <Required key="29" type="2" schemaName="adx_displayorder" displayName="Display Order" parentSchemaName="adx_webpage" parentDisplayName="Web Page" solution="MicrosoftCrmPortalDependencies (8.1.0008)" />
        <Dependent key="2" type="60" displayName="Information" parentDisplayName="Web Page" id="{007c799c-a87f-4471-b00b-bf7555a0f85d}" />
      </MissingDependency>
      <MissingDependency>
        <Required key="30" type="2" schemaName="adx_expirationdate" displayName="Expiration Date" parentSchemaName="adx_webpage" parentDisplayName="Web Page" solution="MicrosoftCrmPortalBase (8.2.0006)" />
        <Dependent key="2" type="60" displayName="Information" parentDisplayName="Web Page" id="{007c799c-a87f-4471-b00b-bf7555a0f85d}" />
      </MissingDependency>
      <MissingDependency>
        <Required key="17" type="2" schemaName="adx_excludefromsearch" displayName="Exclude From Search" parentSchemaName="adx_webpage" parentDisplayName="Web Page" solution="MicrosoftCrmPortalBase (8.2.0006)" />
        <Dependent key="2" type="60" displayName="Information" parentDisplayName="Web Page" id="{007c799c-a87f-4471-b00b-bf7555a0f85d}" />
      </MissingDependency>
      <MissingDependency>
        <Required key="34" type="2" schemaName="adx_image" displayName="Image" parentSchemaName="adx_webpage" parentDisplayName="Web Page" solution="MicrosoftCrmPortalBase (8.2.0006)" />
        <Dependent key="2" type="60" displayName="Information" parentDisplayName="Web Page" id="{007c799c-a87f-4471-b00b-bf7555a0f85d}" />
      </MissingDependency>
      <MissingDependency>
        <Required key="21" type="2" schemaName="adx_enabletracking" displayName="Enable Tracking" parentSchemaName="adx_webpage" parentDisplayName="Web Page" solution="MicrosoftCrmPortalBase (8.2.0006)" />
        <Dependent key="2" type="60" displayName="Information" parentDisplayName="Web Page" id="{007c799c-a87f-4471-b00b-bf7555a0f85d}" />
      </MissingDependency>
      <MissingDependency>
        <Required key="14" type="2" schemaName="adx_parentpageid" displayName="Parent Page" parentSchemaName="adx_webpage" parentDisplayName="Web Page" solution="MicrosoftCrmPortalDependencies (8.1.0008)" />
        <Dependent key="2" type="60" displayName="Information" parentDisplayName="Web Page" id="{007c799c-a87f-4471-b00b-bf7555a0f85d}" />
      </MissingDependency>
      <MissingDependency>
        <Required key="16" type="2" schemaName="adx_publishingstateid" displayName="Publishing State" parentSchemaName="adx_webpage" parentDisplayName="Web Page" solution="MicrosoftCrmPortalBase (8.2.0006)" />
        <Dependent key="2" type="60" displayName="Information" parentDisplayName="Web Page" id="{007c799c-a87f-4471-b00b-bf7555a0f85d}" />
      </MissingDependency>
      <MissingDependency>
        <Required key="10" type="2" schemaName="adx_copy" displayName="Copy" parentSchemaName="adx_webpage" parentDisplayName="Web Page" solution="MicrosoftCrmPortalDependencies (8.1.0008)" />
        <Dependent key="2" type="60" displayName="Information" parentDisplayName="Web Page" id="{007c799c-a87f-4471-b00b-bf7555a0f85d}" />
      </MissingDependency>
      <MissingDependency>
        <Required key="31" type="2" schemaName="adx_meta_description" displayName="Description" parentSchemaName="adx_webpage" parentDisplayName="Web Page" solution="MicrosoftCrmPortalBase (8.2.0006)" />
        <Dependent key="2" type="60" displayName="Information" parentDisplayName="Web Page" id="{007c799c-a87f-4471-b00b-bf7555a0f85d}" />
      </MissingDependency>
      <MissingDependency>
        <Required key="37" type="10" schemaName="adx_webpage_webpage" displayName="adx_webpage_webpage" parentSchemaName="adx_webpage" parentDisplayName="Web Page" solution="MicrosoftCrmPortalDependencies (8.1.0008)" />
        <Dependent key="2" type="60" displayName="Information" parentDisplayName="Web Page" id="{007c799c-a87f-4471-b00b-bf7555a0f85d}" />
      </MissingDependency>
      <MissingDependency>
        <Required key="38" type="10" schemaName="adx_pagetemplate_webpage" displayName="adx_pagetemplate_webpage" parentSchemaName="adx_webpage" parentDisplayName="Web Page" solution="MicrosoftCrmPortalDependencies (8.1.0008)" />
        <Dependent key="2" type="60" displayName="Information" parentDisplayName="Web Page" id="{007c799c-a87f-4471-b00b-bf7555a0f85d}" />
      </MissingDependency>
      <MissingDependency>
        <Required key="39" type="10" schemaName="adx_website_publishingstate" displayName="adx_website_publishingstate" parentSchemaName="adx_publishingstate" parentDisplayName="Publishing State" solution="MicrosoftCrmPortalBase (8.2.0006)" />
        <Dependent key="2" type="60" displayName="Information" parentDisplayName="Web Page" id="{007c799c-a87f-4471-b00b-bf7555a0f85d}" />
      </MissingDependency>
      <MissingDependency>
        <Required key="40" type="10" schemaName="adx_webpage_webpageaccesscontrolrule" displayName="adx_webpage_webpageaccesscontrolrule" parentSchemaName="adx_webpageaccesscontrolrule" parentDisplayName="Web Page Access Control Rule" solution="MicrosoftCrmPortalBase (8.2.0006)" />
        <Dependent key="2" type="60" displayName="Information" parentDisplayName="Web Page" id="{007c799c-a87f-4471-b00b-bf7555a0f85d}" />
      </MissingDependency>
      <MissingDependency>
        <Required key="41" type="10" schemaName="adx_publishingstate_webpage" displayName="adx_publishingstate_webpage" parentSchemaName="adx_webpage" parentDisplayName="Web Page" solution="MicrosoftCrmPortalBase (8.2.0006)" />
        <Dependent key="2" type="60" displayName="Information" parentDisplayName="Web Page" id="{007c799c-a87f-4471-b00b-bf7555a0f85d}" />
      </MissingDependency>
      <MissingDependency>
        <Required key="42" type="10" schemaName="adx_webpage_navigation_weblinkset" displayName="adx_webpage_navigation_weblinkset" parentSchemaName="adx_webpage" parentDisplayName="Web Page" solution="MicrosoftCrmPortalBase (8.2.0006)" />
        <Dependent key="2" type="60" displayName="Information" parentDisplayName="Web Page" id="{007c799c-a87f-4471-b00b-bf7555a0f85d}" />
      </MissingDependency>
      <MissingDependency>
        <Required key="43" type="10" schemaName="adx_webpage_masterwebpage" displayName="adx_webpage_masterwebpage" parentSchemaName="adx_webpage" parentDisplayName="Web Page" solution="MicrosoftCrmPortalBase (8.2.0006)" />
        <Dependent key="2" type="60" displayName="Information" parentDisplayName="Web Page" id="{007c799c-a87f-4471-b00b-bf7555a0f85d}" />
      </MissingDependency>
      <MissingDependency>
        <Required key="44" type="10" schemaName="adx_website_webpage" displayName="adx_website_webpage" parentSchemaName="adx_webpage" parentDisplayName="Web Page" solution="MicrosoftCrmPortalDependencies (8.1.0008)" />
        <Dependent key="2" type="60" displayName="Information" parentDisplayName="Web Page" id="{007c799c-a87f-4471-b00b-bf7555a0f85d}" />
      </MissingDependency>
      <MissingDependency>
        <Required key="45" type="10" schemaName="adx_website_pagetemplate" displayName="adx_website_pagetemplate" parentSchemaName="adx_pagetemplate" parentDisplayName="Page Template" solution="MicrosoftCrmPortalDependencies (8.1.0008)" />
        <Dependent key="2" type="60" displayName="Information" parentDisplayName="Web Page" id="{007c799c-a87f-4471-b00b-bf7555a0f85d}" />
      </MissingDependency>
      <MissingDependency>
        <Required key="41" type="10" schemaName="adx_publishingstate_webpage" displayName="adx_publishingstate_webpage" parentSchemaName="adx_webpage" parentDisplayName="Web Page" solution="MicrosoftCrmPortalBase (8.2.0006)" />
        <Dependent key="5" type="60" displayName="Content Page" parentDisplayName="Web Page" id="{4c2b38f7-578b-4078-bcf6-703d932ebf3a}" />
      </MissingDependency>
      <MissingDependency>
        <Required key="46" type="10" schemaName="adx_adx_website_adx_websitelanguage" displayName="adx_adx_website_adx_websitelanguage" parentSchemaName="adx_websitelanguage" parentDisplayName="Website Language" solution="MicrosoftCrmPortalBase (8.2.0006)" />
        <Dependent key="5" type="60" displayName="Content Page" parentDisplayName="Web Page" id="{4c2b38f7-578b-4078-bcf6-703d932ebf3a}" />
      </MissingDependency>
      <MissingDependency>
        <Required key="37" type="10" schemaName="adx_webpage_webpage" displayName="adx_webpage_webpage" parentSchemaName="adx_webpage" parentDisplayName="Web Page" solution="MicrosoftCrmPortalDependencies (8.1.0008)" />
        <Dependent key="5" type="60" displayName="Content Page" parentDisplayName="Web Page" id="{4c2b38f7-578b-4078-bcf6-703d932ebf3a}" />
      </MissingDependency>
      <MissingDependency>
        <Required key="47" type="10" schemaName="adx_webfile_webpage_image" displayName="adx_webfile_webpage_image" parentSchemaName="adx_webpage" parentDisplayName="Web Page" solution="MicrosoftCrmPortalBase (8.2.0006)" />
        <Dependent key="2" type="60" displayName="Information" parentDisplayName="Web Page" id="{007c799c-a87f-4471-b00b-bf7555a0f85d}" />
      </MissingDependency>
      <MissingDependency>
        <Required key="48" type="10" schemaName="adx_websitelanguage_webpage_webpagelanguageid" displayName="adx_websitelanguage_webpage_webpagelanguageid" parentSchemaName="adx_webpage" parentDisplayName="Web Page" solution="MicrosoftCrmPortalBase (8.2.0006)" />
        <Dependent key="5" type="60" displayName="Content Page" parentDisplayName="Web Page" id="{4c2b38f7-578b-4078-bcf6-703d932ebf3a}" />
      </MissingDependency>
      <MissingDependency>
        <Required key="49" type="10" schemaName="adx_webpage_webfile" displayName="adx_webpage_webfile" parentSchemaName="adx_webfile" parentDisplayName="Web File" solution="MicrosoftCrmPortalDependencies (8.1.0008)" />
        <Dependent key="2" type="60" displayName="Information" parentDisplayName="Web Page" id="{007c799c-a87f-4471-b00b-bf7555a0f85d}" />
      </MissingDependency>
      <MissingDependency>
        <Required key="50" type="10" schemaName="adx_subject_webpage" displayName="adx_subject_webpage" parentSchemaName="adx_webpage" parentDisplayName="Web Page" solution="MicrosoftCrmPortalDependencies (8.1.0008)" />
        <Dependent key="2" type="60" displayName="Information" parentDisplayName="Web Page" id="{007c799c-a87f-4471-b00b-bf7555a0f85d}" />
      </MissingDependency>
      <MissingDependency>
        <Required key="51" type="10" schemaName="adx_contact_webpage" displayName="adx_contact_webpage" parentSchemaName="adx_webpage" parentDisplayName="Web Page" solution="MicrosoftCrmPortalDependencies (8.1.0008)" />
        <Dependent key="2" type="60" displayName="Information" parentDisplayName="Web Page" id="{007c799c-a87f-4471-b00b-bf7555a0f85d}" />
      </MissingDependency>
      <MissingDependency>
        <Required key="47" type="10" schemaName="adx_webfile_webpage_image" displayName="adx_webfile_webpage_image" parentSchemaName="adx_webpage" parentDisplayName="Web Page" solution="MicrosoftCrmPortalBase (8.2.0006)" />
        <Dependent key="5" type="60" displayName="Content Page" parentDisplayName="Web Page" id="{4c2b38f7-578b-4078-bcf6-703d932ebf3a}" />
      </MissingDependency>
      <MissingDependency>
        <Required key="42" type="10" schemaName="adx_webpage_navigation_weblinkset" displayName="adx_webpage_navigation_weblinkset" parentSchemaName="adx_webpage" parentDisplayName="Web Page" solution="MicrosoftCrmPortalBase (8.2.0006)" />
        <Dependent key="5" type="60" displayName="Content Page" parentDisplayName="Web Page" id="{4c2b38f7-578b-4078-bcf6-703d932ebf3a}" />
      </MissingDependency>
      <MissingDependency>
        <Required key="44" type="10" schemaName="adx_website_webpage" displayName="adx_website_webpage" parentSchemaName="adx_webpage" parentDisplayName="Web Page" solution="MicrosoftCrmPortalDependencies (8.1.0008)" />
        <Dependent key="5" type="60" displayName="Content Page" parentDisplayName="Web Page" id="{4c2b38f7-578b-4078-bcf6-703d932ebf3a}" />
      </MissingDependency>
      <MissingDependency>
        <Required key="51" type="10" schemaName="adx_contact_webpage" displayName="adx_contact_webpage" parentSchemaName="adx_webpage" parentDisplayName="Web Page" solution="MicrosoftCrmPortalDependencies (8.1.0008)" />
        <Dependent key="5" type="60" displayName="Content Page" parentDisplayName="Web Page" id="{4c2b38f7-578b-4078-bcf6-703d932ebf3a}" />
      </MissingDependency>
      <MissingDependency>
        <Required key="38" type="10" schemaName="adx_pagetemplate_webpage" displayName="adx_pagetemplate_webpage" parentSchemaName="adx_webpage" parentDisplayName="Web Page" solution="MicrosoftCrmPortalDependencies (8.1.0008)" />
        <Dependent key="5" type="60" displayName="Content Page" parentDisplayName="Web Page" id="{4c2b38f7-578b-4078-bcf6-703d932ebf3a}" />
      </MissingDependency>
      <MissingDependency>
        <Required key="39" type="10" schemaName="adx_website_publishingstate" displayName="adx_website_publishingstate" parentSchemaName="adx_publishingstate" parentDisplayName="Publishing State" solution="MicrosoftCrmPortalBase (8.2.0006)" />
        <Dependent key="5" type="60" displayName="Content Page" parentDisplayName="Web Page" id="{4c2b38f7-578b-4078-bcf6-703d932ebf3a}" />
      </MissingDependency>
      <MissingDependency>
        <Required key="52" type="10" schemaName="adx_webpage_webpage_rootwebpageid" displayName="adx_webpage_webpage_rootwebpageid" parentSchemaName="adx_webpage" parentDisplayName="Web Page" solution="MicrosoftCrmPortalBase (8.2.0006)" />
        <Dependent key="5" type="60" displayName="Content Page" parentDisplayName="Web Page" id="{4c2b38f7-578b-4078-bcf6-703d932ebf3a}" />
      </MissingDependency>
      <MissingDependency>
        <Required key="43" type="10" schemaName="adx_webpage_masterwebpage" displayName="adx_webpage_masterwebpage" parentSchemaName="adx_webpage" parentDisplayName="Web Page" solution="MicrosoftCrmPortalBase (8.2.0006)" />
        <Dependent key="5" type="60" displayName="Content Page" parentDisplayName="Web Page" id="{4c2b38f7-578b-4078-bcf6-703d932ebf3a}" />
      </MissingDependency>
      <MissingDependency>
        <Required key="45" type="10" schemaName="adx_website_pagetemplate" displayName="adx_website_pagetemplate" parentSchemaName="adx_pagetemplate" parentDisplayName="Page Template" solution="MicrosoftCrmPortalDependencies (8.1.0008)" />
        <Dependent key="5" type="60" displayName="Content Page" parentDisplayName="Web Page" id="{4c2b38f7-578b-4078-bcf6-703d932ebf3a}" />
      </MissingDependency>
      <MissingDependency>
        <Required key="50" type="10" schemaName="adx_subject_webpage" displayName="adx_subject_webpage" parentSchemaName="adx_webpage" parentDisplayName="Web Page" solution="MicrosoftCrmPortalDependencies (8.1.0008)" />
        <Dependent key="5" type="60" displayName="Content Page" parentDisplayName="Web Page" id="{4c2b38f7-578b-4078-bcf6-703d932ebf3a}" />
      </MissingDependency>
      <MissingDependency>
        <Required key="53" type="26" schemaName="Active WebPages" displayName="Active WebPages" parentSchemaName="adx_webpage" parentDisplayName="Web Page" solution="MicrosoftCrmPortalDependencies (8.1.0008)" id="{ebc6fc95-4c19-44e0-8ba5-cb188ddf8a14}" />
        <Dependent key="2" type="60" displayName="Information" parentDisplayName="Web Page" id="{007c799c-a87f-4471-b00b-bf7555a0f85d}" />
      </MissingDependency>
      <MissingDependency>
        <Required key="54" type="26" schemaName="Web File Lookup View" displayName="Web File Lookup View" parentSchemaName="adx_webfile" parentDisplayName="Web File" solution="MicrosoftCrmPortalDependencies (8.1.0008)" id="{284bcd7a-a506-4f40-a709-1a4384af1f02}" />
        <Dependent key="2" type="60" displayName="Information" parentDisplayName="Web Page" id="{007c799c-a87f-4471-b00b-bf7555a0f85d}" />
      </MissingDependency>
      <MissingDependency>
        <Required key="55" type="26" schemaName="Publishing State Lookup View" displayName="Publishing State Lookup View" parentSchemaName="adx_publishingstate" parentDisplayName="Publishing State" solution="MicrosoftCrmPortalBase (8.2.0006)" id="{c0fc9644-2a90-43cb-93ba-7e06dd4b9641}" />
        <Dependent key="2" type="60" displayName="Information" parentDisplayName="Web Page" id="{007c799c-a87f-4471-b00b-bf7555a0f85d}" />
      </MissingDependency>
      <MissingDependency>
        <Required key="57" type="26" schemaName="Inactive WebPages" displayName="Inactive WebPages" parentSchemaName="adx_webpage" parentDisplayName="Web Page" solution="MicrosoftCrmPortalDependencies (8.1.0008)" id="{aab2f4bb-7813-46b2-9891-4c050325962b}" />
        <Dependent key="2" type="60" displayName="Information" parentDisplayName="Web Page" id="{007c799c-a87f-4471-b00b-bf7555a0f85d}" />
      </MissingDependency>
      <MissingDependency>
        <Required key="58" type="26" schemaName="Active Web Page Access Control Rules" displayName="Active Web Page Access Control Rules" parentSchemaName="adx_webpageaccesscontrolrule" parentDisplayName="Web Page Access Control Rule" solution="MicrosoftCrmPortalBase (8.2.0006)" id="{6563c717-a829-4b71-94de-a27dc5a4aaf4}" />
        <Dependent key="2" type="60" displayName="Information" parentDisplayName="Web Page" id="{007c799c-a87f-4471-b00b-bf7555a0f85d}" />
      </MissingDependency>
      <MissingDependency>
        <Required key="59" type="26" schemaName="Web Page Lookup View" displayName="Web Page Lookup View" parentSchemaName="adx_webpage" parentDisplayName="Web Page" solution="MicrosoftCrmPortalDependencies (8.1.0008)" id="{d40f1c4b-2b80-4d7d-8ed1-d5817562ab54}" />
        <Dependent key="2" type="60" displayName="Information" parentDisplayName="Web Page" id="{007c799c-a87f-4471-b00b-bf7555a0f85d}" />
      </MissingDependency>
      <MissingDependency>
        <Required key="54" type="26" schemaName="Web File Lookup View" displayName="Web File Lookup View" parentSchemaName="adx_webfile" parentDisplayName="Web File" solution="MicrosoftCrmPortalDependencies (8.1.0008)" id="{284bcd7a-a506-4f40-a709-1a4384af1f02}" />
        <Dependent key="5" type="60" displayName="Content Page" parentDisplayName="Web Page" id="{4c2b38f7-578b-4078-bcf6-703d932ebf3a}" />
      </MissingDependency>
      <MissingDependency>
        <Required key="60" type="26" schemaName="Root Web Pages" displayName="Root Web Pages" parentSchemaName="adx_webpage" parentDisplayName="Web Page" solution="MicrosoftCrmPortalDependencies (8.1.0008)" id="{de9079ab-17e2-df11-8658-00155d036405}" />
        <Dependent key="5" type="60" displayName="Content Page" parentDisplayName="Web Page" id="{4c2b38f7-578b-4078-bcf6-703d932ebf3a}" />
      </MissingDependency>
      <MissingDependency>
        <Required key="61" type="26" schemaName="Website Language Lookup View" displayName="Website Language Lookup View" parentSchemaName="adx_websitelanguage" parentDisplayName="Website Language" solution="MicrosoftCrmPortalBase (8.2.0006)" id="{8f1824b8-9500-448e-9377-ab993254bb9a}" />
        <Dependent key="5" type="60" displayName="Content Page" parentDisplayName="Web Page" id="{4c2b38f7-578b-4078-bcf6-703d932ebf3a}" />
      </MissingDependency>
      <MissingDependency>
        <Required key="62" type="26" schemaName="Website Lookup View" displayName="Website Lookup View" parentSchemaName="adx_website" parentDisplayName="Website" solution="MicrosoftCrmPortalDependencies (8.1.0008)" id="{52f03978-5c2c-426f-a5cf-7b76b8a043db}" />
        <Dependent key="5" type="60" displayName="Content Page" parentDisplayName="Web Page" id="{4c2b38f7-578b-4078-bcf6-703d932ebf3a}" />
      </MissingDependency>
      <MissingDependency>
        <Required key="63" type="26" schemaName="Active Web Page Page Templates" displayName="Active Web Page Page Templates" parentSchemaName="adx_pagetemplate" parentDisplayName="Page Template" solution="MicrosoftCrmPortalBase (8.2.0006)" id="{602b2791-3782-e411-943a-00155d038602}" />
        <Dependent key="5" type="60" displayName="Content Page" parentDisplayName="Web Page" id="{4c2b38f7-578b-4078-bcf6-703d932ebf3a}" />
      </MissingDependency>
      <MissingDependency>
        <Required key="57" type="26" schemaName="Inactive WebPages" displayName="Inactive WebPages" parentSchemaName="adx_webpage" parentDisplayName="Web Page" solution="MicrosoftCrmPortalDependencies (8.1.0008)" id="{aab2f4bb-7813-46b2-9891-4c050325962b}" />
        <Dependent key="5" type="60" displayName="Content Page" parentDisplayName="Web Page" id="{4c2b38f7-578b-4078-bcf6-703d932ebf3a}" />
      </MissingDependency>
      <MissingDependency>
        <Required key="59" type="26" schemaName="Web Page Lookup View" displayName="Web Page Lookup View" parentSchemaName="adx_webpage" parentDisplayName="Web Page" solution="MicrosoftCrmPortalDependencies (8.1.0008)" id="{d40f1c4b-2b80-4d7d-8ed1-d5817562ab54}" />
        <Dependent key="5" type="60" displayName="Content Page" parentDisplayName="Web Page" id="{4c2b38f7-578b-4078-bcf6-703d932ebf3a}" />
      </MissingDependency>
      <MissingDependency>
        <Required key="64" type="26" schemaName="Localized Content" displayName="Localized Content" parentSchemaName="adx_webpage" parentDisplayName="Web Page" solution="MicrosoftCrmPortalBase (8.2.0006)" id="{4d5b1fe1-a25f-e611-80d9-00155d540c06}" />
        <Dependent key="5" type="60" displayName="Content Page" parentDisplayName="Web Page" id="{4c2b38f7-578b-4078-bcf6-703d932ebf3a}" />
      </MissingDependency>
      <MissingDependency>
        <Required key="53" type="26" schemaName="Active WebPages" displayName="Active WebPages" parentSchemaName="adx_webpage" parentDisplayName="Web Page" solution="MicrosoftCrmPortalDependencies (8.1.0008)" id="{ebc6fc95-4c19-44e0-8ba5-cb188ddf8a14}" />
        <Dependent key="5" type="60" displayName="Content Page" parentDisplayName="Web Page" id="{4c2b38f7-578b-4078-bcf6-703d932ebf3a}" />
      </MissingDependency>
      <MissingDependency>
        <Required key="63" type="26" schemaName="Active Web Page Page Templates" displayName="Active Web Page Page Templates" parentSchemaName="adx_pagetemplate" parentDisplayName="Page Template" solution="MicrosoftCrmPortalBase (8.2.0006)" id="{602b2791-3782-e411-943a-00155d038602}" />
        <Dependent key="2" type="60" displayName="Information" parentDisplayName="Web Page" id="{007c799c-a87f-4471-b00b-bf7555a0f85d}" />
      </MissingDependency>
      <MissingDependency>
        <Required key="65" type="26" schemaName="Active Web Files" displayName="Active Web Files" parentSchemaName="adx_webfile" parentDisplayName="Web File" solution="MicrosoftCrmPortalDependencies (8.1.0008)" id="{031f8184-11b6-44ee-8fad-3d968385580c}" />
        <Dependent key="2" type="60" displayName="Information" parentDisplayName="Web Page" id="{007c799c-a87f-4471-b00b-bf7555a0f85d}" />
      </MissingDependency>
      <MissingDependency>
        <Required key="60" type="26" schemaName="Root Web Pages" displayName="Root Web Pages" parentSchemaName="adx_webpage" parentDisplayName="Web Page" solution="MicrosoftCrmPortalDependencies (8.1.0008)" id="{de9079ab-17e2-df11-8658-00155d036405}" />
        <Dependent key="2" type="60" displayName="Information" parentDisplayName="Web Page" id="{007c799c-a87f-4471-b00b-bf7555a0f85d}" />
      </MissingDependency>
      <MissingDependency>
        <Required key="55" type="26" schemaName="Publishing State Lookup View" displayName="Publishing State Lookup View" parentSchemaName="adx_publishingstate" parentDisplayName="Publishing State" solution="MicrosoftCrmPortalBase (8.2.0006)" id="{c0fc9644-2a90-43cb-93ba-7e06dd4b9641}" />
        <Dependent key="5" type="60" displayName="Content Page" parentDisplayName="Web Page" id="{4c2b38f7-578b-4078-bcf6-703d932ebf3a}" />
      </MissingDependency>
      <MissingDependency>
        <Required key="2" type="60" displayName="Information" parentDisplayName="Web Page" solution="MicrosoftCrmPortalDependencies (8.1.0008)" id="{007c799c-a87f-4471-b00b-bf7555a0f85d}" />
        <Dependent key="2" type="60" displayName="Information" parentDisplayName="Web Page" id="{007c799c-a87f-4471-b00b-bf7555a0f85d}" />
      </MissingDependency>
      <MissingDependency>
        <Required key="66" type="61" schemaName="adx_ckeditor/adx.ckeditor.html" displayName="adx_ckeditor/adx.ckeditor.html" solution="MicrosoftCrmPortalBase (8.2.0006)" />
        <Dependent key="2" type="60" displayName="Information" parentDisplayName="Web Page" id="{007c799c-a87f-4471-b00b-bf7555a0f85d}" />
      </MissingDependency>
      <MissingDependency>
        <Required key="67" type="61" schemaName="adx_ace/ace_js.html" displayName="adx_ace/ace_js.html" solution="MicrosoftCrmPortalBase (8.2.0006)" />
        <Dependent key="2" type="60" displayName="Information" parentDisplayName="Web Page" id="{007c799c-a87f-4471-b00b-bf7555a0f85d}" />
      </MissingDependency>
      <MissingDependency>
        <Required key="66" type="61" schemaName="adx_ckeditor/adx.ckeditor.html" displayName="adx_ckeditor/adx.ckeditor.html" solution="MicrosoftCrmPortalBase (8.2.0006)" />
        <Dependent key="5" type="60" displayName="Content Page" parentDisplayName="Web Page" id="{4c2b38f7-578b-4078-bcf6-703d932ebf3a}" />
      </MissingDependency>
      <MissingDependency>
        <Required key="68" type="61" schemaName="adx_multilanguage/adx.webpage.content.js" displayName="adx_multilanguage/adx.webpage.content.js" solution="MicrosoftCrmPortalBase (8.2.0006)" />
        <Dependent key="5" type="60" displayName="Content Page" parentDisplayName="Web Page" id="{4c2b38f7-578b-4078-bcf6-703d932ebf3a}" />
      </MissingDependency>
      <MissingDependency>
        <Required key="69" type="61" schemaName="adx_ace/ace_css.html" displayName="adx_ace/ace_css.html" solution="MicrosoftCrmPortalBase (8.2.0006)" />
        <Dependent key="2" type="60" displayName="Information" parentDisplayName="Web Page" id="{007c799c-a87f-4471-b00b-bf7555a0f85d}" />
      </MissingDependency>
      <MissingDependency>
        <Required key="70" type="61" schemaName="msa_adx_webpage_medium" displayName="msa_adx_webpage_medium" solution="MicrosoftCrmPortalDependencies (8.1.0008)" />
        <Dependent key="0" type="1" schemaName="adx_webpage" displayName="Web Page" />
      </MissingDependency>
      <MissingDependency>
        <Required key="71" type="61" schemaName="msa_adx_webpage_small" displayName="msa_adx_webpage_small" solution="MicrosoftCrmPortalDependencies (8.1.0008)" />
        <Dependent key="0" type="1" schemaName="adx_webpage" displayName="Web Page" />
      </MissingDependency>
      <MissingDependency>
        <Required key="67" type="61" schemaName="adx_ace/ace_js.html" displayName="adx_ace/ace_js.html" solution="MicrosoftCrmPortalBase (8.2.0006)" />
        <Dependent key="5" type="60" displayName="Content Page" parentDisplayName="Web Page" id="{4c2b38f7-578b-4078-bcf6-703d932ebf3a}" />
      </MissingDependency>
      <MissingDependency>
        <Required key="69" type="61" schemaName="adx_ace/ace_css.html" displayName="adx_ace/ace_css.html" solution="MicrosoftCrmPortalBase (8.2.0006)" />
        <Dependent key="5" type="60" displayName="Content Page" parentDisplayName="Web Page" id="{4c2b38f7-578b-4078-bcf6-703d932ebf3a}" />
      </MissingDependency>
    </MissingDependencies>
  </SolutionManifest>
</ImportExportXml>