﻿<?xml version="1.0" encoding="utf-8"?>
<ImportExportXml version="8.1.0000.0079" SolutionPackageVersion="8.1" languagecode="1033" generatedBy="OnPremise" xmlns:xsi="http://www.w3.org/2001/XMLSchema-instance">
  <SolutionManifest>
    <UniqueName>CommunityPortal</UniqueName>
    <LocalizedNames>
      <LocalizedName description="Dynamics 365 Portals - Community Portal" languagecode="1033" />
      <LocalizedName description="Портали на Dynamics 365 – Портал на общността" languagecode="1026" />
      <LocalizedName description="Portals del Dynamics 365: portal de la comunitat" languagecode="1027" />
      <LocalizedName description="Portály Dynamics 365 – Komunitní portál" languagecode="1029" />
      <LocalizedName description="Dynamics 365-portaler - Communityportal" languagecode="1030" />
      <LocalizedName description="Dynamics 365-Portale – Community-Portal" languagecode="1031" />
      <LocalizedName description="Πύλες Dynamics 365 - Πύλη κοινότητας" languagecode="1032" />
      <LocalizedName description="Portales de Dynamics 365: portal de la comunidad" languagecode="3082" />
      <LocalizedName description="Dynamics 365 portaalid – kogukonnaportaal" languagecode="1061" />
      <LocalizedName description="Dynamics 365 Atariak: komunitatearen ataria" languagecode="1069" />
      <LocalizedName description="Dynamics 365 -portaalit – yhteisöportaali" languagecode="1035" />
      <LocalizedName description="Portails Dynamics 365 - Portail communautaire" languagecode="1036" />
      <LocalizedName description="Portais de Dynamics 365: Portal da comunidade" languagecode="1110" />
      <LocalizedName description="Dynamics 365 पोर्टल - समुदाय पोर्टल" languagecode="1081" />
      <LocalizedName description="Portali sustava Dynamics 365 – Portal zajednice" languagecode="1050" />
      <LocalizedName description="Dynamics 365 portálok – közösségi portál" languagecode="1038" />
      <LocalizedName description="Portal Dynamics 365 - Portal Komunitas" languagecode="1057" />
      <LocalizedName description="Portali di Dynamics 365 - Portale della community" languagecode="1040" />
      <LocalizedName description="Dynamics 365 ポータル - コミュニティ ポータル" languagecode="1041" />
      <LocalizedName description="Dynamics 365 порталдары - Қауымдастық порталы" languagecode="1087" />
      <LocalizedName description="Dynamics 365 포털 - 커뮤니티 포털" languagecode="1042" />
      <LocalizedName description="„Dynamics 365” portalai – bendruomenės portalas" languagecode="1063" />
      <LocalizedName description="Dynamics 365 portāli — Kopienas portāls" languagecode="1062" />
      <LocalizedName description="Portal Dynamics 365 - Portal Komuniti" languagecode="1086" />
      <LocalizedName description="Dynamics 365-portaler – fellesskapsportal" languagecode="1044" />
      <LocalizedName description="Dynamics 365-portals - Communityportal" languagecode="1043" />
      <LocalizedName description="Portale usługi Dynamics 365 — portal społeczności" languagecode="1045" />
      <LocalizedName description="Portais do Dynamics 365 - Portal da Comunidade" languagecode="1046" />
      <LocalizedName description="Dynamics 365 Portais - Portal da Comunidade" languagecode="2070" />
      <LocalizedName description="Portaluri Dynamics 365 - Portal de comunitate" languagecode="1048" />
      <LocalizedName description="Порталы Dynamics 365 — портал сообществ" languagecode="1049" />
      <LocalizedName description="Portály systému Dynamics 365 – portál komunity" languagecode="1051" />
      <LocalizedName description="Portali storitve Dynamics 365 – portal skupnosti" languagecode="1060" />
      <LocalizedName description="Dynamics 365 портали – Портал заједнице" languagecode="3098" />
      <LocalizedName description="Dynamics 365 портали – Портал заједнице" languagecode="10266" />
      <LocalizedName description="Dynamics 365 portali – Portal zajednice" languagecode="2074" />
      <LocalizedName description="Dynamics 365 portali – Portal zajednice" languagecode="9242" />
      <LocalizedName description="Dynamics 365-portaler – communityportal" languagecode="1053" />
      <LocalizedName description="พอร์ทัล Dynamics 365 - พอร์ทัลชุมชน" languagecode="1054" />
      <LocalizedName description="Dynamics 365 Portalları - Topluluk Portalı" languagecode="1055" />
      <LocalizedName description="Портали Dynamics 365 – портал спільноти" languagecode="1058" />
      <LocalizedName description="Cổng thông tin Dynamics 365 - Cổng thông tin Cộng đồng" languagecode="1066" />
      <LocalizedName description="Dynamics 365 门户 - 社区门户" languagecode="2052" />
      <LocalizedName description="Dynamics 365 入口網站 - 社群入口網站" languagecode="3076" />
      <LocalizedName description="Dynamics 365 入口網站 - 社群入口網站" languagecode="1028" />
    </LocalizedNames>
    <Descriptions>
      <Description description="A community portal leverages peer-to-peer interactions between customers and experts to organically grow the catalog of available knowledge from knowledge base articles, forums and blogs as well as providing feedback through comments and ratings." languagecode="1033" />
      <Description description="Порталът на общността използва взаимодействия между клиенти и експерти с равноправен достъп, за да се развие по естествен начин каталогът с наличното знание от статиите в базата знания, форумите и блоговете, както и да се предоставя обратна връзка чрез коментари и оценки." languagecode="1026" />
      <Description description="Un portal de la comunitat aprofita les interaccions d'igual a igual entre els clients i els experts per fer créixer orgànicament el catàleg de coneixements disponibles a partir dels articles de la Knowledge Base, els fòrums i els blocs, a més de proporcionar observacions per mitjà de comentaris i valoracions." languagecode="1027" />
      <Description description="Komunitní portál umožňuje na základě přímých interakcí mezi zákazníky a odborníky přirozeně rozšiřovat katalog dostupných znalostí v článcích znalostní báze, fórech a blozích a také poskytuje zpětnou vazbu prostřednictvím komentářů a hodnocení." languagecode="1029" />
      <Description description="En communityportal bruger peer-to-peer-interaktioner mellem kunder og eksperter til organisk at forøge kataloget over tilgængelig viden fra vidensbaseartikler, forummer og blogs samt til at give feedback gennem kommentarer og bedømmelser." languagecode="1030" />
      <Description description="Ein Community-Portal nutzt die Peer-to-Peer-Interaktionen zwischen Kunden und Experten, um den Katalog des verfügbaren Wissens aus Wissensdatenbankartikeln, Foren und Blogs organisch zu vergrößern und über Kommentare und Bewertungen Feedback zu geben." languagecode="1031" />
      <Description description="Μια πύλη κοινότητας αξιοποιεί τις ομότιμες αλληλεπιδράσεις ανάμεσα σε πελάτες και ειδικούς, για να αυξήσει οργανικά τον κατάλογο διαθέσιμων γνώσεων από άρθρα γνωσιακής βάσης, φόρουμ και ιστολόγια, καθώς και για να παρέχει σχόλια μέσω σχολιασμών και αξιολογήσεων." languagecode="1032" />
      <Description description="Un portal de la comunidad aprovecha las interacciones entre iguales entre los clientes y los expertos para hacer crecer orgánicamente el catálogo de conocimientos disponibles a partir de los artículos de Knowledge Base, foros y blogs, además de proporcionar observaciones mediante comentarios y valoraciones." languagecode="3082" />
      <Description description="Kogukonnaportaal kasutab ära klientide ja ekspertide vahel võrdõigusvõrgus toimuvat interaktsiooni, et suurendada orgaaniliselt teabebaasi artiklitest, foorumitest ja ajaveebidest ning kommentaaride ja hinnangute kaudu antud tagasisidest pärit saadaoleva teabe kataloogi." languagecode="1061" />
      <Description description="Komunitatearen atariek bezeroen eta adituen arteko zuzeneko hartu-emanak baliatzen dituzte jakintza-baseko artikuluetatik, foroetatik, blogetatik eta iruzkin eta balorazioetan emandako oharretatik erabilgarri dagoen jakintza-edukiaren katalogoa zabaltzeko." languagecode="1069" />
      <Description description="Yhteisöportaali hyödyntää asiakkaiden ja asiantuntijoiden välisiä vertaisyhteydenottoja kasvattaakseen saatavana olevan tiedon luetteloa tietokanta-artikkeleiden, keskustelupalstojen ja blogien avulla sekä antaakseen palautetta arviointi- ja kommentointiominaisuuksien avulla." languagecode="1035" />
      <Description description="Un portail communautaire exploite des interactions poste-à-poste entre des clients et des experts pour alimenter le catalogue des connaissances disponible à partir des articles de base de connaissances, des forums et des blogs, et fournit un feedback via des commentaires et des évaluations." languagecode="1036" />
      <Description description="Un portal da comunidade aproveita as interaccións entre iguais dos clientes e dos expertos para aumentar organicamente o catálogo de coñecementos dispoñibles a partir dos artigos de base de coñecemento, dos foros e dos blogs, ademais de fornecer observacións mediante comentarios e valoracións." languagecode="1110" />
      <Description description="एक समुदाय पोर्टल नॉलेज बेस आलेखों, फ़ोरम और ब्लॉग से उपलब्ध ज्ञान के कैटेलॉग को संघटित रूप से विकसित करने और साथ ही साथ टिप्पणियों और रेटिंग के माध्यम से प्रतिक्रिया प्रदान करने के लिए ग्राहकों और विशेषज्ञों के बीच समकक्ष सहभागिताओं से लाभ उठाता है." languagecode="1081" />
      <Description description="Portal zajednice koristi ravnopravnu interakciju između klijenata i stručnjaka radi organskog povećavanja katalog dostupnog znanja iz članaka iz baze znanja, s foruma i blogova, kao i pružanja povratnih informacija putem komentara i ocjena." languagecode="1050" />
      <Description description="A közösségi portálok az ügyfelek és a szakemberek közötti egyenrangú interakciókat használják fel arra, hogy organikusan bővítsék a tudásbáziscikkekből, fórumokból és blogokból származó meglévő tudás katalógusát, valamint hozzászólásokon és értékeléseken keresztül visszajelzést szolgáltassanak." languagecode="1038" />
      <Description description="Portal komunitas memanfaatkan interaksi peer-to-peer antara pelanggan dan pakar untuk secara organik mengembangkan katalog pengetahuan yang tersedia dari artikel basis pengetahuan, forum, dan blog, serta memberikan tanggapan melalui komentar dan peringkat." languagecode="1057" />
      <Description description="Un portale della community utilizza le interazioni peer-to-peer tra i clienti e gli esperti per far crescere organicamente il catalogo delle informazioni disponibili degli articoli della Knowledge Base, forum e blog, oltre a fornire un feedback con commenti e valutazioni." languagecode="1040" />
      <Description description="コミュニティ ポータルでは、顧客とエキスパートの間でのピアツーピアの活発なやり取りを促し、サポート情報の記事、フォーラム、ブログから入手できる技術情報を有機的に拡大しながら、コメントや評価からフィードバックを得ることができます。" languagecode="1041" />
      <Description description="Қауымдастық порталы білім қоры мақалалары, форумдар және блогтар қолжетімді білімі каталогін дамытумен және пікірлер мен рейтингтер арқылы кері байланыс қалдыру мүмкіндігін берумен тұтынушылар мен мамандар арасында жақсы қарым-қатынастар жасайды." languagecode="1087" />
      <Description description="커뮤니티 포털은 고객과 전문가 사이의 피어 투 피어 상호 작용에 영향을 주어 댓글 및 등급을 통해 피드백을 제공할 뿐만 아니라 참조 자료 문서, 포럼 및 블로그에서 사용 가능한 지식의 카탈로그를 유기적으로 성장시킵니다." languagecode="1042" />
      <Description description="Bendruomenės portale galimas tiesioginis klientų ir specialistų bendravimas, užtikrinantis laipsnišką turimos informacijos katalogo pildymą informacija iš žinių bazės straipsnių, forumų ir interneto dienoraščių; čia taip pat galima teikti atsiliepimus komentarų arba vertinimo forma." languagecode="1063" />
      <Description description="Kopienas portāls izmanto vienādranga mijiedarbību starp klientiem un ekspertiem, lai organiski paplašinātu katalogu ar pieejamo informāciju no zināšanu bāzes rakstiem, forumiem un emuāriem, kā arī nodrošinātu atsauksmes, izmantojot komentārus un vērtējumus." languagecode="1062" />
      <Description description="Portal komuniti menggunakan interaksi sebaya dengan sebaya antara pelanggan dan pakar untuk mengembangkan secara organik katalog untuk pengetahuan tersedia daripada artikel pangkalan pengetahuan, forum dan blog serta menyediakan maklum balas melalui komen dan rating." languagecode="1086" />
      <Description description="En fellesskapsportal muliggjør node-til-node-kommunikasjon mellom kunder og eksperter for å utvide katalogen over tilgjengelig kunnskap organisk fra kunnskapsbaseartikler, fora og blogger, samt tilbakemeldinger ved hjelp av vurderinger og kommentarer." languagecode="1044" />
      <Description description="Een communityportal maakt gebruik van interactie tussen klanten en experts om de catalogus met beschikbare kennis uit knowledge base-artikelen, forums en blogs op organische wijze uit te bouwen en feedback te geven door middel van reacties en beoordelingen." languagecode="1043" />
      <Description description="W portalu społeczności równorzędne interakcje klientów i ekspertów są wykorzystywane w celu rozwijania wykazu dostępnej wiedzy pochodzącej z artykułów z bazy wiedzy, forów i blogów oraz przekazywania opinii w postaci komentarzy i ocen." languagecode="1045" />
      <Description description="Um portal de comunidade privilegia as interações ponto a ponto entre clientes e especialistas para ampliar organicamente o catálogo de conhecimento disponível dos artigos da Base de Dados de Conhecimento, fóruns e blogs, além de fornecer comentários por meio de observações e classificações." languagecode="1046" />
      <Description description="Um portal da comunidade tira partido das interações ponto a ponto entre clientes e especialistas para fazer crescer organicamente o catálogo de conhecimentos disponíveis provenientes dos artigos da base de dados de conhecimento, de fóruns e blogues, bem como fornecimento de comentários baseados em opiniões e classificações." languagecode="2070" />
      <Description description="Un portal de comunitate utilizează interacțiunile de la egal la egal dintre clienți și experți pentru a crește în mod organic catalogul de cunoștințe disponibile din articolele din baza de cunoștințe, forumuri și bloguri, oferind în același timp feedback prin intermediul comentariilor și al evaluărilor." languagecode="1048" />
      <Description description="Портал сообщества поддерживает прямое взаимодействие между клиентами и экспертами, способствуя естественному росту объема накопленных знаний в статьях базы знаний, на форумах и в блогах. Кроме того, портал позволяет оставлять отзывы с помощью комментариев и оценок." languagecode="1049" />
      <Description description="Portál komunity umožňuje na základe priamych interakcií medzi zákazníkmi a odborníkmi prirodzene rozširovať katalóg dostupných poznatkov v článkoch vedomostnej databázy, fórach a blogoch, ako aj poskytovať odozvu prostredníctvom komentárov a hodnotení." languagecode="1051" />
      <Description description="Portal skupnosti uporablja medsebojno sodelovanje med strankami in strokovnjaki za naravno širjenje kataloga razpoložljivega znanja iz člankov zbirke znanja, forumov in spletnih dnevnikov ter prek povratnih informacij iz ocen in komentarjev." languagecode="1060" />
      <Description description="Портал заједнице користи директне интеракције између клијената и стручњака да органски унапреди каталоге доступног знања садржајем чланака из Базе знања, форума и блогова, као и давањем повратних информација путем коментара и оцењивања." languagecode="3098" />
      <Description description="Портал заједнице користи директне интеракције између клијената и стручњака да органски унапреди каталоге доступног знања садржајем чланака из Базе знања, форума и блогова, као и давањем повратних информација путем коментара и оцењивања." languagecode="10266" />
      <Description description="Portal zajednice koristi direktne interakcije između klijenata i stručnjaka da organski unapredi kataloge dostupnog znanja sadržajem članaka iz Baze znanja, foruma i blogova, kao i davanjem povratnih informacija putem komentara i ocenjivanja." languagecode="2074" />
      <Description description="Portal zajednice koristi direktne interakcije između klijenata i stručnjaka da organski unapredi kataloge dostupnog znanja sadržajem članaka iz Baze znanja, foruma i blogova, kao i davanjem povratnih informacija putem komentara i ocenjivanja." languagecode="9242" />
      <Description description="På en communityportal används samtalen mellan kunder och experter för att bygga ut katalogen med kunskapsbasartiklar, forum och bloggar, och där går det även att ge feedback i form av kommentarer och omdömen." languagecode="1053" />
      <Description description="พอร์ทัลชุมชนใช้ประโยชน์จากการโต้ตอบแบบเพียร์ทูเพียร์ระหว่างลูกค้ากับผู้เชี่ยวชาญเพื่อสร้างแค็ตตาล็อกความรู้ที่พร้อมใช้งานจากบทความฐานข้อมูลองค์ความรู้ ฟอรั่ม และบล็อกอย่างเป็นระบบ ตลอดจนให้ข้อคิดเห็นผ่านการให้คะแนนและข้อคิดเห็น" languagecode="1054" />
      <Description description="Bir topluluk portalı, bilgi bankası makaleleri, forumlar ve bloglarda bulunabilecek bilgilerin kataloğunu organik olarak büyütmenin yanı sıra yorumlar ve derecelendirmeler aracılığıyla geri bildirim sağlamak için müşteriler ve uzmanlar arasında eşler arası etkileşimlerden yararlanır." languagecode="1055" />
      <Description description="Портал спільноти використовує однорангову взаємодію між користувачами й експертами для природного збільшення каталогу доступних даних зі статей бази знань, форумів та блоґів, а також для надання відгуків у вигляді коментарів та оцінок." languagecode="1058" />
      <Description description="Cổng thông tin cộng đồng sử dụng tương tác ngang hàng giữa các khách hàng và chuyên gia để phát triển danh mục kiến thức sẵn có từ các bài viết trong cơ sở kiến thức, diễn đàn và blog, cũng như đưa ra phản hồi thông qua tính năng nhận xét và đánh giá." languagecode="1066" />
      <Description description="社区门户利用客户与专家之间端到端的交互，将可用知识的目录从知识库文章、论坛和博客有机地进行了发展，并通过评论和评分提供反馈。" languagecode="2052" />
      <Description description="社群入口網站運用客戶和專家之間對等互動，從知識庫文章、論壇和部落格帶動可用知識類別目錄成長的能力，以及透過留言和評分提供意見反應。" languagecode="3076" />
      <Description description="社群入口網站運用客戶和專家之間對等互動，從知識庫文章、論壇和部落格帶動可用知識類別目錄成長的能力，以及透過留言和評分提供意見反應。" languagecode="1028" />
    </Descriptions>
    <Version>8.3.0.29</Version>
    <Managed>1</Managed>
    <Publisher>
      <UniqueName>adxstudio</UniqueName>
      <LocalizedNames>
        <LocalizedName description="Microsoft" languagecode="1033" />
        <LocalizedName description="Microsoft" languagecode="1026" />
        <LocalizedName description="Microsoft" languagecode="1027" />
        <LocalizedName description="Microsoft" languagecode="1029" />
        <LocalizedName description="Microsoft" languagecode="1030" />
        <LocalizedName description="Microsoft" languagecode="1031" />
        <LocalizedName description="Microsoft" languagecode="1032" />
        <LocalizedName description="Microsoft" languagecode="3082" />
        <LocalizedName description="Microsoft" languagecode="1061" />
        <LocalizedName description="Microsoft" languagecode="1069" />
        <LocalizedName description="Microsoft" languagecode="1035" />
        <LocalizedName description="Microsoft" languagecode="1036" />
        <LocalizedName description="Microsoft" languagecode="1110" />
        <LocalizedName description="Microsoft" languagecode="1081" />
        <LocalizedName description="Microsoft" languagecode="1050" />
        <LocalizedName description="Microsoft" languagecode="1038" />
        <LocalizedName description="Microsoft" languagecode="1057" />
        <LocalizedName description="Microsoft" languagecode="1040" />
        <LocalizedName description="Microsoft" languagecode="1041" />
        <LocalizedName description="Microsoft" languagecode="1087" />
        <LocalizedName description="Microsoft" languagecode="1042" />
        <LocalizedName description="„Microsoft“" languagecode="1063" />
        <LocalizedName description="Microsoft" languagecode="1062" />
        <LocalizedName description="Microsoft" languagecode="1086" />
        <LocalizedName description="Microsoft" languagecode="1044" />
        <LocalizedName description="Microsoft" languagecode="1043" />
        <LocalizedName description="Microsoft" languagecode="1045" />
        <LocalizedName description="Microsoft" languagecode="1046" />
        <LocalizedName description="Microsoft" languagecode="2070" />
        <LocalizedName description="Microsoft" languagecode="1048" />
        <LocalizedName description="Корпорация Майкрософт" languagecode="1049" />
        <LocalizedName description="Microsoft" languagecode="1051" />
        <LocalizedName description="Microsoft" languagecode="1060" />
        <LocalizedName description="Microsoft" languagecode="3098" />
        <LocalizedName description="Microsoft" languagecode="10266" />
        <LocalizedName description="Microsoft" languagecode="2074" />
        <LocalizedName description="Microsoft" languagecode="9242" />
        <LocalizedName description="Microsoft" languagecode="1053" />
        <LocalizedName description="Microsoft" languagecode="1054" />
        <LocalizedName description="Microsoft" languagecode="1055" />
        <LocalizedName description="Microsoft" languagecode="1058" />
        <LocalizedName description="Microsoft" languagecode="1066" />
        <LocalizedName description="Microsoft" languagecode="2052" />
        <LocalizedName description="Microsoft" languagecode="3076" />
        <LocalizedName description="Microsoft" languagecode="1028" />
      </LocalizedNames>
      <Descriptions />
      <EMailAddress>support@adxstudio.com</EMailAddress>
      <SupportingWebsiteUrl>http://www.adxstudio.com</SupportingWebsiteUrl>
      <CustomizationPrefix>adx</CustomizationPrefix>
      <CustomizationOptionValuePrefix>10000</CustomizationOptionValuePrefix>
      <Addresses>
        <Address>
          <AddressNumber>1</AddressNumber>
          <AddressTypeCode>1</AddressTypeCode>
          <City xsi:nil="true"></City>
          <County xsi:nil="true"></County>
          <Country xsi:nil="true"></Country>
          <Fax xsi:nil="true"></Fax>
          <FreightTermsCode xsi:nil="true"></FreightTermsCode>
          <ImportSequenceNumber xsi:nil="true"></ImportSequenceNumber>
          <Latitude xsi:nil="true"></Latitude>
          <Line1 xsi:nil="true"></Line1>
          <Line2 xsi:nil="true"></Line2>
          <Line3 xsi:nil="true"></Line3>
          <Longitude xsi:nil="true"></Longitude>
          <Name xsi:nil="true"></Name>
          <PostalCode xsi:nil="true"></PostalCode>
          <PostOfficeBox xsi:nil="true"></PostOfficeBox>
          <PrimaryContactName xsi:nil="true"></PrimaryContactName>
          <ShippingMethodCode>1</ShippingMethodCode>
          <StateOrProvince xsi:nil="true"></StateOrProvince>
          <Telephone1 xsi:nil="true"></Telephone1>
          <Telephone2 xsi:nil="true"></Telephone2>
          <Telephone3 xsi:nil="true"></Telephone3>
          <TimeZoneRuleVersionNumber xsi:nil="true"></TimeZoneRuleVersionNumber>
          <UPSZone xsi:nil="true"></UPSZone>
          <UTCOffset xsi:nil="true"></UTCOffset>
          <UTCConversionTimeZoneCode xsi:nil="true"></UTCConversionTimeZoneCode>
        </Address>
        <Address>
          <AddressNumber>2</AddressNumber>
          <AddressTypeCode>1</AddressTypeCode>
          <City xsi:nil="true"></City>
          <County xsi:nil="true"></County>
          <Country xsi:nil="true"></Country>
          <Fax xsi:nil="true"></Fax>
          <FreightTermsCode xsi:nil="true"></FreightTermsCode>
          <ImportSequenceNumber xsi:nil="true"></ImportSequenceNumber>
          <Latitude xsi:nil="true"></Latitude>
          <Line1 xsi:nil="true"></Line1>
          <Line2 xsi:nil="true"></Line2>
          <Line3 xsi:nil="true"></Line3>
          <Longitude xsi:nil="true"></Longitude>
          <Name xsi:nil="true"></Name>
          <PostalCode xsi:nil="true"></PostalCode>
          <PostOfficeBox xsi:nil="true"></PostOfficeBox>
          <PrimaryContactName xsi:nil="true"></PrimaryContactName>
          <ShippingMethodCode>1</ShippingMethodCode>
          <StateOrProvince xsi:nil="true"></StateOrProvince>
          <Telephone1 xsi:nil="true"></Telephone1>
          <Telephone2 xsi:nil="true"></Telephone2>
          <Telephone3 xsi:nil="true"></Telephone3>
          <TimeZoneRuleVersionNumber xsi:nil="true"></TimeZoneRuleVersionNumber>
          <UPSZone xsi:nil="true"></UPSZone>
          <UTCOffset xsi:nil="true"></UTCOffset>
          <UTCConversionTimeZoneCode xsi:nil="true"></UTCConversionTimeZoneCode>
        </Address>
      </Addresses>
    </Publisher>
    <RootComponents />
    <MissingDependencies />
  </SolutionManifest>
</ImportExportXml>