﻿<?xml version="1.0" encoding="utf-8"?>
<ImportExportXml version="8.1.0000.0111" SolutionPackageVersion="8.1" languagecode="1033" generatedBy="OnPremise" xmlns:xsi="http://www.w3.org/2001/XMLSchema-instance">
  <SolutionManifest>
    <UniqueName>ESSPortal</UniqueName>
    <LocalizedNames>
      <LocalizedName description="Dynamics 365 Portals - Employee Self-Service Portal" languagecode="1033" />
      <LocalizedName description="Портали на Dynamics 365 – Портал за самообслужване на служители" languagecode="1026" />
      <LocalizedName description="Portals del Dynamics 365: portal d'autoservei d'empleats" languagecode="1027" />
      <LocalizedName description="Portály Dynamics 365 – Samoobslužný portál pro zaměstnance" languagecode="1029" />
      <LocalizedName description="Dynamics 365-portaler - Medarbejdernes selvbetjeningsportal" languagecode="1030" />
      <LocalizedName description="Dynamics 365-Portale – Employee Self-Service-Portal" languagecode="1031" />
      <LocalizedName description="Πύλες Dynamics 365 - Πύλη αυτοεξυπηρέτησης υπαλλήλων" languagecode="1032" />
      <LocalizedName description="Portales de Dynamics 365: portal de autoservicio de empleados" languagecode="3082" />
      <LocalizedName description="Dynamics 365 portaalid – töövõtja iseteenindusportaal" languagecode="1061" />
      <LocalizedName description="Dynamics 365 Atariak: langileen autozerbitzu-ataria" languagecode="1069" />
      <LocalizedName description="Dynamics 365 -portaalit – työntekijän itsepalveluportaali" languagecode="1035" />
      <LocalizedName description="Portails Dynamics 365 - Portail des employés en libre-service" languagecode="1036" />
      <LocalizedName description="Portais de Dynamics 365: Portal de autoservizo para empregados" languagecode="1110" />
      <LocalizedName description="Dynamics 365 पोर्टल - कर्मचारी स्वयं-सेवा पोर्टल" languagecode="1081" />
      <LocalizedName description="Portali sustava Dynamics 365 – Samoposlužni portal za zaposlenike" languagecode="1050" />
      <LocalizedName description="Dynamics 365 portálok – alkalmazotti önkiszolgáló portál" languagecode="1038" />
      <LocalizedName description="Portal Dynamics 365 - Portal Layanan Mandiri Karyawan" languagecode="1057" />
      <LocalizedName description="Portali di Dynamics 365 - Portale self-service per dipendenti" languagecode="1040" />
      <LocalizedName description="Dynamics 365 ポータル - 従業員セルフサービス ポータル" languagecode="1041" />
      <LocalizedName description="Dynamics 365 порталдары - Қызметкерлердің өзіне-өзі қызмет көрсету порталы" languagecode="1087" />
      <LocalizedName description="Dynamics 365 포털 - 직원 셀프 서비스 포털" languagecode="1042" />
      <LocalizedName description="„Dynamics 365” portalai – darbuotojų savitarnos portalas" languagecode="1063" />
      <LocalizedName description="Dynamics 365 portāli — Darbinieku pašapkalpošanās portāls" languagecode="1062" />
      <LocalizedName description="Portal Dynamics 365 - Portal Perkhidmatan Layan Diri Pekerja" languagecode="1086" />
      <LocalizedName description="Dynamics 365-portaler – selvbetjeningsportal for ansatte" languagecode="1044" />
      <LocalizedName description="Dynamics 365-portals - Selfserviceportal van werknemers" languagecode="1043" />
      <LocalizedName description="Portale usługi Dynamics 365 — samoobsługowy portal pracowników" languagecode="1045" />
      <LocalizedName description="Portais do Dynamics 365 - Portal de Autoatendimento para Funcionários" languagecode="1046" />
      <LocalizedName description="Dynamics 365 Portais - Gestão Personalizada para Empregados" languagecode="2070" />
      <LocalizedName description="Portaluri Dynamics 365 - Portal cu autoservire pentru angajați" languagecode="1048" />
      <LocalizedName description="Порталы Dynamics 365 — портал самообслуживания сотрудников" languagecode="1049" />
      <LocalizedName description="Portály systému Dynamics 365 – samoobslužný portál pre zamestnancov" languagecode="1051" />
      <LocalizedName description="Portali storitve Dynamics 365 – samopostrežni portal za zaposlene" languagecode="1060" />
      <LocalizedName description="Dynamics 365 портали – Самоуслужни портал за запослене" languagecode="3098" />
      <LocalizedName description="Dynamics 365 портали – Самоуслужни портал за запослене" languagecode="10266" />
      <LocalizedName description="Dynamics 365 portali – Samouslužni portal za zaposlene" languagecode="2074" />
      <LocalizedName description="Dynamics 365 portali – Samouslužni portal za zaposlene" languagecode="9242" />
      <LocalizedName description="Dynamics 365-portaler – självbetjäningsportal för anställda" languagecode="1053" />
      <LocalizedName description="พอร์ทัล Dynamics 365 - พอร์ทัลการบริการตนเองของพนักงาน" languagecode="1054" />
      <LocalizedName description="Dynamics 365 Portalları - Çalışan Self Servis Portalı" languagecode="1055" />
      <LocalizedName description="Портали Dynamics 365 – портал самообслуговування співробітників" languagecode="1058" />
      <LocalizedName description="Cổng thông tin Dynamics 365 - Cổng thông tin Tự phục vụ dành cho Nhân viên" languagecode="1066" />
      <LocalizedName description="Dynamics 365 门户 - 员工自助服务门户" languagecode="2052" />
      <LocalizedName description="Dynamics 365 入口網站 - 員工自助入口網站" languagecode="3076" />
      <LocalizedName description="Dynamics 365 入口網站 - 員工自助入口網站" languagecode="1028" />
    </LocalizedNames>
    <Descriptions>
      <Description description="Employee self-service portal creates an efficient and well-informed workforce by streamlining common tasks and empowering every employee with a definitive source of knowledge." languagecode="1033" />
      <Description description="Портал за самообслужване на служители допринася за ефективен и добре информирани служители чрез рационализиране на общи задачи и предоставяне на всеки служител източник на знания." languagecode="1026" />
      <Description description="El portal d'autoservei d'empleats crea una força de treball eficaç i ben informada optimitzant les tasques comunes i proporciona a cada empleat un origen definitiu de coneixement." languagecode="1027" />
      <Description description="Samoobslužný portál pro zaměstnance zvyšuje efektivitu a informovanost pracovníků díky optimalizaci běžných úloh. Navíc všem zaměstnancům zpřístupňuje obsáhlý zdroj znalostí." languagecode="1029" />
      <Description description="Medarbejdernes selvbetjeningsportal skaber en effektiv og velinformeret arbejdsstyrke ved at strømline almindelige opgaver og styrke alle medarbejdere med en videnskilde." languagecode="1030" />
      <Description description="Das Employee Self-Service-Portal schafft eine effiziente und gut informierte Belegschaft, indem es häufige Aufgaben vereinfacht und jeden einzelnen Mitarbeiter mit einer endgültigen Wissensquelle versieht." languagecode="1031" />
      <Description description="Η πύλη αυτοεξυπηρέτησης υπαλλήλων δημιουργεί ένα αποτελεσματικό και καλά ενημερωμένο εργατικό δυναμικό, εξομαλύνοντας τις κοινές εργασίες και ενισχύοντας όλους τους υπαλλήλους με μια οριστική πηγή γνώσεων." languagecode="1032" />
      <Description description="El portal de autoservicio de empleados crea una fuerza laboral eficaz y bien informada al optimizar las tareas comunes y dotar a todos los empleados de una fuente de conocimientos definitiva." languagecode="3082" />
      <Description description="Töötaja iseteenindusportaal aitab kaasa tõhusa ja informeeritud tööjõu loomisele, muutes tavapäraste toimingute tegemise sujuvamaks ja andes iga töötaja käsutusse usaldusväärse teadmiste allika." languagecode="1061" />
      <Description description="Langileen autozerbitzu-atariak langile eraginkor eta jantziak sortzen ditu, ohiko zereginak sinplifikatuz eta langileei behin betiko jakintza-iturburu bat eskainiz." languagecode="1069" />
      <Description description="Työntekijän itsepalveluportaali tehostaa henkilöstön toimintaa ja antaa heille mahdollisuuden käyttää uusimpia tietoja tehostamalla yhteisiä tehtäviä ja tarjoamalla jokaiselle työntekijälle määritetyn tietolähteen." languagecode="1035" />
      <Description description="Le portail des employés en libre-service permet au personnel d'être plus efficace et mieux informé grâce à l'optimisation des tâches courantes et à l'accès à une source de connaissances pour chaque employé." languagecode="1036" />
      <Description description="O portal de autoservizo para empregados crea un cadro de persoal eficiente e ben informado ao simplificar tarefas comúns e darlle a cada empregado unha fonte definitiva de coñecemento." languagecode="1110" />
      <Description description="कर्मचारी स्वयं-सेवा पोर्टल. सामान्य कार्यों को सुलभ बनाकर और ज्ञान के निश्चित स्रोत के साथ प्रत्येक कर्मचारी को सशक्त बनाकर एक प्रभावी और जानकार कार्य बल का निर्माण करता है." languagecode="1081" />
      <Description description="Samoposlužni portal za zaposlenike stvara učinkovitu i dobro informiranu radnu snagu pojednostavljivanjem uobičajenih zadataka i omogućuje svakom zaposleniku izvor znanja." languagecode="1050" />
      <Description description="Az alkalmazotti önkiszolgáló portál hatékony és jól tájékozott munkaerőt hoz létre a gyakori feladatok célirányosításával, és azzal, hogy minden alkalmazottat szilárd ismeretforrással lát el." languagecode="1038" />
      <Description description="Portal layanan mandiri karyawan menghasilkan tenaga kerja yang efisien dan berwawasan baik dengan memperlancar tugas umum dan memberdayakan setiap karyawan dengan sumber pengetahuan definitif." languagecode="1057" />
      <Description description="Il portale self-service per dipendenti crea una forza lavoro efficiente e ben informata semplificando le attività comuni e offrendo a ogni dipendente una fonte di conoscenza definitiva." languagecode="1040" />
      <Description description="従業員セルフサービス ポータルは、一般的なタスクを合理化し、信頼できる技術情報ソースを提供してあらゆる従業員の能力を高めることにより、効率的で十分に情報を得た労働力を生み出します。" languagecode="1041" />
      <Description description="Қызметкердің жеке қызмет порталы жалпы тапсырмаларды тасымалдаумен және нақты білім көзімен әрбір қызметкерге талпыныс берумен тиісті және жақсы хабарланған жұмыс күшін жасайды." languagecode="1087" />
      <Description description="직원 셀프 서비스 포털은 일반적인 작업을 능률화하고 모든 직원에게 확실한 지식원을 제공하여 효율적이고 박식한 인력을 만듭니다." languagecode="1042" />
      <Description description="Darbuotojų savitarnos portalas – tai efektyvi ir labai informatyvi darbo priemonė, leidžianti racionalizuoti įprastas užduotis, kurią kiekvienas darbuotojas gali naudoti kaip patikimą informacijos šaltinį." languagecode="1063" />
      <Description description="Darbinieku pašapkalpošanās portāls izveido efektīvu un labi informētu darbaspēku, racionalizējot bieži veicamos uzdevumus un nodrošinot katram darbiniekam galīgu zināšanu avotu." languagecode="1062" />
      <Description description="Portal perkhidmatan layan diri pekerja mencipta tenaga kerja yang cekap dan berpengetahuan dengan menyelaraskan tugas biasa dan memperkasakan setiap pekerja dengan sumber pengetahuan yang muktamad." languagecode="1086" />
      <Description description="Selvbetjeningsportalen for ansatte skaper en effektiv og velinformerte arbeidsstyrke ved å strømlinjeforme vanlige oppgaver og gi alle ansatte en altomfattende kilde til kunnskap." languagecode="1044" />
      <Description description="De selfserviceportal van werknemers leidt tot efficiënt en goed geïnformeerd personeel doordat veelvoorkomende taken worden gestroomlijnd en elke werknemer wordt voorzien van een vaste bron van kennis." languagecode="1043" />
      <Description description="Samoobsługowy portal pracowników zwiększa efektywność i poziom wiedzy pracowników, usprawniając wykonywanie typowych zadań i zapewniając każdemu pracownikowi odpowiednie źródło wiedzy." languagecode="1045" />
      <Description description="O portal de autoatendimento para funcionários cria uma equipe de trabalho eficiente e bem informada, simplificando tarefas comuns e capacitando cada funcionário com uma fonte definitiva de conhecimentos." languagecode="1046" />
      <Description description="O portal de gestão personalizada para empregados cria uma força de trabalho eficiente e informada ao simplificar as tarefas comuns e dotar cada empregado com uma origem definitiva de conhecimentos." languagecode="2070" />
      <Description description="Portalul cu autoservire pentru angajați creează o forță de muncă eficientă și bine informată, prin fluidizarea activităților comune și oferirea unei surse sigure de cunoștințe pentru fiecare angajat." languagecode="1048" />
      <Description description="Портал самообслуживания сотрудников формирует эффективный и хорошо информированный персонал, оптимизируя типовые задачи и предоставляя каждому работнику доступ к надежному источнику знаний." languagecode="1049" />
      <Description description="Samoobslužný portál pre zamestnancov vytvára prostredníctvom optimalizácie bežných úloh efektívnu a dobre informovanú skupinu pracovníkov. Navyše ponúka všetkým zamestnancom obsiahly zdroj poznatkov." languagecode="1051" />
      <Description description="Samopostrežni portal za zaposlene olajša pogosta opravila in vsem zaposlenim omogoča dostop do končnega vira znanja ter s tem ustvarja učinkovito in dobro obveščeno delovno silo." languagecode="1060" />
      <Description description="Самоуслужни портал за запослене ствара ефикасну и добро информисану радну снагу тиме што поједностављује уобичајене задатке и пружа поуздани извор знања сваком запосленом." languagecode="3098" />
      <Description description="Самоуслужни портал за запослене ствара ефикасну и добро информисану радну снагу тиме што поједностављује уобичајене задатке и пружа поуздани извор знања сваком запосленом." languagecode="10266" />
      <Description description="Samouslužni portal za zaposlene stvara efikasnu i dobro informisanu radnu snagu time što pojednostavljuje uobičajene zadatke i pruža pouzdani izvor znanja svakom zaposlenom." languagecode="2074" />
      <Description description="Samouslužni portal za zaposlene stvara efikasnu i dobro informisanu radnu snagu time što pojednostavljuje uobičajene zadatke i pruža pouzdani izvor znanja svakom zaposlenom." languagecode="9242" />
      <Description description="En självbetjäningsportal för anställda gör personalen effektiv och välinformerad genom att den underlättar vanliga uppgifter och ger alla anställda tillgång till auktoritativ information." languagecode="1053" />
      <Description description="พอร์ทัลบริการตนเองของพนักงานจะสร้างบุคลากรที่มีประสิทธิภาพและทราบข้อมูลเป็นอย่างดี โดยปรับปรุงงานทั่วไปให้มีประสิทธิภาพขึ้น และเพิ่มศักยภาพให้พนักงานทุกคนด้วยแหล่งความรู้ที่น่าเชื่อถือ" languagecode="1054" />
      <Description description="Çalışanın self servis portalı ortak görevleri kolaylaştırıp her çalışanı belirli bir bilgi kaynağıyla yetkilendirerek verimli ve iyi bilgilendirilmiş bir iş gücü yaratır." languagecode="1055" />
      <Description description="Завдяки порталу самообслуговування працівників співробітники стають добре інформованими та ефективними. Тут упорядковуються поширені завдання, а кожному працівнику надається надійне джерело знань." languagecode="1058" />
      <Description description="Cổng thông tin tự phục vụ dành cho nhân viên tạo ra một lực lượng lao động hiệu quả và được cung cấp đầy đủ thông tin bằng cách sắp xếp các nhiệm vụ thông thường và cung cấp cho mỗi nhân viên một nguồn kiến thức rõ ràng để họ có thể sử dụng." languagecode="1066" />
      <Description description="员工自助服务门户通过简化常见任务和让每位员工都具备来源明确的知识，培养高效且消息灵通的员工。" languagecode="2052" />
      <Description description="員工自助入口網站建立有效率且資訊公開透明的工作團隊，讓一般工作進行更順暢，並且讓每位員工能夠獲得可靠的知識來源。" languagecode="3076" />
      <Description description="員工自助入口網站建立有效率且資訊公開透明的工作團隊，讓一般工作進行更順暢，並且讓每位員工能夠獲得可靠的知識來源。" languagecode="1028" />
    </Descriptions>
    <Version>8.3.0.29</Version>
    <Managed>1</Managed>
    <Publisher>
      <UniqueName>adxstudio</UniqueName>
      <LocalizedNames>
        <LocalizedName description="Microsoft" languagecode="1033" />
        <LocalizedName description="Microsoft" languagecode="1026" />
        <LocalizedName description="Microsoft" languagecode="1027" />
        <LocalizedName description="Microsoft" languagecode="1029" />
        <LocalizedName description="Microsoft" languagecode="1030" />
        <LocalizedName description="Microsoft" languagecode="1031" />
        <LocalizedName description="Microsoft" languagecode="1032" />
        <LocalizedName description="Microsoft" languagecode="3082" />
        <LocalizedName description="Microsoft" languagecode="1061" />
        <LocalizedName description="Microsoft" languagecode="1069" />
        <LocalizedName description="Microsoft" languagecode="1035" />
        <LocalizedName description="Microsoft" languagecode="1036" />
        <LocalizedName description="Microsoft" languagecode="1110" />
        <LocalizedName description="Microsoft" languagecode="1081" />
        <LocalizedName description="Microsoft" languagecode="1050" />
        <LocalizedName description="Microsoft" languagecode="1038" />
        <LocalizedName description="Microsoft" languagecode="1057" />
        <LocalizedName description="Microsoft" languagecode="1040" />
        <LocalizedName description="Microsoft" languagecode="1041" />
        <LocalizedName description="Microsoft" languagecode="1087" />
        <LocalizedName description="Microsoft" languagecode="1042" />
        <LocalizedName description="„Microsoft“" languagecode="1063" />
        <LocalizedName description="Microsoft" languagecode="1062" />
        <LocalizedName description="Microsoft" languagecode="1086" />
        <LocalizedName description="Microsoft" languagecode="1044" />
        <LocalizedName description="Microsoft" languagecode="1043" />
        <LocalizedName description="Microsoft" languagecode="1045" />
        <LocalizedName description="Microsoft" languagecode="1046" />
        <LocalizedName description="Microsoft" languagecode="2070" />
        <LocalizedName description="Microsoft" languagecode="1048" />
        <LocalizedName description="Корпорация Майкрософт" languagecode="1049" />
        <LocalizedName description="Microsoft" languagecode="1051" />
        <LocalizedName description="Microsoft" languagecode="1060" />
        <LocalizedName description="Microsoft" languagecode="3098" />
        <LocalizedName description="Microsoft" languagecode="10266" />
        <LocalizedName description="Microsoft" languagecode="2074" />
        <LocalizedName description="Microsoft" languagecode="9242" />
        <LocalizedName description="Microsoft" languagecode="1053" />
        <LocalizedName description="Microsoft" languagecode="1054" />
        <LocalizedName description="Microsoft" languagecode="1055" />
        <LocalizedName description="Microsoft" languagecode="1058" />
        <LocalizedName description="Microsoft" languagecode="1066" />
        <LocalizedName description="Microsoft" languagecode="2052" />
        <LocalizedName description="Microsoft" languagecode="3076" />
        <LocalizedName description="Microsoft" languagecode="1028" />
      </LocalizedNames>
      <Descriptions />
      <EMailAddress>support@adxstudio.com</EMailAddress>
      <SupportingWebsiteUrl>http://www.adxstudio.com</SupportingWebsiteUrl>
      <CustomizationPrefix>adx</CustomizationPrefix>
      <CustomizationOptionValuePrefix>10000</CustomizationOptionValuePrefix>
      <Addresses>
        <Address>
          <AddressNumber>1</AddressNumber>
          <AddressTypeCode>1</AddressTypeCode>
          <City xsi:nil="true"></City>
          <County xsi:nil="true"></County>
          <Country xsi:nil="true"></Country>
          <Fax xsi:nil="true"></Fax>
          <FreightTermsCode xsi:nil="true"></FreightTermsCode>
          <ImportSequenceNumber xsi:nil="true"></ImportSequenceNumber>
          <Latitude xsi:nil="true"></Latitude>
          <Line1 xsi:nil="true"></Line1>
          <Line2 xsi:nil="true"></Line2>
          <Line3 xsi:nil="true"></Line3>
          <Longitude xsi:nil="true"></Longitude>
          <Name xsi:nil="true"></Name>
          <PostalCode xsi:nil="true"></PostalCode>
          <PostOfficeBox xsi:nil="true"></PostOfficeBox>
          <PrimaryContactName xsi:nil="true"></PrimaryContactName>
          <ShippingMethodCode>1</ShippingMethodCode>
          <StateOrProvince xsi:nil="true"></StateOrProvince>
          <Telephone1 xsi:nil="true"></Telephone1>
          <Telephone2 xsi:nil="true"></Telephone2>
          <Telephone3 xsi:nil="true"></Telephone3>
          <TimeZoneRuleVersionNumber xsi:nil="true"></TimeZoneRuleVersionNumber>
          <UPSZone xsi:nil="true"></UPSZone>
          <UTCOffset xsi:nil="true"></UTCOffset>
          <UTCConversionTimeZoneCode xsi:nil="true"></UTCConversionTimeZoneCode>
        </Address>
        <Address>
          <AddressNumber>2</AddressNumber>
          <AddressTypeCode>1</AddressTypeCode>
          <City xsi:nil="true"></City>
          <County xsi:nil="true"></County>
          <Country xsi:nil="true"></Country>
          <Fax xsi:nil="true"></Fax>
          <FreightTermsCode xsi:nil="true"></FreightTermsCode>
          <ImportSequenceNumber xsi:nil="true"></ImportSequenceNumber>
          <Latitude xsi:nil="true"></Latitude>
          <Line1 xsi:nil="true"></Line1>
          <Line2 xsi:nil="true"></Line2>
          <Line3 xsi:nil="true"></Line3>
          <Longitude xsi:nil="true"></Longitude>
          <Name xsi:nil="true"></Name>
          <PostalCode xsi:nil="true"></PostalCode>
          <PostOfficeBox xsi:nil="true"></PostOfficeBox>
          <PrimaryContactName xsi:nil="true"></PrimaryContactName>
          <ShippingMethodCode>1</ShippingMethodCode>
          <StateOrProvince xsi:nil="true"></StateOrProvince>
          <Telephone1 xsi:nil="true"></Telephone1>
          <Telephone2 xsi:nil="true"></Telephone2>
          <Telephone3 xsi:nil="true"></Telephone3>
          <TimeZoneRuleVersionNumber xsi:nil="true"></TimeZoneRuleVersionNumber>
          <UPSZone xsi:nil="true"></UPSZone>
          <UTCOffset xsi:nil="true"></UTCOffset>
          <UTCConversionTimeZoneCode xsi:nil="true"></UTCConversionTimeZoneCode>
        </Address>
      </Addresses>
    </Publisher>
    <RootComponents />
    <MissingDependencies />
  </SolutionManifest>
</ImportExportXml>