﻿<?xml version="1.0" encoding="utf-8"?>
<ImportExportXml version="8.1.0000.0641" SolutionPackageVersion="8.1" languagecode="1033" generatedBy="OnPremise" xmlns:xsi="http://www.w3.org/2001/XMLSchema-instance">
  <SolutionManifest>
    <UniqueName>KnowledgeManagement</UniqueName>
    <LocalizedNames>
      <LocalizedName description="Dynamics 365 Portals - Knowledge Management" languagecode="1033" />
      <LocalizedName description="Портал на Dynamics 365 – Управление на знания" languagecode="1026" />
      <LocalizedName description="Portals del Dynamics 365: administració del coneixement" languagecode="1027" />
      <LocalizedName description="Portály Dynamics 365 – Správa znalostí" languagecode="1029" />
      <LocalizedName description="Dynamics 365-portaler - Vidensstyring" languagecode="1030" />
      <LocalizedName description="Dynamics 365-Portale – Wissensmanagement" languagecode="1031" />
      <LocalizedName description="Πύλες Dynamics 365 - Διαχείριση γνώσης" languagecode="1032" />
      <LocalizedName description="Portales de Dynamics 365: administración del conocimiento" languagecode="3082" />
      <LocalizedName description="Dynamics 365 portaalid – teadmistehaldus" languagecode="1061" />
      <LocalizedName description="Dynamics 365 Atariak: jakintza-kudeaketa" languagecode="1069" />
      <LocalizedName description="Dynamics 365 -portaalit – tietämyksenhallinta" languagecode="1035" />
      <LocalizedName description="Portails Dynamics 365 - Gestion des connaissances" languagecode="1036" />
      <LocalizedName description="Portais de Dynamics 365: Xestión de coñecemento" languagecode="1110" />
      <LocalizedName description="Dynamics 365 पोर्टल - नॉलेज प्रबंधन" languagecode="1081" />
      <LocalizedName description="Portali sustava Dynamics 365 – Upravljanje znanjima" languagecode="1050" />
      <LocalizedName description="Dynamics 365 portálok – tudásmenedzsment" languagecode="1038" />
      <LocalizedName description="Portal Dynamics 365 - Manajemen Pengetahuan" languagecode="1057" />
      <LocalizedName description="Portali di Dynamics 365 - Gestione delle informazioni" languagecode="1040" />
      <LocalizedName description="Dynamics 365 ポータル - ナレッジ マネージメント" languagecode="1041" />
      <LocalizedName description="Dynamics 365 порталдары - Білімді жиынтығын басқару" languagecode="1087" />
      <LocalizedName description="Dynamics 365 포털 - 참조 자료 관리" languagecode="1042" />
      <LocalizedName description="„Dynamics 365” portalai – žinių valdymas" languagecode="1063" />
      <LocalizedName description="Dynamics 365 portāli — Zināšanu pārvaldība" languagecode="1062" />
      <LocalizedName description="Portal Dynamics 365 - Pengurusan Pengetahuan" languagecode="1086" />
      <LocalizedName description="Dynamics 365-portaler – kunnskapsstyring" languagecode="1044" />
      <LocalizedName description="Dynamics 365-portals - Kennisbeheer" languagecode="1043" />
      <LocalizedName description="Portale usługi Dynamics 365 — zarządzanie wiedzą" languagecode="1045" />
      <LocalizedName description="Portais do Dynamics 365 - Gerenciamento do Conhecimento" languagecode="1046" />
      <LocalizedName description="Dynamics 365 Portais - Gestão do conhecimento" languagecode="2070" />
      <LocalizedName description="Portaluri Dynamics 365 - Gestionarea cunoștințelor" languagecode="1048" />
      <LocalizedName description="Порталы Dynamics 365 — управление знаниями" languagecode="1049" />
      <LocalizedName description="Portály systému Dynamics 365 – spravovanie vedomostí" languagecode="1051" />
      <LocalizedName description="Portali storitve Dynamics 365 – upravljanje znanja" languagecode="1060" />
      <LocalizedName description="Dynamics 365 портали – Управљање знањем" languagecode="3098" />
      <LocalizedName description="Dynamics 365 портали – Управљање знањем" languagecode="10266" />
      <LocalizedName description="Dynamics 365 portali – Upravljanje znanjem" languagecode="2074" />
      <LocalizedName description="Dynamics 365 portali – Upravljanje znanjem" languagecode="9242" />
      <LocalizedName description="Dynamics 365-portaler – kunskapshantering" languagecode="1053" />
      <LocalizedName description="พอร์ทัล Dynamics 365 - การจัดการข้อมูลความรู้" languagecode="1054" />
      <LocalizedName description="Dynamics 365 Portalları - Bilgi Bankası Yönetimi" languagecode="1055" />
      <LocalizedName description="Портали Dynamics 365 – керування знаннями" languagecode="1058" />
      <LocalizedName description="Cổng thông tin Dynamics 365 - Quản lý Kiến thức" languagecode="1066" />
      <LocalizedName description="Dynamics 365 门户 - 知识管理" languagecode="2052" />
      <LocalizedName description="Dynamics 365 入口網站 - 知識管理" languagecode="3076" />
      <LocalizedName description="Dynamics 365 入口網站 - 知識管理" languagecode="1028" />
    </LocalizedNames>
    <Descriptions>
      <Description description="Extends portal knowledge management with functionality for viewing and searching articles." languagecode="1033" />
      <Description description="Разширява управлението на знания в портала с функционалност за преглед и търсене на статии." languagecode="1026" />
      <Description description="Amplia l'administració del coneixement del portal amb funcionalitat per visualitzar i cercar articles." languagecode="1027" />
      <Description description="Rozšiřuje správu znalostí na portálu o funkci prohlížení a vyhledávání článků." languagecode="1029" />
      <Description description="Udvider portalens vidensstyring med funktioner til visning af og søgning efter artikler." languagecode="1030" />
      <Description description="Erweitert Portalwissensmanagement mit Funktionalität zum Anzeigen und Suchen von Artikeln." languagecode="1031" />
      <Description description="Επεκτείνει τη διαχείριση γνώσης στις πύλες με λειτουργικότητα προβολής και αναζήτησης άρθρων." languagecode="1032" />
      <Description description="Amplía la administración del conocimiento del portal con funcionalidad para ver y buscar artículos." languagecode="3082" />
      <Description description="Laiendab portaalide teadmishaldust artiklite kuvamise ja otsimise funktsioonidega." languagecode="1061" />
      <Description description="Atariaren jakintza-kudeaketa hedatzen du artikuluak ikusteko eta bilatzeko funtzionaltasunaren bidez." languagecode="1069" />
      <Description description="Laajentaa portaalin tietämyksenhallintaa artikkelien katselun ja haun toimintoon." languagecode="1035" />
      <Description description="Étend la gestion des connaissances du portail avec une fonctionnalité permettant de visualiser et de rechercher des articles." languagecode="1036" />
      <Description description="Amplía a xestión de coñecemento do portal con funcionalidades para ver e buscar artigos." languagecode="1110" />
      <Description description="आलेख देखने और खोजने के लिए कार्यात्मकता के साथ पोर्टल नॉलेज प्रबंधन को विस्तृत करता है." languagecode="1081" />
      <Description description="Proširuje upravljanje znanjima portala funkcijom pregledavanja i pretraživanja članaka." languagecode="1050" />
      <Description description="Új funkcióval bővíti a portál tudásmenedzsmentjét, amely megkönnyíti a cikkek megtekintését és keresését." languagecode="1038" />
      <Description description="Memperluas manajemen pengetahuan portal dengan fungsi untuk melihat dan mencari artikel." languagecode="1057" />
      <Description description="Espande la gestione delle informazioni del portale con la funzionalità per la visualizzazione e la ricerca degli articoli." languagecode="1040" />
      <Description description="記事を表示および検索する機能を追加して、ポータルのナレッジ マネージメントを拡張します。" languagecode="1041" />
      <Description description="Мақалаларды қарау және іздеу үшін функционалдылықпен порталдың білімді жиынтығын басқару функциясын кеңейтеді." languagecode="1087" />
      <Description description="문서를 보고 검색하는 기능으로 포털 참조 자료 관리를 확장합니다." languagecode="1042" />
      <Description description="Portalo žinių valdymas išplečiamas straipsnių peržiūros ir paieškos funkcijomis." languagecode="1063" />
      <Description description="Paplašina portālu zināšanu pārvaldību, pievienojot rakstu skatīšanas un meklēšanas funkcionalitāti." languagecode="1062" />
      <Description description="Lanjutkan pengurusan pengetahuan portal dengan kefungsian untuk melihat dan mencari artikel." languagecode="1086" />
      <Description description="Utvider behandling av portalkunnskap med funksjonalitet for å vise og søke etter artikler." languagecode="1044" />
      <Description description="Breidt kennisbeheer van portals uit met functionaliteit voor het weergeven en zoeken van artikelen." languagecode="1043" />
      <Description description="Rozszerza możliwości portalu w zakresie zarządzania wiedzą o funkcje wyświetlania i wyszukiwania artykułów." languagecode="1045" />
      <Description description="Estende o gerenciamento de conhecimento do portal com a funcionalidade para exibição e pesquisa de artigos." languagecode="1046" />
      <Description description="Expande a gestão do conhecimento do portal com uma funcionalidade de visualização e pesquisa de artigos." languagecode="2070" />
      <Description description="Extinde gestionarea cunoștințelor pentru portal cu funcționalități pentru vizualizarea și căutarea în articole." languagecode="1048" />
      <Description description="Расширяет возможности управления знаниями портала благодаря функциям просмотра и поиска статей." languagecode="1049" />
      <Description description="Rozširuje spravovanie vedomostnej databázy na portáli o funkcie zobrazovania a vyhľadávania článkov." languagecode="1051" />
      <Description description="Upravljanje znanja na portalu razširi s funkcijo za ogledovanje in iskanje člankov." languagecode="1060" />
      <Description description="Проширује управљање знањем на порталима функционалношћу за преглед и претрагу чланака." languagecode="3098" />
      <Description description="Проширује управљање знањем на порталима функционалношћу за преглед и претрагу чланака." languagecode="10266" />
      <Description description="Proširuje upravljanje znanjem na portalima funkcionalnošću za pregled i pretragu članaka." languagecode="2074" />
      <Description description="Proširuje upravljanje znanjem na portalima funkcionalnošću za pregled i pretragu članaka." languagecode="9242" />
      <Description description="Utökar portalers kunskapshantering med funktioner för att visa och söka artiklar." languagecode="1053" />
      <Description description="ขยายการจัดการข้อมูลความรู้ของพอร์ทัลด้วยฟังก์ชันการทำงานสำหรับการดูและการค้นหาบทความ" languagecode="1054" />
      <Description description="Portal bilgi bankası yönetimini makaleleri görüntüleme ve arama işlevleriyle genişletir." languagecode="1055" />
      <Description description="Доповнює можливості керування знаннями на порталі функціями перегляду та пошуку статей." languagecode="1058" />
      <Description description="Mở rộng quản lý kiến thức cổng thông tin bằng chức năng xem và tìm kiếm bài viết." languagecode="1066" />
      <Description description="扩展门户知识管理功能，使其具备查看和搜索文章的功能。" languagecode="2052" />
      <Description description="使用檢視及搜尋文章的功能來擴充入口網站知識管理。" languagecode="3076" />
      <Description description="使用檢視及搜尋文章的功能來擴充入口網站知識管理。" languagecode="1028" />
    </Descriptions>
    <Version>1.0.0.21</Version>
    <Managed>1</Managed>
    <Publisher>
      <UniqueName>adxstudio</UniqueName>
      <LocalizedNames>
        <LocalizedName description="Microsoft" languagecode="1033" />
        <LocalizedName description="Microsoft" languagecode="1026" />
        <LocalizedName description="Microsoft" languagecode="1027" />
        <LocalizedName description="Microsoft" languagecode="1029" />
        <LocalizedName description="Microsoft" languagecode="1030" />
        <LocalizedName description="Microsoft" languagecode="1031" />
        <LocalizedName description="Microsoft" languagecode="1032" />
        <LocalizedName description="Microsoft" languagecode="3082" />
        <LocalizedName description="Microsoft" languagecode="1061" />
        <LocalizedName description="Microsoft" languagecode="1069" />
        <LocalizedName description="Microsoft" languagecode="1035" />
        <LocalizedName description="Microsoft" languagecode="1036" />
        <LocalizedName description="Microsoft" languagecode="1110" />
        <LocalizedName description="Microsoft" languagecode="1081" />
        <LocalizedName description="Microsoft" languagecode="1050" />
        <LocalizedName description="Microsoft" languagecode="1038" />
        <LocalizedName description="Microsoft" languagecode="1057" />
        <LocalizedName description="Microsoft" languagecode="1040" />
        <LocalizedName description="Microsoft" languagecode="1041" />
        <LocalizedName description="Microsoft" languagecode="1087" />
        <LocalizedName description="Microsoft" languagecode="1042" />
        <LocalizedName description="„Microsoft“" languagecode="1063" />
        <LocalizedName description="Microsoft" languagecode="1062" />
        <LocalizedName description="Microsoft" languagecode="1086" />
        <LocalizedName description="Microsoft" languagecode="1044" />
        <LocalizedName description="Microsoft" languagecode="1043" />
        <LocalizedName description="Microsoft" languagecode="1045" />
        <LocalizedName description="Microsoft" languagecode="1046" />
        <LocalizedName description="Microsoft" languagecode="2070" />
        <LocalizedName description="Microsoft" languagecode="1048" />
        <LocalizedName description="Корпорация Майкрософт" languagecode="1049" />
        <LocalizedName description="Microsoft" languagecode="1051" />
        <LocalizedName description="Microsoft" languagecode="1060" />
        <LocalizedName description="Microsoft" languagecode="3098" />
        <LocalizedName description="Microsoft" languagecode="10266" />
        <LocalizedName description="Microsoft" languagecode="2074" />
        <LocalizedName description="Microsoft" languagecode="9242" />
        <LocalizedName description="Microsoft" languagecode="1053" />
        <LocalizedName description="Microsoft" languagecode="1054" />
        <LocalizedName description="Microsoft" languagecode="1055" />
        <LocalizedName description="Microsoft" languagecode="1058" />
        <LocalizedName description="Microsoft" languagecode="1066" />
        <LocalizedName description="Microsoft" languagecode="2052" />
        <LocalizedName description="Microsoft" languagecode="3076" />
        <LocalizedName description="Microsoft" languagecode="1028" />
      </LocalizedNames>
      <Descriptions />
      <EMailAddress>support@adxstudio.com</EMailAddress>
      <SupportingWebsiteUrl>http://www.adxstudio.com</SupportingWebsiteUrl>
      <CustomizationPrefix>adx</CustomizationPrefix>
      <CustomizationOptionValuePrefix>10000</CustomizationOptionValuePrefix>
      <Addresses>
        <Address>
          <AddressNumber>1</AddressNumber>
          <AddressTypeCode>1</AddressTypeCode>
          <City xsi:nil="true"></City>
          <County xsi:nil="true"></County>
          <Country xsi:nil="true"></Country>
          <Fax xsi:nil="true"></Fax>
          <FreightTermsCode xsi:nil="true"></FreightTermsCode>
          <ImportSequenceNumber xsi:nil="true"></ImportSequenceNumber>
          <Latitude xsi:nil="true"></Latitude>
          <Line1 xsi:nil="true"></Line1>
          <Line2 xsi:nil="true"></Line2>
          <Line3 xsi:nil="true"></Line3>
          <Longitude xsi:nil="true"></Longitude>
          <Name xsi:nil="true"></Name>
          <PostalCode xsi:nil="true"></PostalCode>
          <PostOfficeBox xsi:nil="true"></PostOfficeBox>
          <PrimaryContactName xsi:nil="true"></PrimaryContactName>
          <ShippingMethodCode>1</ShippingMethodCode>
          <StateOrProvince xsi:nil="true"></StateOrProvince>
          <Telephone1 xsi:nil="true"></Telephone1>
          <Telephone2 xsi:nil="true"></Telephone2>
          <Telephone3 xsi:nil="true"></Telephone3>
          <TimeZoneRuleVersionNumber xsi:nil="true"></TimeZoneRuleVersionNumber>
          <UPSZone xsi:nil="true"></UPSZone>
          <UTCOffset xsi:nil="true"></UTCOffset>
          <UTCConversionTimeZoneCode xsi:nil="true"></UTCConversionTimeZoneCode>
        </Address>
        <Address>
          <AddressNumber>2</AddressNumber>
          <AddressTypeCode>1</AddressTypeCode>
          <City xsi:nil="true"></City>
          <County xsi:nil="true"></County>
          <Country xsi:nil="true"></Country>
          <Fax xsi:nil="true"></Fax>
          <FreightTermsCode xsi:nil="true"></FreightTermsCode>
          <ImportSequenceNumber xsi:nil="true"></ImportSequenceNumber>
          <Latitude xsi:nil="true"></Latitude>
          <Line1 xsi:nil="true"></Line1>
          <Line2 xsi:nil="true"></Line2>
          <Line3 xsi:nil="true"></Line3>
          <Longitude xsi:nil="true"></Longitude>
          <Name xsi:nil="true"></Name>
          <PostalCode xsi:nil="true"></PostalCode>
          <PostOfficeBox xsi:nil="true"></PostOfficeBox>
          <PrimaryContactName xsi:nil="true"></PrimaryContactName>
          <ShippingMethodCode>1</ShippingMethodCode>
          <StateOrProvince xsi:nil="true"></StateOrProvince>
          <Telephone1 xsi:nil="true"></Telephone1>
          <Telephone2 xsi:nil="true"></Telephone2>
          <Telephone3 xsi:nil="true"></Telephone3>
          <TimeZoneRuleVersionNumber xsi:nil="true"></TimeZoneRuleVersionNumber>
          <UPSZone xsi:nil="true"></UPSZone>
          <UTCOffset xsi:nil="true"></UTCOffset>
          <UTCConversionTimeZoneCode xsi:nil="true"></UTCConversionTimeZoneCode>
        </Address>
      </Addresses>
    </Publisher>
    <RootComponents>
      <RootComponent type="1" schemaName="account" behavior="1" />
      <RootComponent type="1" schemaName="adx_casedeflection" behavior="0" />
      <RootComponent type="1" schemaName="adx_contentaccesslevel" behavior="0" />
      <RootComponent type="1" schemaName="adx_webrole" behavior="1" />
      <RootComponent type="1" schemaName="annotation" behavior="1" />
      <RootComponent type="1" schemaName="category" behavior="1" />
      <RootComponent type="1" schemaName="contact" behavior="1" />
      <RootComponent type="1" schemaName="knowledgearticle" behavior="1" />
      <RootComponent type="1" schemaName="knowledgearticleviews" behavior="0" />
      <RootComponent type="1" schemaName="product" behavior="1" />
      <RootComponent type="29" id="{d2c4a303-254b-48b6-ae76-74ae00caa124}" behavior="0" />
      <RootComponent type="60" id="{0177ae1f-3ce2-4f19-94b3-159b34095388}" behavior="0" />
      <RootComponent type="60" id="{22c8e180-1d7a-4626-88a6-8e82d76b3122}" behavior="0" />
      <RootComponent type="60" id="{32d92d2c-67d6-4c8c-b406-6ac64391f89a}" behavior="0" />
      <RootComponent type="60" id="{3fb651a5-cdbf-46c9-87fb-d2c748662bb8}" behavior="0" />
      <RootComponent type="60" id="{400667fe-aecc-4ec7-8288-a45837009f3a}" behavior="0" />
      <RootComponent type="60" id="{43cf28d4-6523-42ff-bfb8-8d6710e0b098}" behavior="0" />
      <RootComponent type="60" id="{49d062e4-d892-4baa-af50-6387989ac638}" behavior="0" />
      <RootComponent type="60" id="{5a6271e3-acc0-4bdd-9599-71990bc7c6a1}" behavior="0" />
      <RootComponent type="60" id="{5dd8386f-97b1-47e8-a333-588081bfcaaa}" behavior="0" />
      <RootComponent type="60" id="{6f7ee9eb-29e5-40c6-9717-589db92b0244}" behavior="0" />
      <RootComponent type="60" id="{9a2f8b85-425c-469c-9af7-843adea62aa9}" behavior="0" />
      <RootComponent type="60" id="{a4f36734-bf3b-4c8e-9a8f-27de5957e219}" behavior="0" />
      <RootComponent type="60" id="{b119f0f8-148f-4e20-a895-f955374ade33}" behavior="0" />
      <RootComponent type="60" id="{bc3f2745-c802-4b2b-adb6-7b5cf32e54d9}" behavior="0" />
      <RootComponent type="60" id="{e781c533-8ec9-4902-aba6-d4c93ba9cab5}" behavior="0" />
      <RootComponent type="60" id="{f145c04d-9c36-417e-a9f8-5d61e0b09980}" behavior="0" />
      <RootComponent type="60" id="{f8a163d5-a3d5-407f-8473-a41beafc7e2a}" behavior="0" />
      <RootComponent type="61" schemaName="adx_contentaccesslevel_icon_16x16.png" behavior="0" />
      <RootComponent type="61" schemaName="adx_contentaccesslevel_icon_32x32.png" behavior="0" />
      <RootComponent type="61" schemaName="adx_casedeflection_icon_16x16.png" behavior="0" />
      <RootComponent type="61" schemaName="adx_casedeflection_icon_32x32.png" behavior="0" />
      <RootComponent type="61" schemaName="msa_contentaccessleveldeletenotifier.js" behavior="0" />
      <RootComponent type="61" schemaName="msa_resources/KnowledgeManagement/Strings_1026.js" behavior="0" />
      <RootComponent type="61" schemaName="msa_resources/KnowledgeManagement/Strings_1027.js" behavior="0" />
      <RootComponent type="61" schemaName="msa_resources/KnowledgeManagement/Strings_1028.js" behavior="0" />
      <RootComponent type="61" schemaName="msa_resources/KnowledgeManagement/Strings_1029.js" behavior="0" />
      <RootComponent type="61" schemaName="msa_resources/KnowledgeManagement/Strings_1030.js" behavior="0" />
      <RootComponent type="61" schemaName="msa_resources/KnowledgeManagement/Strings_1031.js" behavior="0" />
      <RootComponent type="61" schemaName="msa_resources/KnowledgeManagement/Strings_1032.js" behavior="0" />
      <RootComponent type="61" schemaName="msa_resources/KnowledgeManagement/Strings_1033.js" behavior="0" />
      <RootComponent type="61" schemaName="msa_resources/KnowledgeManagement/Strings_1035.js" behavior="0" />
      <RootComponent type="61" schemaName="msa_resources/KnowledgeManagement/Strings_1036.js" behavior="0" />
      <RootComponent type="61" schemaName="msa_resources/KnowledgeManagement/Strings_1038.js" behavior="0" />
      <RootComponent type="61" schemaName="msa_resources/KnowledgeManagement/Strings_1040.js" behavior="0" />
      <RootComponent type="61" schemaName="msa_resources/KnowledgeManagement/Strings_1041.js" behavior="0" />
      <RootComponent type="61" schemaName="msa_resources/KnowledgeManagement/Strings_1042.js" behavior="0" />
      <RootComponent type="61" schemaName="msa_resources/KnowledgeManagement/Strings_1043.js" behavior="0" />
      <RootComponent type="61" schemaName="msa_resources/KnowledgeManagement/Strings_1044.js" behavior="0" />
      <RootComponent type="61" schemaName="msa_resources/KnowledgeManagement/Strings_1045.js" behavior="0" />
      <RootComponent type="61" schemaName="msa_resources/KnowledgeManagement/Strings_1046.js" behavior="0" />
      <RootComponent type="61" schemaName="msa_resources/KnowledgeManagement/Strings_1048.js" behavior="0" />
      <RootComponent type="61" schemaName="msa_resources/KnowledgeManagement/Strings_1049.js" behavior="0" />
      <RootComponent type="61" schemaName="msa_resources/KnowledgeManagement/Strings_1050.js" behavior="0" />
      <RootComponent type="61" schemaName="msa_resources/KnowledgeManagement/Strings_1051.js" behavior="0" />
      <RootComponent type="61" schemaName="msa_resources/KnowledgeManagement/Strings_1053.js" behavior="0" />
      <RootComponent type="61" schemaName="msa_resources/KnowledgeManagement/Strings_1054.js" behavior="0" />
      <RootComponent type="61" schemaName="msa_resources/KnowledgeManagement/Strings_1055.js" behavior="0" />
      <RootComponent type="61" schemaName="msa_resources/KnowledgeManagement/Strings_1057.js" behavior="0" />
      <RootComponent type="61" schemaName="msa_resources/KnowledgeManagement/Strings_1058.js" behavior="0" />
      <RootComponent type="61" schemaName="msa_resources/KnowledgeManagement/Strings_1060.js" behavior="0" />
      <RootComponent type="61" schemaName="msa_resources/KnowledgeManagement/Strings_1061.js" behavior="0" />
      <RootComponent type="61" schemaName="msa_resources/KnowledgeManagement/Strings_1062.js" behavior="0" />
      <RootComponent type="61" schemaName="msa_resources/KnowledgeManagement/Strings_1063.js" behavior="0" />
      <RootComponent type="61" schemaName="msa_resources/KnowledgeManagement/Strings_1066.js" behavior="0" />
      <RootComponent type="61" schemaName="msa_resources/KnowledgeManagement/Strings_1069.js" behavior="0" />
      <RootComponent type="61" schemaName="msa_resources/KnowledgeManagement/Strings_1081.js" behavior="0" />
      <RootComponent type="61" schemaName="msa_resources/KnowledgeManagement/Strings_1086.js" behavior="0" />
      <RootComponent type="61" schemaName="msa_resources/KnowledgeManagement/Strings_1087.js" behavior="0" />
      <RootComponent type="61" schemaName="msa_resources/KnowledgeManagement/Strings_1110.js" behavior="0" />
      <RootComponent type="61" schemaName="msa_resources/KnowledgeManagement/Strings_2052.js" behavior="0" />
      <RootComponent type="61" schemaName="msa_resources/KnowledgeManagement/Strings_2070.js" behavior="0" />
      <RootComponent type="61" schemaName="msa_resources/KnowledgeManagement/Strings_2074.js" behavior="0" />
      <RootComponent type="61" schemaName="msa_resources/KnowledgeManagement/Strings_3076.js" behavior="0" />
      <RootComponent type="61" schemaName="msa_resources/KnowledgeManagement/Strings_3082.js" behavior="0" />
      <RootComponent type="61" schemaName="msa_resources/KnowledgeManagement/Strings_3098.js" behavior="0" />
      <RootComponent type="61" schemaName="msa_resources/ResourcesManager.js" behavior="0" />
      <RootComponent type="61" schemaName="msa_scripts/jquery1.9.1.min.js" behavior="0" />
      <RootComponent type="62" behavior="0" />
      <RootComponent type="91" schemaName="Adxstudio.Xrm.Workflow.ContentAccessLevel, Version=1.0.0.0, Culture=neutral, PublicKeyToken=ff8e534030a6927c" behavior="0" />
      <RootComponent type="91" schemaName="Adxstudio.Xrm.Plugins.ContentAccessLevel, Version=1.0.0.0, Culture=neutral, PublicKeyToken=619fc0d0ed4fb497" behavior="0" />
      <RootComponent type="92" id="{74754205-b680-e611-80d4-00155d88db63}" behavior="0" />
      <RootComponent type="92" id="{8fcd2df8-b580-e611-80d4-00155d88db63}" behavior="0" />
    </RootComponents>
    <MissingDependencies>
      <MissingDependency>
        <Required key="0" type="1" schemaName="adx_webrole" displayName="Web Role" solution="MicrosoftCrmPortalDependencies (8.1.0005)" />
        <Dependent key="0" type="1" schemaName="adx_webrole" displayName="Web Role" />
      </MissingDependency>
      <MissingDependency>
        <Required key="1" type="1" schemaName="adx_publishingstatetransitionrule" displayName="Publishing State Transition Rule" solution="MicrosoftCrmPortalBase (8.1.0011)" />
        <Dependent key="2" type="62" id="{6921fba1-bc5f-e611-80d5-00155db11561}" />
      </MissingDependency>
      <MissingDependency>
        <Required key="3" type="1" schemaName="adx_poll" displayName="Poll" solution="MicrosoftCrmPortalBase (8.1.0011)" />
        <Dependent key="2" type="62" id="{6921fba1-bc5f-e611-80d5-00155db11561}" />
      </MissingDependency>
      <MissingDependency>
        <Required key="4" type="1" schemaName="msdyn_postruleconfig" displayName="Post Rule Configuration" solution="ActivityFeedsCore (8.1.0.0)" />
        <Dependent key="2" type="62" id="{6921fba1-bc5f-e611-80d5-00155db11561}" />
      </MissingDependency>
      <MissingDependency>
        <Required key="5" type="1" schemaName="adx_ad" displayName="Ad" solution="MicrosoftCrmPortalBase (8.1.0011)" />
        <Dependent key="2" type="62" id="{6921fba1-bc5f-e611-80d5-00155db11561}" />
      </MissingDependency>
      <MissingDependency>
        <Required key="6" type="1" schemaName="adx_webtemplate" displayName="Web Template" solution="MicrosoftCrmPortalBase (8.1.0011)" />
        <Dependent key="2" type="62" id="{6921fba1-bc5f-e611-80d5-00155db11561}" />
      </MissingDependency>
      <MissingDependency>
        <Required key="7" type="1" schemaName="adx_webpageaccesscontrolrule" displayName="Web Page Access Control Rule" solution="MicrosoftCrmPortalBase (8.1.0011)" />
        <Dependent key="2" type="62" id="{6921fba1-bc5f-e611-80d5-00155db11561}" />
      </MissingDependency>
      <MissingDependency>
        <Required key="8" type="1" schemaName="adx_weblinkset" displayName="Web Link Set" solution="MicrosoftCrmPortalDependencies (8.1.0005)" />
        <Dependent key="2" type="62" id="{6921fba1-bc5f-e611-80d5-00155db11561}" />
      </MissingDependency>
      <MissingDependency>
        <Required key="9" type="1" schemaName="adx_setting" displayName="Setting" solution="MicrosoftCrmPortalBase (8.1.0011)" />
        <Dependent key="2" type="62" id="{6921fba1-bc5f-e611-80d5-00155db11561}" />
      </MissingDependency>
      <MissingDependency>
        <Required key="10" type="1" schemaName="msdyn_postconfig" displayName="Post Configuration" solution="ActivityFeedsCore (8.1.0.0)" />
        <Dependent key="2" type="62" id="{6921fba1-bc5f-e611-80d5-00155db11561}" />
      </MissingDependency>
      <MissingDependency>
        <Required key="11" type="1" schemaName="adx_redirect" displayName="Redirect" solution="MicrosoftCrmPortalBase (8.1.0011)" />
        <Dependent key="2" type="62" id="{6921fba1-bc5f-e611-80d5-00155db11561}" />
      </MissingDependency>
      <MissingDependency>
        <Required key="12" type="1" schemaName="adx_adplacement" displayName="Ad Placement" solution="MicrosoftCrmPortalBase (8.1.0011)" />
        <Dependent key="2" type="62" id="{6921fba1-bc5f-e611-80d5-00155db11561}" />
      </MissingDependency>
      <MissingDependency>
        <Required key="13" type="1" schemaName="adx_sitemarker" displayName="Site Marker" solution="MicrosoftCrmPortalDependencies (8.1.0005)" />
        <Dependent key="2" type="62" id="{6921fba1-bc5f-e611-80d5-00155db11561}" />
      </MissingDependency>
      <MissingDependency>
        <Required key="14" type="1" schemaName="adx_invitation" displayName="Invitation" solution="MicrosoftCrmPortalBase (8.1.0011)" />
        <Dependent key="2" type="62" id="{6921fba1-bc5f-e611-80d5-00155db11561}" />
      </MissingDependency>
      <MissingDependency>
        <Required key="15" type="1" schemaName="adx_webfile" displayName="Web File" solution="MicrosoftCrmPortalDependencies (8.1.0005)" />
        <Dependent key="2" type="62" id="{6921fba1-bc5f-e611-80d5-00155db11561}" />
      </MissingDependency>
      <MissingDependency>
        <Required key="16" type="1" schemaName="adx_pagetemplate" displayName="Page Template" solution="MicrosoftCrmPortalDependencies (8.1.0005)" />
        <Dependent key="2" type="62" id="{6921fba1-bc5f-e611-80d5-00155db11561}" />
      </MissingDependency>
      <MissingDependency>
        <Required key="17" type="1" schemaName="adx_websiteaccess" displayName="Website Access" solution="MicrosoftCrmPortalBase (8.1.0011)" />
        <Dependent key="2" type="62" id="{6921fba1-bc5f-e611-80d5-00155db11561}" />
      </MissingDependency>
      <MissingDependency>
        <Required key="18" type="1" schemaName="adx_contentsnippet" displayName="Content Snippet" solution="MicrosoftCrmPortalDependencies (8.1.0005)" />
        <Dependent key="2" type="62" id="{6921fba1-bc5f-e611-80d5-00155db11561}" />
      </MissingDependency>
      <MissingDependency>
        <Required key="19" type="1" schemaName="adx_sitesetting" displayName="Site Setting" solution="MicrosoftCrmPortalDependencies (8.1.0005)" />
        <Dependent key="2" type="62" id="{6921fba1-bc5f-e611-80d5-00155db11561}" />
      </MissingDependency>
      <MissingDependency>
        <Required key="20" type="1" schemaName="adx_entitypermission" displayName="Entity Permission" solution="MicrosoftCrmPortalBase (8.1.0011)" />
        <Dependent key="2" type="62" id="{6921fba1-bc5f-e611-80d5-00155db11561}" />
      </MissingDependency>
      <MissingDependency>
        <Required key="21" type="1" schemaName="adx_website" displayName="Website" solution="MicrosoftCrmPortalDependencies (8.1.0005)" />
        <Dependent key="2" type="62" id="{6921fba1-bc5f-e611-80d5-00155db11561}" />
      </MissingDependency>
      <MissingDependency>
        <Required key="22" type="1" schemaName="adx_webpage" displayName="Web Page" solution="MicrosoftCrmPortalDependencies (8.1.0005)" />
        <Dependent key="2" type="62" id="{6921fba1-bc5f-e611-80d5-00155db11561}" />
      </MissingDependency>
      <MissingDependency>
        <Required key="23" type="1" schemaName="adx_shortcut" displayName="Shortcut" solution="MicrosoftCrmPortalBase (8.1.0011)" />
        <Dependent key="2" type="62" id="{6921fba1-bc5f-e611-80d5-00155db11561}" />
      </MissingDependency>
      <MissingDependency>
        <Required key="24" type="1" schemaName="adx_websitebinding" displayName="Website Binding" solution="MicrosoftCrmPortalBase (8.1.0011)" />
        <Dependent key="2" type="62" id="{6921fba1-bc5f-e611-80d5-00155db11561}" />
      </MissingDependency>
      <MissingDependency>
        <Required key="25" type="1" schemaName="adx_pollplacement" displayName="Poll Placement" solution="MicrosoftCrmPortalBase (8.1.0011)" />
        <Dependent key="2" type="62" id="{6921fba1-bc5f-e611-80d5-00155db11561}" />
      </MissingDependency>
      <MissingDependency>
        <Required key="26" type="2" schemaName="statecode" displayName="Status" parentSchemaName="adx_webrole" parentDisplayName="Web Role" solution="MicrosoftCrmPortalDependencies (8.1.0005)" />
        <Dependent key="27" type="60" displayName="Information" parentDisplayName="Web Role" id="{32d92d2c-67d6-4c8c-b406-6ac64391f89a}" />
      </MissingDependency>
      <MissingDependency>
        <Required key="28" type="2" schemaName="adx_anonymoususersrole" displayName="Anonymous Users Role" parentSchemaName="adx_webrole" parentDisplayName="Web Role" solution="MicrosoftCrmPortalBase (8.1.0011)" />
        <Dependent key="27" type="60" displayName="Information" parentDisplayName="Web Role" id="{32d92d2c-67d6-4c8c-b406-6ac64391f89a}" />
      </MissingDependency>
      <MissingDependency>
        <Required key="29" type="2" schemaName="adx_authenticatedusersrole" displayName="Authenticated Users Role" parentSchemaName="adx_webrole" parentDisplayName="Web Role" solution="MicrosoftCrmPortalDependencies (8.1.0005)" />
        <Dependent key="27" type="60" displayName="Information" parentDisplayName="Web Role" id="{32d92d2c-67d6-4c8c-b406-6ac64391f89a}" />
      </MissingDependency>
      <MissingDependency>
        <Required key="30" type="2" schemaName="adx_name" displayName="Name" parentSchemaName="adx_webrole" parentDisplayName="Web Role" solution="MicrosoftCrmPortalDependencies (8.1.0005)" />
        <Dependent key="27" type="60" displayName="Information" parentDisplayName="Web Role" id="{32d92d2c-67d6-4c8c-b406-6ac64391f89a}" />
      </MissingDependency>
      <MissingDependency>
        <Required key="31" type="2" schemaName="adx_websiteid" displayName="Website" parentSchemaName="adx_webrole" parentDisplayName="Web Role" solution="MicrosoftCrmPortalDependencies (8.1.0005)" />
        <Dependent key="27" type="60" displayName="Information" parentDisplayName="Web Role" id="{32d92d2c-67d6-4c8c-b406-6ac64391f89a}" />
      </MissingDependency>
      <MissingDependency>
        <Required key="32" type="2" schemaName="ownerid" displayName="Owner" parentSchemaName="adx_webrole" parentDisplayName="Web Role" solution="Active" />
        <Dependent key="27" type="60" displayName="Information" parentDisplayName="Web Role" id="{32d92d2c-67d6-4c8c-b406-6ac64391f89a}" />
      </MissingDependency>
      <MissingDependency>
        <Required key="33" type="2" schemaName="adx_description" displayName="Description" parentSchemaName="adx_webrole" parentDisplayName="Web Role" solution="MicrosoftCrmPortalDependencies (8.1.0005)" />
        <Dependent key="27" type="60" displayName="Information" parentDisplayName="Web Role" id="{32d92d2c-67d6-4c8c-b406-6ac64391f89a}" />
      </MissingDependency>
      <MissingDependency>
        <Required key="34" type="2" schemaName="adx_profilealertdate" displayName="Profile Alert Date" parentSchemaName="contact" parentDisplayName="Contact" solution="MicrosoftCrmPortalBase (8.1.0011)" />
        <Dependent key="35" type="60" displayName="Portal Contact" parentDisplayName="Contact" id="{3fb651a5-cdbf-46c9-87fb-d2c748662bb8}" />
      </MissingDependency>
      <MissingDependency>
        <Required key="36" type="2" schemaName="adx_profilealertinstructions" displayName="Profile Alert Instructions" parentSchemaName="contact" parentDisplayName="Contact" solution="MicrosoftCrmPortalBase (8.1.0011)" />
        <Dependent key="35" type="60" displayName="Portal Contact" parentDisplayName="Contact" id="{3fb651a5-cdbf-46c9-87fb-d2c748662bb8}" />
      </MissingDependency>
      <MissingDependency>
        <Required key="37" type="2" schemaName="adx_profilealert" displayName="Profile Alert" parentSchemaName="contact" parentDisplayName="Contact" solution="MicrosoftCrmPortalBase (8.1.0011)" />
        <Dependent key="35" type="60" displayName="Portal Contact" parentDisplayName="Contact" id="{3fb651a5-cdbf-46c9-87fb-d2c748662bb8}" />
      </MissingDependency>
      <MissingDependency>
        <Required key="38" type="2" schemaName="adx_timezone" displayName="Time Zone" parentSchemaName="contact" parentDisplayName="Contact" solution="MicrosoftCrmPortalDependencies (8.1.0005)" />
        <Dependent key="35" type="60" displayName="Portal Contact" parentDisplayName="Contact" id="{3fb651a5-cdbf-46c9-87fb-d2c748662bb8}" />
      </MissingDependency>
      <MissingDependency>
        <Required key="30" type="2" schemaName="adx_name" displayName="Name" parentSchemaName="adx_webrole" parentDisplayName="Web Role" solution="MicrosoftCrmPortalDependencies (8.1.0005)" />
        <Dependent key="39" type="60" displayName="Information" parentDisplayName="Web Role" id="{22c8e180-1d7a-4626-88a6-8e82d76b3122}" />
      </MissingDependency>
      <MissingDependency>
        <Required key="32" type="2" schemaName="ownerid" displayName="Owner" parentSchemaName="adx_webrole" parentDisplayName="Web Role" solution="Active" />
        <Dependent key="39" type="60" displayName="Information" parentDisplayName="Web Role" id="{22c8e180-1d7a-4626-88a6-8e82d76b3122}" />
      </MissingDependency>
      <MissingDependency>
        <Required key="40" type="2" schemaName="createdon" displayName="Created On" parentSchemaName="adx_webrole" parentDisplayName="Web Role" solution="MicrosoftCrmPortalDependencies (8.1.0005)" />
        <Dependent key="41" type="60" displayName="Information" parentDisplayName="Web Role" id="{b119f0f8-148f-4e20-a895-f955374ade33}" />
      </MissingDependency>
      <MissingDependency>
        <Required key="42" type="2" schemaName="statuscode" displayName="Status Reason" parentSchemaName="adx_webrole" parentDisplayName="Web Role" solution="MicrosoftCrmPortalDependencies (8.1.0005)" />
        <Dependent key="41" type="60" displayName="Information" parentDisplayName="Web Role" id="{b119f0f8-148f-4e20-a895-f955374ade33}" />
      </MissingDependency>
      <MissingDependency>
        <Required key="30" type="2" schemaName="adx_name" displayName="Name" parentSchemaName="adx_webrole" parentDisplayName="Web Role" solution="MicrosoftCrmPortalDependencies (8.1.0005)" />
        <Dependent key="41" type="60" displayName="Information" parentDisplayName="Web Role" id="{b119f0f8-148f-4e20-a895-f955374ade33}" />
      </MissingDependency>
      <MissingDependency>
        <Required key="32" type="2" schemaName="ownerid" displayName="Owner" parentSchemaName="adx_webrole" parentDisplayName="Web Role" solution="Active" />
        <Dependent key="41" type="60" displayName="Information" parentDisplayName="Web Role" id="{b119f0f8-148f-4e20-a895-f955374ade33}" />
      </MissingDependency>
      <MissingDependency>
        <Required key="43" type="10" schemaName="adx_webrole_contact" displayName="adx_webrole_contact" parentSchemaName="adx_webrole" parentDisplayName="Web Role" solution="MicrosoftCrmPortalDependencies (8.1.0005)" />
        <Dependent key="35" type="60" displayName="Portal Contact" parentDisplayName="Contact" id="{3fb651a5-cdbf-46c9-87fb-d2c748662bb8}" />
      </MissingDependency>
      <MissingDependency>
        <Required key="44" type="10" schemaName="adx_website_webrole" displayName="adx_website_webrole" parentSchemaName="adx_webrole" parentDisplayName="Web Role" solution="MicrosoftCrmPortalDependencies (8.1.0005)" />
        <Dependent key="27" type="60" displayName="Information" parentDisplayName="Web Role" id="{32d92d2c-67d6-4c8c-b406-6ac64391f89a}" />
      </MissingDependency>
      <MissingDependency>
        <Required key="0" type="1" schemaName="adx_webrole" displayName="Web Role" solution="MicrosoftCrmPortalDependencies (8.1.0005)" />
        <Dependent key="45" type="10" schemaName="adx_WebRoleContentAccessLevel" displayName="adx_WebRoleContentAccessLevel" parentSchemaName="adx_contentaccesslevel" parentDisplayName="Content Access Level" />
      </MissingDependency>
      <MissingDependency>
        <Required key="46" type="26" schemaName="Active Web Roles" displayName="Active Web Roles" parentSchemaName="adx_webrole" parentDisplayName="Web Role" solution="MicrosoftCrmPortalDependencies (8.1.0005)" id="{8a3aad5d-06ee-40ad-a1ba-000c521a8f83}" />
        <Dependent key="35" type="60" displayName="Portal Contact" parentDisplayName="Contact" id="{3fb651a5-cdbf-46c9-87fb-d2c748662bb8}" />
      </MissingDependency>
      <MissingDependency>
        <Required key="35" type="60" displayName="Portal Contact" parentDisplayName="Contact" solution="MicrosoftCrmPortalDependencies (8.1.0005)" id="{3fb651a5-cdbf-46c9-87fb-d2c748662bb8}" />
        <Dependent key="35" type="60" displayName="Portal Contact" parentDisplayName="Contact" id="{3fb651a5-cdbf-46c9-87fb-d2c748662bb8}" />
      </MissingDependency>
      <MissingDependency>
        <Required key="47" type="61" schemaName="msdyn_/Images/Wall_16.png" displayName="msdyn_/Images/Wall_16.png" solution="ActivityFeedsCore (8.1.0.0)" />
        <Dependent key="2" type="62" id="{6921fba1-bc5f-e611-80d5-00155db11561}" />
      </MissingDependency>
      <MissingDependency>
        <Required key="48" type="61" schemaName="msa_scripts/jquery1.9.1.min.js" displayName="msa_scripts/jquery1.9.1.min.js" solution="MicrosoftCrmPortalDependencies (8.1.0005)" />
        <Dependent key="48" type="61" schemaName="msa_scripts/jquery1.9.1.min.js" displayName="msa_scripts/jquery1.9.1.min.js" />
      </MissingDependency>
      <MissingDependency>
        <Required key="49" type="61" schemaName="msa_resources/ResourcesManager.js" displayName="msa_resources/ResourcesManager.js" solution="MicrosoftCrmPortalDependencies (8.1.0005)" />
        <Dependent key="49" type="61" schemaName="msa_resources/ResourcesManager.js" displayName="msa_resources/ResourcesManager.js" />
      </MissingDependency>
      <MissingDependency>
        <Required key="50" type="61" schemaName="msa_icon_webrole_medium" displayName="msa_icon_webrole_medium" solution="MicrosoftCrmPortalDependencies (8.1.0005)" />
        <Dependent key="0" type="1" schemaName="adx_webrole" displayName="Web Role" />
      </MissingDependency>
      <MissingDependency>
        <Required key="51" type="61" schemaName="msa_adx_webrole_small" displayName="msa_adx_webrole_small" solution="MicrosoftCrmPortalDependencies (8.1.0005)" />
        <Dependent key="0" type="1" schemaName="adx_webrole" displayName="Web Role" />
      </MissingDependency>
      <MissingDependency>
        <Required key="52" type="61" schemaName="msa_icon_nav_portals_32.png" displayName="msa_icon_nav_portals_32.png" solution="MicrosoftCrmPortalDependencies (8.1.0005)" />
        <Dependent key="2" type="62" id="{6921fba1-bc5f-e611-80d5-00155db11561}" />
      </MissingDependency>
      <MissingDependency>
        <Required key="53" type="61" schemaName="msdyn_/PersonalWall.htm" displayName="msdyn_/PersonalWall.htm" solution="ActivityFeedsCore (8.1.0.0)" />
        <Dependent key="2" type="62" id="{6921fba1-bc5f-e611-80d5-00155db11561}" />
      </MissingDependency>
    </MissingDependencies>
  </SolutionManifest>
</ImportExportXml>