﻿<?xml version="1.0" encoding="utf-8"?>
<ImportExportXml version="8.1.0000.0129" SolutionPackageVersion="8.0" languagecode="1033" generatedBy="OnPremise" xmlns:xsi="http://www.w3.org/2001/XMLSchema-instance">
  <SolutionManifest>
    <UniqueName>CustomerService</UniqueName>
    <LocalizedNames>
      <LocalizedName description="Dynamics 365 Portals - Customer Service" languagecode="1033" />
      <LocalizedName description="Портали на Dynamics 365 – Customer Service" languagecode="1026" />
      <LocalizedName description="Portals del Dynamics 365: Customer Service" languagecode="1027" />
      <LocalizedName description="Portály Dynamics 365 – Customer Service" languagecode="1029" />
      <LocalizedName description="Dynamics 365-portaler - Customer Service" languagecode="1030" />
      <LocalizedName description="Dynamics 365-Portale – Customer Service" languagecode="1031" />
      <LocalizedName description="Πύλες Dynamics 365 - Customer Service" languagecode="1032" />
      <LocalizedName description="Portales de Dynamics 365: Customer Service" languagecode="3082" />
      <LocalizedName description="Dynamics 365 portaalid – Customer Service" languagecode="1061" />
      <LocalizedName description="Dynamics 365 Atariak: Customer Service" languagecode="1069" />
      <LocalizedName description="Dynamics 365 -portaalit – Customer Service" languagecode="1035" />
      <LocalizedName description="Portails Dynamics 365 - Customer Service" languagecode="1036" />
      <LocalizedName description="Portais de Dynamics 365: Customer Service" languagecode="1110" />
      <LocalizedName description="Dynamics 365 पोर्टल - Customer Service" languagecode="1081" />
      <LocalizedName description="Portali sustava Dynamics 365 – Customer Service" languagecode="1050" />
      <LocalizedName description="Dynamics 365 portálok – Customer Service" languagecode="1038" />
      <LocalizedName description="Portal Dynamics 365 - Customer Service" languagecode="1057" />
      <LocalizedName description="Portali di Dynamics 365 - Customer Service" languagecode="1040" />
      <LocalizedName description="Dynamics 365 ポータル - Customer Service" languagecode="1041" />
      <LocalizedName description="Dynamics 365 порталдары - Customer Service" languagecode="1087" />
      <LocalizedName description="Dynamics 365 포털 - Customer Service" languagecode="1042" />
      <LocalizedName description="„Dynamics 365” portalai – „Customer Service”" languagecode="1063" />
      <LocalizedName description="Dynamics 365 portāli — Customer Service" languagecode="1062" />
      <LocalizedName description="Portal Dynamics 365 - Customer Service" languagecode="1086" />
      <LocalizedName description="Dynamics 365-portaler – Customer Service" languagecode="1044" />
      <LocalizedName description="Dynamics 365-portals - Customer Service" languagecode="1043" />
      <LocalizedName description="Portale usługi Dynamics 365 — Customer Service" languagecode="1045" />
      <LocalizedName description="Portais do Dynamics 365 - Customer Service" languagecode="1046" />
      <LocalizedName description="Dynamics 365 Portais - Customer Service" languagecode="2070" />
      <LocalizedName description="Portaluri Dynamics 365 - Customer Service" languagecode="1048" />
      <LocalizedName description="Порталы Dynamics 365 — Customer Service" languagecode="1049" />
      <LocalizedName description="Portály systému Dynamics 365 – Customer Service" languagecode="1051" />
      <LocalizedName description="Portali storitve Dynamics 365 – Customer Service" languagecode="1060" />
      <LocalizedName description="Dynamics 365 портали – Customer Service" languagecode="3098" />
      <LocalizedName description="Dynamics 365 портали – Customer Service" languagecode="10266" />
      <LocalizedName description="Dynamics 365 portali – Customer Service" languagecode="2074" />
      <LocalizedName description="Dynamics 365 portali – Customer Service" languagecode="9242" />
      <LocalizedName description="Dynamics 365-portaler – Customer Service" languagecode="1053" />
      <LocalizedName description="พอร์ทัล Dynamics 365 - Customer Service" languagecode="1054" />
      <LocalizedName description="Dynamics 365 Portalları - Customer Service" languagecode="1055" />
      <LocalizedName description="Портали Dynamics 365 – Customer Service" languagecode="1058" />
      <LocalizedName description="Cổng thông tin Dynamics 365 - Customer Service" languagecode="1066" />
      <LocalizedName description="Dynamics 365 门户 - Customer Service" languagecode="2052" />
      <LocalizedName description="Dynamics 365 入口網站 - Customer Service" languagecode="3076" />
      <LocalizedName description="Dynamics 365 入口網站 - Customer Service" languagecode="1028" />
    </LocalizedNames>
    <Descriptions>
      <Description description="Extends portals case management with functionality for viewing and searching cases." languagecode="1033" />
      <Description description="Разширява управлението на случаи в портали с функционалност за преглед и търсене на случаи." languagecode="1026" />
      <Description description="Amplia l'administració de casos dels portals amb funcionalitat per visualitzar i cercar casos." languagecode="1027" />
      <Description description="Rozšiřuje správu případů na portálech o funkci prohlížení a vyhledávání případů." languagecode="1029" />
      <Description description="Udvider portalens sagsstyring med funktioner til visning af og søgning efter sager." languagecode="1030" />
      <Description description="Erweitert Portalanfragenverwaltung mit Funktionalität zum Anzeigen und Suchen von Anfragen." languagecode="1031" />
      <Description description="Επεκτείνει τη διαχείριση υποθέσεων στις πύλες με λειτουργικότητα προβολής και αναζήτησης υποθέσεων." languagecode="1032" />
      <Description description="Amplía la administración de casos de los portales con funcionalidad para ver y buscar casos." languagecode="3082" />
      <Description description="Laiendab portaalide teenindusjuhtumite haldust teenindusjuhtumite kuvamise ja otsimise funktsioonidega." languagecode="1061" />
      <Description description="Atarien kasu-kudeaketa hedatzen du kasuak ikusteko eta bilatzeko funtzionaltasunaren bidez." languagecode="1069" />
      <Description description="Laajentaa portaalien palvelupyyntöjen hallintaa katselun ja haun palvelupyyntöjen toimintoon." languagecode="1035" />
      <Description description="Étend la gestion des incidents des portails avec une fonctionnalité permettant de visualiser et de rechercher des incidents." languagecode="1036" />
      <Description description="Amplía a xestión de casos dos portais con funcionalidades para ver e buscar casos." languagecode="1110" />
      <Description description="मामले देखने और खोजने के लिए कार्यात्मकता के साथ पोर्टल मामला प्रबंधन को विस्तृत करता है." languagecode="1081" />
      <Description description="Proširuje upravljanje slučajevima portala funkcijom pregledavanja i pretraživanja slučajeva." languagecode="1050" />
      <Description description="Új funkcióval bővíti a portálok esetkezelését, amely megkönnyíti az esetek megtekintését és keresését." languagecode="1038" />
      <Description description="Memperluas manajemen kasus portal dengan fungsi untuk melihat dan mencari kasus." languagecode="1057" />
      <Description description="Espande la gestione dei casi dei portali con la funzionalità per la visualizzazione e la ricerca dei casi." languagecode="1040" />
      <Description description="サポート案件を表示および検索する機能を追加して、ポータルのサポート案件管理を拡張します。" languagecode="1041" />
      <Description description="Істерді қарау және іздеу үшін функционалдылықпен порталдардың істерді басқару функциясын кеңейтеді." languagecode="1087" />
      <Description description="서비스 케이스를 보고 검색하는 기능으로 포털 서비스 케이스 관리를 확장합니다." languagecode="1042" />
      <Description description="Portalų atvejų valdymas išplečiamas atvejų peržiūros ir paieškos funkcijomis." languagecode="1063" />
      <Description description="Paplašina portālu pieteikumu pārvaldību, pievienojot pieteikumu skatīšanas un meklēšanas funkcionalitāti." languagecode="1062" />
      <Description description="Lanjutkan pengurusan kes portal dengan kefungsian untuk melihat dan mencari kes." languagecode="1086" />
      <Description description="Utvider behandling av portalsaker med funksjonalitet for å vise og søke etter saker." languagecode="1044" />
      <Description description="Breidt portals voor aanvraagbeheer uit met functionaliteit voor het weergeven en zoeken van aanvragen." languagecode="1043" />
      <Description description="Rozszerza możliwości portali w zakresie zarządzania sprawami o funkcje wyświetlania i wyszukiwania spraw." languagecode="1045" />
      <Description description="Estende o gerenciamento de ocorrências dos portais com a funcionalidade para exibição e pesquisa de ocorrências." languagecode="1046" />
      <Description description="Expande a gestão de incidentes de portais com uma funcionalidade de visualização e pesquisa de incidentes." languagecode="2070" />
      <Description description="Extinde gestionarea cazurilor pentru portal cu funcționalități pentru vizualizarea și căutarea în cazuri." languagecode="1048" />
      <Description description="Расширяет возможности управления обращениями портала благодаря функциям просмотра и поиска обращений." languagecode="1049" />
      <Description description="Rozširuje spravovanie prípadov na portáloch o funkcie zobrazovania a vyhľadávania prípadov." languagecode="1051" />
      <Description description="Upravljanje primerov na portalu razširi s funkcijo za ogledovanje in iskanje primerov." languagecode="1060" />
      <Description description="Проширује управљање предметима на порталима функционалношћу за преглед и претрагу предмета." languagecode="3098" />
      <Description description="Проширује управљање предметима на порталима функционалношћу за преглед и претрагу предмета." languagecode="10266" />
      <Description description="Proširuje upravljanje predmetima na portalima funkcionalnošću za pregled i pretragu predmeta." languagecode="2074" />
      <Description description="Proširuje upravljanje predmetima na portalima funkcionalnošću za pregled i pretragu predmeta." languagecode="9242" />
      <Description description="Utökar portalers ärendehantering med funktioner för att visa och söka ärenden." languagecode="1053" />
      <Description description="ขยายการจัดการกรณีและปัญหาพอร์ทัลด้วยฟังก์ชันการทำงานสำหรับการดูและการค้นหากรณีและปัญหา" languagecode="1054" />
      <Description description="Portal servis talebi yönetimini servis taleplerini görüntüleme ve arama işlevleriyle genişletir." languagecode="1055" />
      <Description description="Доповнює можливості керування інцидентами функціями перегляду та пошуку інцидентів." languagecode="1058" />
      <Description description="Mở rộng quản lý trường hợp cổng thông tin bằng chức năng xem và tìm kiếm trường hợp." languagecode="1066" />
      <Description description="扩展门户服务案例管理功能，使其具备查看和搜索服务案例的功能。" languagecode="2052" />
      <Description description="使用檢視及搜尋案例的功能來擴充入口網站案例管理。" languagecode="3076" />
      <Description description="使用檢視及搜尋案例的功能來擴充入口網站案例管理。" languagecode="1028" />
    </Descriptions>
    <Version>8.1.0005</Version>
    <Managed>1</Managed>
    <Publisher>
      <UniqueName>adxstudio</UniqueName>
      <LocalizedNames>
        <LocalizedName description="Microsoft" languagecode="1033" />
        <LocalizedName description="Microsoft" languagecode="1026" />
        <LocalizedName description="Microsoft" languagecode="1027" />
        <LocalizedName description="Microsoft" languagecode="1029" />
        <LocalizedName description="Microsoft" languagecode="1030" />
        <LocalizedName description="Microsoft" languagecode="1031" />
        <LocalizedName description="Microsoft" languagecode="1032" />
        <LocalizedName description="Microsoft" languagecode="3082" />
        <LocalizedName description="Microsoft" languagecode="1061" />
        <LocalizedName description="Microsoft" languagecode="1069" />
        <LocalizedName description="Microsoft" languagecode="1035" />
        <LocalizedName description="Microsoft" languagecode="1036" />
        <LocalizedName description="Microsoft" languagecode="1110" />
        <LocalizedName description="Microsoft" languagecode="1081" />
        <LocalizedName description="Microsoft" languagecode="1050" />
        <LocalizedName description="Microsoft" languagecode="1038" />
        <LocalizedName description="Microsoft" languagecode="1057" />
        <LocalizedName description="Microsoft" languagecode="1040" />
        <LocalizedName description="Microsoft" languagecode="1041" />
        <LocalizedName description="Microsoft" languagecode="1087" />
        <LocalizedName description="Microsoft" languagecode="1042" />
        <LocalizedName description="„Microsoft“" languagecode="1063" />
        <LocalizedName description="Microsoft" languagecode="1062" />
        <LocalizedName description="Microsoft" languagecode="1086" />
        <LocalizedName description="Microsoft" languagecode="1044" />
        <LocalizedName description="Microsoft" languagecode="1043" />
        <LocalizedName description="Microsoft" languagecode="1045" />
        <LocalizedName description="Microsoft" languagecode="1046" />
        <LocalizedName description="Microsoft" languagecode="2070" />
        <LocalizedName description="Microsoft" languagecode="1048" />
        <LocalizedName description="Корпорация Майкрософт" languagecode="1049" />
        <LocalizedName description="Microsoft" languagecode="1051" />
        <LocalizedName description="Microsoft" languagecode="1060" />
        <LocalizedName description="Microsoft" languagecode="3098" />
        <LocalizedName description="Microsoft" languagecode="10266" />
        <LocalizedName description="Microsoft" languagecode="2074" />
        <LocalizedName description="Microsoft" languagecode="9242" />
        <LocalizedName description="Microsoft" languagecode="1053" />
        <LocalizedName description="Microsoft" languagecode="1054" />
        <LocalizedName description="Microsoft" languagecode="1055" />
        <LocalizedName description="Microsoft" languagecode="1058" />
        <LocalizedName description="Microsoft" languagecode="1066" />
        <LocalizedName description="Microsoft" languagecode="2052" />
        <LocalizedName description="Microsoft" languagecode="3076" />
        <LocalizedName description="Microsoft" languagecode="1028" />
      </LocalizedNames>
      <Descriptions />
      <EMailAddress>support@adxstudio.com</EMailAddress>
      <SupportingWebsiteUrl>http://www.adxstudio.com</SupportingWebsiteUrl>
      <CustomizationPrefix>adx</CustomizationPrefix>
      <CustomizationOptionValuePrefix>75615</CustomizationOptionValuePrefix>
      <Addresses>
        <Address>
          <AddressNumber>1</AddressNumber>
          <AddressTypeCode>1</AddressTypeCode>
          <City xsi:nil="true"></City>
          <County xsi:nil="true"></County>
          <Country xsi:nil="true"></Country>
          <Fax xsi:nil="true"></Fax>
          <FreightTermsCode xsi:nil="true"></FreightTermsCode>
          <ImportSequenceNumber xsi:nil="true"></ImportSequenceNumber>
          <Latitude xsi:nil="true"></Latitude>
          <Line1 xsi:nil="true"></Line1>
          <Line2 xsi:nil="true"></Line2>
          <Line3 xsi:nil="true"></Line3>
          <Longitude xsi:nil="true"></Longitude>
          <Name xsi:nil="true"></Name>
          <PostalCode xsi:nil="true"></PostalCode>
          <PostOfficeBox xsi:nil="true"></PostOfficeBox>
          <PrimaryContactName xsi:nil="true"></PrimaryContactName>
          <ShippingMethodCode>1</ShippingMethodCode>
          <StateOrProvince xsi:nil="true"></StateOrProvince>
          <Telephone1 xsi:nil="true"></Telephone1>
          <Telephone2 xsi:nil="true"></Telephone2>
          <Telephone3 xsi:nil="true"></Telephone3>
          <TimeZoneRuleVersionNumber xsi:nil="true"></TimeZoneRuleVersionNumber>
          <UPSZone xsi:nil="true"></UPSZone>
          <UTCOffset xsi:nil="true"></UTCOffset>
          <UTCConversionTimeZoneCode xsi:nil="true"></UTCConversionTimeZoneCode>
        </Address>
        <Address>
          <AddressNumber>2</AddressNumber>
          <AddressTypeCode>1</AddressTypeCode>
          <City xsi:nil="true"></City>
          <County xsi:nil="true"></County>
          <Country xsi:nil="true"></Country>
          <Fax xsi:nil="true"></Fax>
          <FreightTermsCode xsi:nil="true"></FreightTermsCode>
          <ImportSequenceNumber xsi:nil="true"></ImportSequenceNumber>
          <Latitude xsi:nil="true"></Latitude>
          <Line1 xsi:nil="true"></Line1>
          <Line2 xsi:nil="true"></Line2>
          <Line3 xsi:nil="true"></Line3>
          <Longitude xsi:nil="true"></Longitude>
          <Name xsi:nil="true"></Name>
          <PostalCode xsi:nil="true"></PostalCode>
          <PostOfficeBox xsi:nil="true"></PostOfficeBox>
          <PrimaryContactName xsi:nil="true"></PrimaryContactName>
          <ShippingMethodCode>1</ShippingMethodCode>
          <StateOrProvince xsi:nil="true"></StateOrProvince>
          <Telephone1 xsi:nil="true"></Telephone1>
          <Telephone2 xsi:nil="true"></Telephone2>
          <Telephone3 xsi:nil="true"></Telephone3>
          <TimeZoneRuleVersionNumber xsi:nil="true"></TimeZoneRuleVersionNumber>
          <UPSZone xsi:nil="true"></UPSZone>
          <UTCOffset xsi:nil="true"></UTCOffset>
          <UTCConversionTimeZoneCode xsi:nil="true"></UTCConversionTimeZoneCode>
        </Address>
      </Addresses>
    </Publisher>
    <RootComponents>
      <RootComponent type="1" schemaName="entitlement" behavior="1" />
      <RootComponent type="1" schemaName="incident" behavior="1" />
      <RootComponent type="1" schemaName="product" behavior="1" />
      <RootComponent type="29" id="{3eb48fb8-3d39-4791-accc-35f3ca5ba9fb}" behavior="0" />
      <RootComponent type="60" id="{0006be86-f1ff-40e8-91b1-f217e7e992a5}" behavior="0" />
      <RootComponent type="60" id="{4a63c8d1-6c1e-48ec-9db4-3e6c7155334c}" behavior="0" />
      <RootComponent type="60" id="{5d8a0114-f769-43e5-ac5d-e540bf0d646d}" behavior="0" />
      <RootComponent type="60" id="{a77e85f5-22cb-4e4a-9e79-4afe48c31363}" behavior="0" />
    </RootComponents>
    <MissingDependencies>
      <MissingDependency>
        <Required key="19" type="90" schemaName="Adxstudio.Xrm.Workflow.GetRecordIdHelper.GetRecordId, Adxstudio.Xrm.Workflow.GetRecordIdHelper, Version=1.0.0.0, Culture=neutral, PublicKeyToken=c3f7c100072097e5" displayName="Get Record ID" solution="MicrosoftGetRecordIDWorkflowHelper (8.1.0000)" />
        <Dependent key="20" type="29" displayName="Customer Service - New Case Notification" id="{3eb48fb8-3d39-4791-accc-35f3ca5ba9fb}" />
      </MissingDependency>
    </MissingDependencies>
  </SolutionManifest>
</ImportExportXml>