﻿<?xml version="1.0" encoding="utf-8"?>
<ImportExportXml xmlns:xsi="http://www.w3.org/2001/XMLSchema-instance">
  <Entities />
  <Roles />
  <Workflows />
  <FieldSecurityProfiles />
  <Templates />
  <EntityMaps />
  <EntityRelationships />
  <OrganizationSettings />
  <optionsets />
  <SolutionPluginAssemblies>
    <PluginAssembly FullName="Adxstudio.Xrm.Workflow.ForEachHelper, Version=1.0.0.0, Culture=neutral, PublicKeyToken=3c4188165c62d08a" CustomizationLevel="1">
      <IsolationMode>2</IsolationMode>
      <SourceType>0</SourceType>
      <IntroducedVersion>1.0</IntroducedVersion>
      <FileName>/PluginAssemblies/AdxstudioXrmWorkflowForEachHelper-D2F03FEB-F53D-46E6-A9F1-D1420A9940BE/AdxstudioXrmWorkflowForEachHelper.dll</FileName>
      <PluginTypes>
        <PluginType AssemblyQualifiedName="Adxstudio.Xrm.Workflow.ForEachHelper.ForEach, Adxstudio.Xrm.Workflow.ForEachHelper, Version=1.0.0.0, Culture=neutral, PublicKeyToken=3c4188165c62d08a" Name="ForEach">
          <FriendlyName>f5a0bf60-99b2-4b9e-bb78-25daad6ef82c</FriendlyName>
          <WorkflowActivityGroupName>Adxstudio Workflow Helpers</WorkflowActivityGroupName>
        </PluginType>
        <PluginType AssemblyQualifiedName="Adxstudio.Xrm.Workflow.ForEachHelper.ForEachActivity, Adxstudio.Xrm.Workflow.ForEachHelper, Version=1.0.0.0, Culture=neutral, PublicKeyToken=3c4188165c62d08a" Name="ForEach Activity">
          <FriendlyName>19542543-f2a3-48b6-8a29-ac3418251a14</FriendlyName>
          <WorkflowActivityGroupName>Adxstudio Workflow Helpers</WorkflowActivityGroupName>
        </PluginType>
        <PluginType AssemblyQualifiedName="Adxstudio.Xrm.Workflow.ForEachHelper.ForEachTriggerCustomAction, Adxstudio.Xrm.Workflow.ForEachHelper, Version=1.0.0.0, Culture=neutral, PublicKeyToken=3c4188165c62d08a" Name="For Each Trigger Custom Action">
          <FriendlyName>6c42c3ca-d18b-4883-b591-12380e37cda3</FriendlyName>
          <WorkflowActivityGroupName>Adxstudio Workflow Helpers</WorkflowActivityGroupName>
        </PluginType>
      </PluginTypes>
    </PluginAssembly>
  </SolutionPluginAssemblies>
  <Languages>
    <Language>1033</Language>
  </Languages>
</ImportExportXml>