﻿<?xml version="1.0" encoding="utf-8"?>
<ImportExportXml version="8.1.0000.0122" SolutionPackageVersion="8.1" languagecode="1033" generatedBy="OnPremise" xmlns:xsi="http://www.w3.org/2001/XMLSchema-instance">
  <SolutionManifest>
    <UniqueName>MicrosoftForEachWorkflowHelper</UniqueName>
    <LocalizedNames>
      <LocalizedName description="Dynamics 365 Portals - ForEach Workflow Helper" languagecode="1033" />
      <LocalizedName description="Портали на Dynamics 365 – Помощник за работни потоци на ForEach" languagecode="1026" />
      <LocalizedName description="Portals del Dynamics 365: ajuda del flux de treball ForEach" languagecode="1027" />
      <LocalizedName description="Portály Dynamics 365 – Pomocník pracovního postupu pro cyklus ForEach" languagecode="1029" />
      <LocalizedName description="Dynamics 365-portaler - ForEach-hjælpefunktion til arbejdsprocesser" languagecode="1030" />
      <LocalizedName description="Dynamics 365-Portale – ForEach-Workflowhelfer" languagecode="1031" />
      <LocalizedName description="Πύλες Dynamics 365 - Βοηθός ροής εργασίας ForEach" languagecode="1032" />
      <LocalizedName description="Portales de Dynamics 365: aplicación auxiliar del flujo de trabajo ForEach" languagecode="3082" />
      <LocalizedName description="Dynamics 365 portaalid – ForEachi töövoo spikker" languagecode="1061" />
      <LocalizedName description="Dynamics 365 Atariak: ForEach lan-fluxuaren laguntzailea" languagecode="1069" />
      <LocalizedName description="Dynamics 365 -portaalit – ForEach-työnkulun apuosa" languagecode="1035" />
      <LocalizedName description="Portails Dynamics 365 - Assistant de workflow ForEach" languagecode="1036" />
      <LocalizedName description="Portais de Dynamics 365: Asistente do fluxo de traballo de ForEach" languagecode="1110" />
      <LocalizedName description="Dynamics 365 पोर्टल - ForEach कार्यप्रवाह सहायक" languagecode="1081" />
      <LocalizedName description="Portali sustava Dynamics 365 – Pomoćnik za svaki tijek rada" languagecode="1050" />
      <LocalizedName description="Dynamics 365 portálok – ForEach munkafolyamat segédje" languagecode="1038" />
      <LocalizedName description="Portal Dynamics 365 - Bantuan Alur Kerja ForEach" languagecode="1057" />
      <LocalizedName description="Portali di Dynamics 365- Helper flusso di lavoro ForEach" languagecode="1040" />
      <LocalizedName description="Dynamics 365 ポータル - ForEach ワークフロー ヘルパー" languagecode="1041" />
      <LocalizedName description="Dynamics 365 порталдары - ForEach жұмыс ағынының көмекшісі" languagecode="1087" />
      <LocalizedName description="Dynamics 365 포털 - ForEach 워크플로 도우미" languagecode="1042" />
      <LocalizedName description="„Dynamics 365”portalai – „ForEach“ darbo eigos pagalbinė priemonė" languagecode="1063" />
      <LocalizedName description="Dynamics 365 portāli — ForEach darbplūsmas palīgs" languagecode="1062" />
      <LocalizedName description="Portal Dynamics 365 - Pembantu Aliran Kerja ForEach" languagecode="1086" />
      <LocalizedName description="Dynamics 365-portaler – arbeidsflythjelper for ForEach" languagecode="1044" />
      <LocalizedName description="Dynamics 365-portals - Hulpfunctie voor elke werkstroom" languagecode="1043" />
      <LocalizedName description="Portale usługi Dynamics 365 — pomocnik przepływu pracy ForEach" languagecode="1045" />
      <LocalizedName description="Portais do Dynamics 365 - Auxiliar de Fluxo de Trabalho ForEach" languagecode="1046" />
      <LocalizedName description="Dynamics 365 Portais - Programa Auxiliar do Fluxo de Trabalho ForEach" languagecode="2070" />
      <LocalizedName description="Portaluri Dynamics 365 - Ajutor pentru fluxul de lucru ForEach" languagecode="1048" />
      <LocalizedName description="Порталы Dynamics 365 — вспомогательная функция бизнес-процесса ForEach" languagecode="1049" />
      <LocalizedName description="Portály systému Dynamics 365 – pomocný objekt pracovného postupu typu ForEach" languagecode="1051" />
      <LocalizedName description="Portali storitve Dynamics 365 – pomočnik poteka dela ForEach" languagecode="1060" />
      <LocalizedName description="Dynamics 365 портали – Помоћник тока посла ForEach" languagecode="3098" />
      <LocalizedName description="Dynamics 365 портали – Помоћник тока посла ForEach" languagecode="10266" />
      <LocalizedName description="Dynamics 365 portali – Pomoćnik toka posla ForEach" languagecode="2074" />
      <LocalizedName description="Dynamics 365 portali – Pomoćnik toka posla ForEach" languagecode="9242" />
      <LocalizedName description="Dynamics 365-portaler – hjälp om arbetsflödet ForEach" languagecode="1053" />
      <LocalizedName description="พอร์ทัล Dynamics 365 - ตัวช่วยเวิร์กโฟลว์ ForEach" languagecode="1054" />
      <LocalizedName description="Dynamics 365 Portalları - ForEach İş Akışı Yardımcısı" languagecode="1055" />
      <LocalizedName description="Портали Dynamics 365 – ForEach Workflow Helper" languagecode="1058" />
      <LocalizedName description="Cổng thông tin Dynamics 365- Phần trợ giúp Quy trình làm việc ForEach" languagecode="1066" />
      <LocalizedName description="Dynamics 365 门户 - ForEach 工作流助手" languagecode="2052" />
      <LocalizedName description="Dynamics 365 入口網站 - ForEach 工作流程協助程式" languagecode="3076" />
      <LocalizedName description="Dynamics 365 入口網站 - ForEach 工作流程協助程式" languagecode="1028" />
    </LocalizedNames>
    <Descriptions>
      <Description description="Contains the ForEachHelper custom workflow assembly, which contains three helpers that allow you to iterate across all records related to some other record and execute a child process for each one." languagecode="1033" />
      <Description description="Съдържа допълнителния комплект бизнес процеси ForEachHelper, в който има три помощника, които позволяват повторение във всички записи, свързани с някой друг запис и извършване на дъщерен процес за всеки от тях." languagecode="1026" />
      <Description description="Conté l'assemblatge de flux de treball personalitzat ForEachHelper, que conté tres assistents que us permeten iterar a tots els registres relacionats amb un altre registre i executar un procés secundari a cadascun d'ells." languagecode="1027" />
      <Description description="Obsahuje vlastní sestavení pracovního postupu ForEachHelper obsahující tři pomocné rutiny, které umožňují provádět iteraci přes všechny záznamy související s jiným záznamem a pro každý z nich spustit podřízený proces." languagecode="1029" />
      <Description description="Indeholder ForEachHelper-assemblyen for brugerdefineret arbejdsproces, der indeholder tre hjælpefunktioner, som giver dig mulighed for at gentage på tværs af alle poster, der har relation til en anden post, og udføre en underordnet proces for hver." languagecode="1030" />
      <Description description="Enthält die benutzerdefinierte ForEachHelper-Workflowassembly, die drei Helfer zum Durchlaufen aller zu einem Datensatz zugehörigen Datensätze und zum Ausführen eines untergeordneten Prozesses für jeden Datensatz enthält." languagecode="1031" />
      <Description description="Περιέχει την προσαρμοσμένη συγκρότηση ροής εργασίας ForEachHelper, η οποία με τη σειρά της περιλαμβάνει τρεις βοηθούς που σας επιτρέπουν να επαναλαμβάνετε όλες τις καρτέλες, οι οποίες σχετίζονται με μια άλλη καρτέλα και να εκτελείτε μια θυγατρική διεργασία για την κάθε μία." languagecode="1032" />
      <Description description="Contiene el ensamblado de flujo de trabajo personalizado ForEachHelper, que contiene tres aplicaciones auxiliares que le permiten iterar en todos los registros relacionados con otro registro y ejecutar un proceso secundario en cada uno de ellos." languagecode="3082" />
      <Description description="Sisaldab kohandatud töövoo assemblerit ForEachHelper, mis hõlmab kolme abilist, mis võimaldavad itereerida üle kõikide teise kirjega seotud kirjete ja käivitada igaühe kohta alamprotsessi." languagecode="1061" />
      <Description description="ForEachHelper lan-fluxuaren mihiztatze pertsonalizatua du; honek, beste erregistroekin erlazionatutako erregistro guziak iteratzen eta bigarren mailako prozesu bat erregistro bakoitzean exekutatzen lagunduko dizuten hiru laguntzaile ditu." languagecode="1069" />
      <Description description="Sisältää mukautetun työnkulun kokoonpanon ForEachHelper, jonka sisältämien kolmen aputoiminnon avulla voit iteroida kaikkien johonkin toiseen tietueeseen liittyvien tietueiden kautta ja suorittaa niille kaikille alityönkulun." languagecode="1035" />
      <Description description="Contient l'assembly de workflow ForEachHelper, qui contient trois applications d'assistance qui vous permettent d'effectuer une itération sur tous les enregistrements associés à d'autres enregistrements et d'exécuter un processus enfant pour chacun." languagecode="1036" />
      <Description description="Contén a ensamblaxe do fluxo de traballo personalizado ForEachHelper, que inclúe tres asistentes que lle permiten examinar todos os rexistros relacionados con algún outro rexistro e executar un proceso secundario para cada un." languagecode="1110" />
      <Description description="इसमें ForEachHelper कस्टम कार्यप्रवाह असेंबली होती है, जिसमें तीन सहायक होते हैं जो आपको किसी अन्य रिकॉर्ड से संबंधित सभी रिकॉर्डों की पुनरावृत्ति करने देते हैं और प्रत्येक के लिए एक चाइल्ड प्रोसेस का निष्पादन करते हैं." languagecode="1081" />
      <Description description="Sadrži prilagođeni sklop tijeka rada ForEachHelper koji sadrži tri pomoćnika koji vam omogućuju iteriranje u svim zapisima povezanim s drugim zapisom i izvršavanje podređenog postupka za svaki od njih." languagecode="1050" />
      <Description description="A ForEachHelper egyéni munkafolyamat-szerelvényt tartalmazza, amely három segédalkalmazást tartalmaz. Ezek segítségével iterálhat az egyéb rekordokhoz kapcsolódó összes rekord között, és végrehajthat egy alárendelt folyamatot minden egyes rekordhoz." languagecode="1038" />
      <Description description="Berisi asembli alur kerja kustom ForEachHelper yang berisi tiga pendukung yang memungkinkan Anda melakukan iterasi di seluruh rekaman terkait beberapa rekaman lainnya dan mengeksekusi proses anak untuk masing-masing." languagecode="1057" />
      <Description description="Contiene l'assembly flusso di lavoro personalizzato ForEachHelper, che include tre helper che ti consentono di scorrere tutti i record correlati ad altri record ed eseguire un processo figlio per ciascuno di essi." languagecode="1040" />
      <Description description="ForEachHelper カスタム ワークフロー アセンブリが含まれています。このアセンブリに含まれている 3 つのヘルパーを使用すると、他のレコードに関連したすべてのレコードを反復処理し、各レコードの子プロセスを実行できます。" languagecode="1041" />
      <Description description="Кейбір басқа жазбаға қатысты барлық жазбалар бойынша қайталауға және әрқайсының еншілес процесін орындауға мүмкіндік беретін үш көмекшіден тұратын кейбір ForEachHelper реттелетін жұмыс ағыны торабынан тұрады." languagecode="1087" />
      <Description description="ForEachHelper 사용자 지정 워크플로 어셈블리가 들어 있습니다. 여기에는 일부 다른 레코드와 관련된 모든 레코드를 반복하고 각 레코드에 대해 하위 프로세스를 실행할 수 있는 도우미가 세 개 포함됩니다." languagecode="1042" />
      <Description description="Apima pasirinktinį darbo eigos rinkinį ForEachHelper, kuriame yra trys pagelbikliai, suteikiantys jums galimybę kartoti visuose įrašuose, susijusiuose su kitu įrašu, ir vykdyti kiekvieno įrašo antrinį procesą." languagecode="1063" />
      <Description description="Satur pielāgotu darbplūsmas montāžu ForEachHelper, kurā ietverti trīs palīgi, kas ļauj veikt atkārtojumus visiem ierakstiem, kas saistīti ar kādu citu ierakstu, un izpildīt atvasinātu procesu katram no tiem." languagecode="1062" />
      <Description description="Mengandungi pemasangan aliran kerja tersuai ForEachHelper, yang mengandungi tiga pembantu yang membolehkan anda mengulangi merentasi semua rekod yang berkaitan dengan rekod lain dan melaksanakan proses anak untuk setiap satu." languagecode="1086" />
      <Description description="Inneholder den tilpassede ForEachHelper-arbeidsflytsamlingen, som inneholder tre hjelpere som lar deg gjenta i alle poster knyttet til en annen post, og utføre en underordnet prosess for hver av dem." languagecode="1044" />
      <Description description="Bevat de aangepaste werkstroomassembly ForEachHelper, die drie helpers telt waarmee u alle records kunt doorlopen die verband houden met een andere record en voor elk hiervan een onderliggend proces kunt uitvoeren." languagecode="1043" />
      <Description description="Zawiera zestaw niestandardowego przepływu pracy ForEachHelper, w którego skład wchodzą trzy funkcje pomocników umożliwiające wykonywanie iteracji z użyciem wszystkich rekordów powiązanych z jakimś innym rekordem oraz wykonywanie procesu podrzędnego dla każdego z nich." languagecode="1045" />
      <Description description="Contém o assembly de fluxo de trabalho personalizado ForEachHelper, que contém três auxiliares que permitem a você interar em todos os registros relacionados a algum outro registro e executar um processo secundário para cada um." languagecode="1046" />
      <Description description="Contém a assemblagem de fluxo de trabalho personalizada ForEachHelper que inclui três programas auxiliares que permitem a interação em todos os registos relacionados com outro registo e executar um subprocesso para cada um." languagecode="2070" />
      <Description description="Conține asamblarea de flux de lucru ForEachHelper, care conține aceste trei utilitare de ajutor care vă permit să iterați prin toate înregistrările asociate o altă înregistrare și să executați un proces fiu pentru fiecare." languagecode="1048" />
      <Description description="Содержит сборку настраиваемого бизнес-процесса ForEachHelper, которая включает три вспомогательные функции, позволяющие выполнять итерацию во всех записях, связанных с какой-либо записью, и выполнять дочерний процесс для каждой записи." languagecode="1049" />
      <Description description="Obsahuje vlastnú zostavu pracovného postupu ForEachHelper, ktorá zahŕňa troch Pomocníkov. Vďaka nim môžete iterovať v rámci všetkých záznamov súvisiacich s niektorým iným záznamom a pre každý z nich spustiť podradený postup." languagecode="1051" />
      <Description description="Vključuje sklop poteka dela po meri ForEachHelper, ki vsebuje tri pomočnike, s katerimi lahko iterirate po vseh zapisih, ki so povezani z nekim drugim zapisom in za vsakega od njih izvajate podrejene procese." languagecode="1060" />
      <Description description="Садржи прилагођени склоп тока посла ForEachHelper са три помоћника који вам омогућавају да понављате радње у свим записима повезаним са неким другим записом и да извршавате подређене процесе за сваки од њих." languagecode="3098" />
      <Description description="Садржи прилагођени склоп тока посла ForEachHelper са три помоћника који вам омогућавају да понављате радње у свим записима повезаним са неким другим записом и да извршавате подређене процесе за сваки од њих." languagecode="10266" />
      <Description description="Sadrži prilagođeni sklop toka posla ForEachHelper sa tri pomoćnika koji vam omogućavaju da ponavljate radnje u svim zapisima povezanim sa nekim drugim zapisom i da izvršavate podređene procese za svaki od njih." languagecode="2074" />
      <Description description="Sadrži prilagođeni sklop toka posla ForEachHelper sa tri pomoćnika koji vam omogućavaju da ponavljate radnje u svim zapisima povezanim sa nekim drugim zapisom i da izvršavate podređene procese za svaki od njih." languagecode="9242" />
      <Description description="Innehåller det anpassade arbetsflödespaketet ForEachHelper, som innehåller tre stödprocesser som gör att du kan iterera över alla poster som hör till en annan post och köra en underordnad process för var och en." languagecode="1053" />
      <Description description="มีแอสเซมบลีของเวิร์กโฟลว์แบบกำหนดเอง ForEachHelper ซึ่งมีตัวช่วย 3 ตัวที่จะช่วยให้คุณทำซ้ำในทุกเรกคอร์ดที่เกี่ยวข้องกับเรกคอร์ดอื่นและดำเนินกระบวนการย่อยสำหรับแต่ละรายการ" languagecode="1054" />
      <Description description="ForEachHelper özel iş akışı derlemesini içerir. Buna, başka bir kayıtla ilişkili tüm kayıtları yinelemenize ve her biri için bir alt işlem yürütmenize olanak tanıyan üç yardımcı da dahildir." languagecode="1055" />
      <Description description="Містить настроювану збірку робочих циклів ForEachHelper із трьома модулями-помічниками, що дають змогу проходити по всіх записах, пов’язаних із певним іншим записом, і для кожного з них виконувати дочірній процес." languagecode="1058" />
      <Description description="Chứa tập hợp quy trình làm việc tùy chỉnh ForEachHelper, trong đó có ba phần trợ giúp cho phép bạn có thể lặp lại trên tất cả các bản ghi liên quan đến một số bản ghi khác và thực hiện quy trình con cho từng bản ghi." languagecode="1066" />
      <Description description="包含 ForEachHelper 自定义工作流程序集，该程序集包含三个帮助程序，这些程序允许您循环访问与某个其他记录相关的所有记录并为每个记录执行一个子进程。" languagecode="2052" />
      <Description description="包含 ForEachHelper 自訂工作流程組件，該組件包含了三個協助程式，可讓您逐一查看與某個其他記錄相關的所有記錄，並針對每個記錄執行子程序。" languagecode="3076" />
      <Description description="包含 ForEachHelper 自訂工作流程組件，該組件包含了三個協助程式，可讓您逐一查看與某個其他記錄相關的所有記錄，並針對每個記錄執行子程序。" languagecode="1028" />
    </Descriptions>
    <Version>8.1.0003</Version>
    <Managed>1</Managed>
    <Publisher>
      <UniqueName>adxstudio</UniqueName>
      <LocalizedNames>
        <LocalizedName description="Microsoft" languagecode="1033" />
        <LocalizedName description="Microsoft" languagecode="1026" />
        <LocalizedName description="Microsoft" languagecode="1027" />
        <LocalizedName description="Microsoft" languagecode="1029" />
        <LocalizedName description="Microsoft" languagecode="1030" />
        <LocalizedName description="Microsoft" languagecode="1031" />
        <LocalizedName description="Microsoft" languagecode="1032" />
        <LocalizedName description="Microsoft" languagecode="3082" />
        <LocalizedName description="Microsoft" languagecode="1061" />
        <LocalizedName description="Microsoft" languagecode="1069" />
        <LocalizedName description="Microsoft" languagecode="1035" />
        <LocalizedName description="Microsoft" languagecode="1036" />
        <LocalizedName description="Microsoft" languagecode="1110" />
        <LocalizedName description="Microsoft" languagecode="1081" />
        <LocalizedName description="Microsoft" languagecode="1050" />
        <LocalizedName description="Microsoft" languagecode="1038" />
        <LocalizedName description="Microsoft" languagecode="1057" />
        <LocalizedName description="Microsoft" languagecode="1040" />
        <LocalizedName description="Microsoft" languagecode="1041" />
        <LocalizedName description="Microsoft" languagecode="1087" />
        <LocalizedName description="Microsoft" languagecode="1042" />
        <LocalizedName description="„Microsoft“" languagecode="1063" />
        <LocalizedName description="Microsoft" languagecode="1062" />
        <LocalizedName description="Microsoft" languagecode="1086" />
        <LocalizedName description="Microsoft" languagecode="1044" />
        <LocalizedName description="Microsoft" languagecode="1043" />
        <LocalizedName description="Microsoft" languagecode="1045" />
        <LocalizedName description="Microsoft" languagecode="1046" />
        <LocalizedName description="Microsoft" languagecode="2070" />
        <LocalizedName description="Microsoft" languagecode="1048" />
        <LocalizedName description="Корпорация Майкрософт" languagecode="1049" />
        <LocalizedName description="Microsoft" languagecode="1051" />
        <LocalizedName description="Microsoft" languagecode="1060" />
        <LocalizedName description="Microsoft" languagecode="3098" />
        <LocalizedName description="Microsoft" languagecode="10266" />
        <LocalizedName description="Microsoft" languagecode="2074" />
        <LocalizedName description="Microsoft" languagecode="9242" />
        <LocalizedName description="Microsoft" languagecode="1053" />
        <LocalizedName description="Microsoft" languagecode="1054" />
        <LocalizedName description="Microsoft" languagecode="1055" />
        <LocalizedName description="Microsoft" languagecode="1058" />
        <LocalizedName description="Microsoft" languagecode="1066" />
        <LocalizedName description="Microsoft" languagecode="2052" />
        <LocalizedName description="Microsoft" languagecode="3076" />
        <LocalizedName description="Microsoft" languagecode="1028" />
      </LocalizedNames>
      <Descriptions />
      <EMailAddress>support@adxstudio.com</EMailAddress>
      <SupportingWebsiteUrl>http://www.adxstudio.com</SupportingWebsiteUrl>
      <CustomizationPrefix>adx</CustomizationPrefix>
      <CustomizationOptionValuePrefix>10000</CustomizationOptionValuePrefix>
      <Addresses>
        <Address>
          <AddressNumber>1</AddressNumber>
          <AddressTypeCode>1</AddressTypeCode>
          <City xsi:nil="true"></City>
          <County xsi:nil="true"></County>
          <Country xsi:nil="true"></Country>
          <Fax xsi:nil="true"></Fax>
          <FreightTermsCode xsi:nil="true"></FreightTermsCode>
          <ImportSequenceNumber xsi:nil="true"></ImportSequenceNumber>
          <Latitude xsi:nil="true"></Latitude>
          <Line1 xsi:nil="true"></Line1>
          <Line2 xsi:nil="true"></Line2>
          <Line3 xsi:nil="true"></Line3>
          <Longitude xsi:nil="true"></Longitude>
          <Name xsi:nil="true"></Name>
          <PostalCode xsi:nil="true"></PostalCode>
          <PostOfficeBox xsi:nil="true"></PostOfficeBox>
          <PrimaryContactName xsi:nil="true"></PrimaryContactName>
          <ShippingMethodCode>1</ShippingMethodCode>
          <StateOrProvince xsi:nil="true"></StateOrProvince>
          <Telephone1 xsi:nil="true"></Telephone1>
          <Telephone2 xsi:nil="true"></Telephone2>
          <Telephone3 xsi:nil="true"></Telephone3>
          <TimeZoneRuleVersionNumber xsi:nil="true"></TimeZoneRuleVersionNumber>
          <UPSZone xsi:nil="true"></UPSZone>
          <UTCOffset xsi:nil="true"></UTCOffset>
          <UTCConversionTimeZoneCode xsi:nil="true"></UTCConversionTimeZoneCode>
        </Address>
        <Address>
          <AddressNumber>2</AddressNumber>
          <AddressTypeCode>1</AddressTypeCode>
          <City xsi:nil="true"></City>
          <County xsi:nil="true"></County>
          <Country xsi:nil="true"></Country>
          <Fax xsi:nil="true"></Fax>
          <FreightTermsCode xsi:nil="true"></FreightTermsCode>
          <ImportSequenceNumber xsi:nil="true"></ImportSequenceNumber>
          <Latitude xsi:nil="true"></Latitude>
          <Line1 xsi:nil="true"></Line1>
          <Line2 xsi:nil="true"></Line2>
          <Line3 xsi:nil="true"></Line3>
          <Longitude xsi:nil="true"></Longitude>
          <Name xsi:nil="true"></Name>
          <PostalCode xsi:nil="true"></PostalCode>
          <PostOfficeBox xsi:nil="true"></PostOfficeBox>
          <PrimaryContactName xsi:nil="true"></PrimaryContactName>
          <ShippingMethodCode>1</ShippingMethodCode>
          <StateOrProvince xsi:nil="true"></StateOrProvince>
          <Telephone1 xsi:nil="true"></Telephone1>
          <Telephone2 xsi:nil="true"></Telephone2>
          <Telephone3 xsi:nil="true"></Telephone3>
          <TimeZoneRuleVersionNumber xsi:nil="true"></TimeZoneRuleVersionNumber>
          <UPSZone xsi:nil="true"></UPSZone>
          <UTCOffset xsi:nil="true"></UTCOffset>
          <UTCConversionTimeZoneCode xsi:nil="true"></UTCConversionTimeZoneCode>
        </Address>
      </Addresses>
    </Publisher>
    <RootComponents>
      <RootComponent type="91" schemaName="Adxstudio.Xrm.Workflow.ForEachHelper, Version=1.0.0.0, Culture=neutral, PublicKeyToken=3c4188165c62d08a" behavior="0" />
    </RootComponents>
    <MissingDependencies />
  </SolutionManifest>
</ImportExportXml>