﻿<?xml version="1.0" encoding="utf-8"?>
<ImportExportXml version="8.1.0000.0128" SolutionPackageVersion="8.1" languagecode="1033" generatedBy="OnPremise" xmlns:xsi="http://www.w3.org/2001/XMLSchema-instance">
  <SolutionManifest>
    <UniqueName>MicrosoftCrmPortalDependencies</UniqueName>
    <LocalizedNames>
      <LocalizedName description="Dynamics 365 Portals - Portal Dependencies" languagecode="1033" />
      <LocalizedName description="Портали на Dynamics 365 – Зависимости на портала" languagecode="1026" />
      <LocalizedName description="Portals del Dynamics 365: dependències del portal" languagecode="1027" />
      <LocalizedName description="Portály Dynamics 365 – Závislosti portálu" languagecode="1029" />
      <LocalizedName description="Dynamics 365-portaler - Portalafhængigheder" languagecode="1030" />
      <LocalizedName description="Dynamics 365-Portale – Portalabhängigkeiten" languagecode="1031" />
      <LocalizedName description="Πύλες Dynamics 365 - Εξαρτήσεις πύλης" languagecode="1032" />
      <LocalizedName description="Portales de Dynamics 365: dependencias de portal" languagecode="3082" />
      <LocalizedName description="Dynamics 365 portaalid – portaali sõltuvused" languagecode="1061" />
      <LocalizedName description="Dynamics 365 Atariak: atariaren mendekotasunak" languagecode="1069" />
      <LocalizedName description="Dynamics 365 -portaalit – portaalin riippuvuudet" languagecode="1035" />
      <LocalizedName description="Portails Dynamics 365 - Dépendances du portail" languagecode="1036" />
      <LocalizedName description="Portais de Dynamics 365: Dependencias do portal" languagecode="1110" />
      <LocalizedName description="Dynamics 365 पोर्टल - पोर्टल निर्भरताएँ" languagecode="1081" />
      <LocalizedName description="Portali sustava Dynamics 365 – Ovisnosti portala" languagecode="1050" />
      <LocalizedName description="Dynamics 365 portálok – portálfüggőségek" languagecode="1038" />
      <LocalizedName description="Portal Dynamics 365 - Dependensi Portal" languagecode="1057" />
      <LocalizedName description="Portali di Dynamics 365 - Dipendenze portale" languagecode="1040" />
      <LocalizedName description="Dynamics 365 ポータル - ポータル依存関係" languagecode="1041" />
      <LocalizedName description="Dynamics 365 порталдары - Портал тәуелділіктері" languagecode="1087" />
      <LocalizedName description="Dynamics 365 포털 - 포털 종속성" languagecode="1042" />
      <LocalizedName description="„Dynamics 365” portalai – portalų priklausomybės" languagecode="1063" />
      <LocalizedName description="Dynamics 365 portāli — Portāla atkarības" languagecode="1062" />
      <LocalizedName description="Portal Dynamics 365 - Kebergantungan Portal" languagecode="1086" />
      <LocalizedName description="Dynamics 365-portaler – avhengigheter for portal" languagecode="1044" />
      <LocalizedName description="Dynamics 365-portals - Portalafhankelijkheden" languagecode="1043" />
      <LocalizedName description="Portale usługi Dynamics 365 — zależności portalu" languagecode="1045" />
      <LocalizedName description="Portais do Dynamics 365 - Dependências do Portal" languagecode="1046" />
      <LocalizedName description="Dynamics 365 Portais - Dependências do portal" languagecode="2070" />
      <LocalizedName description="Portaluri Dynamics 365 - Dependențe portal" languagecode="1048" />
      <LocalizedName description="Порталы Dynamics 365 — зависимости порталов" languagecode="1049" />
      <LocalizedName description="Portály systému Dynamics 365 – závislosti portálu" languagecode="1051" />
      <LocalizedName description="Portali storitve Dynamics 365 – odvisnosti portala" languagecode="1060" />
      <LocalizedName description="Dynamics 365 портали – Зависни елементи портала" languagecode="3098" />
      <LocalizedName description="Dynamics 365 портали – Зависни елементи портала" languagecode="10266" />
      <LocalizedName description="Dynamics 365 portali – Zavisni elementi portala" languagecode="2074" />
      <LocalizedName description="Dynamics 365 portali – Zavisni elementi portala" languagecode="9242" />
      <LocalizedName description="Dynamics 365-portaler – portalberoenden" languagecode="1053" />
      <LocalizedName description="พอร์ทัล Dynamics 365 - การขึ้นต่อกันของพอร์ทัล" languagecode="1054" />
      <LocalizedName description="Dynamics 365 Portalları - Portal Bağımlılıkları" languagecode="1055" />
      <LocalizedName description="Портали Dynamics 365 – залежності порталу" languagecode="1058" />
      <LocalizedName description="Cổng thông tin Dynamics 365 - Quan hệ phụ thuộc của Cổng thông tin" languagecode="1066" />
      <LocalizedName description="Dynamics 365 门户 - 门户依赖项" languagecode="2052" />
      <LocalizedName description="Dynamics 365 入口網站 - 入口網站相依性" languagecode="3076" />
      <LocalizedName description="Dynamics 365 入口網站 - 入口網站相依性" languagecode="1028" />
    </LocalizedNames>
    <Descriptions>
      <Description description="Required portal components." languagecode="1033" />
      <Description description="Задължителни компоненти на портал." languagecode="1026" />
      <Description description="Components necessaris del portal." languagecode="1027" />
      <Description description="Povinné součásti portálu" languagecode="1029" />
      <Description description="Påkrævede portalkomponenter." languagecode="1030" />
      <Description description="Erforderliche Portalkomponenten." languagecode="1031" />
      <Description description="Απαιτούμενα στοιχεία πύλης." languagecode="1032" />
      <Description description="Componentes necesarios del portal." languagecode="3082" />
      <Description description="Nõutavad portaali komponendid." languagecode="1061" />
      <Description description="Atariaren beharrezko osagaiak." languagecode="1069" />
      <Description description="Pakolliset portaalin komponentit." languagecode="1035" />
      <Description description="Composants de portail nécessaires." languagecode="1036" />
      <Description description="Compoñentes necesarios do portal." languagecode="1110" />
      <Description description="आवश्यक पोर्टल घटक." languagecode="1081" />
      <Description description="Potrebne komponente portala." languagecode="1050" />
      <Description description="Szükséges portálösszetevők." languagecode="1038" />
      <Description description="Memerlukan komponen portal." languagecode="1057" />
      <Description description="Componenti portale obbligatori." languagecode="1040" />
      <Description description="必須ポータル コンポーネントです。" languagecode="1041" />
      <Description description="Қажетті портал құрамдастары." languagecode="1087" />
      <Description description="필수 포털 구성 요소입니다." languagecode="1042" />
      <Description description="Būtini portalo komponentai." languagecode="1063" />
      <Description description="Nepieciešamie portāla komponenti" languagecode="1062" />
      <Description description="Komponen portal diperlukan." languagecode="1086" />
      <Description description="Obligatoriske portalkomponenter." languagecode="1044" />
      <Description description="Vereiste portalonderdelen." languagecode="1043" />
      <Description description="Wymagane składniki portalu." languagecode="1045" />
      <Description description="Componentes necessários do portal." languagecode="1046" />
      <Description description="Componentes do portal necessários." languagecode="2070" />
      <Description description="Componente obligatorii pentru portal." languagecode="1048" />
      <Description description="Требуемые компоненты портала." languagecode="1049" />
      <Description description="Požadované súčasti portálu." languagecode="1051" />
      <Description description="Obvezne komponente portala." languagecode="1060" />
      <Description description="Обавезне компоненте портала." languagecode="3098" />
      <Description description="Обавезне компоненте портала." languagecode="10266" />
      <Description description="Obavezne komponente portala." languagecode="2074" />
      <Description description="Obavezne komponente portala." languagecode="9242" />
      <Description description="Nödvändiga portalkomponenter." languagecode="1053" />
      <Description description="ส่วนประกอบพอร์ทัลที่ต้องการ" languagecode="1054" />
      <Description description="Gerekli portal bileşenleri." languagecode="1055" />
      <Description description="Обов’язкові компоненти порталу." languagecode="1058" />
      <Description description="Thành phần cổng thông tin cần thiết." languagecode="1066" />
      <Description description="必需的门户组件。" languagecode="2052" />
      <Description description="必要入口網站元件。" languagecode="3076" />
      <Description description="必要入口網站元件。" languagecode="1028" />
    </Descriptions>
    <Version>8.3.0.0</Version>
    <Managed>1</Managed>
    <Publisher>
      <UniqueName>microsoftdynamicslabs</UniqueName>
      <LocalizedNames>
        <LocalizedName description="Microsoft" languagecode="1033" />
        <LocalizedName description="Microsoft" languagecode="1026" />
        <LocalizedName description="Microsoft" languagecode="1027" />
        <LocalizedName description="Microsoft" languagecode="1029" />
        <LocalizedName description="Microsoft" languagecode="1030" />
        <LocalizedName description="Microsoft" languagecode="1031" />
        <LocalizedName description="Microsoft" languagecode="1032" />
        <LocalizedName description="Microsoft" languagecode="3082" />
        <LocalizedName description="Microsoft" languagecode="1061" />
        <LocalizedName description="Microsoft" languagecode="1069" />
        <LocalizedName description="Microsoft" languagecode="1035" />
        <LocalizedName description="Microsoft" languagecode="1036" />
        <LocalizedName description="Microsoft" languagecode="1110" />
        <LocalizedName description="Microsoft" languagecode="1081" />
        <LocalizedName description="Microsoft" languagecode="1050" />
        <LocalizedName description="Microsoft" languagecode="1038" />
        <LocalizedName description="Microsoft" languagecode="1057" />
        <LocalizedName description="Microsoft" languagecode="1040" />
        <LocalizedName description="Microsoft" languagecode="1041" />
        <LocalizedName description="Microsoft" languagecode="1087" />
        <LocalizedName description="Microsoft" languagecode="1042" />
        <LocalizedName description="„Microsoft“" languagecode="1063" />
        <LocalizedName description="Microsoft" languagecode="1062" />
        <LocalizedName description="Microsoft" languagecode="1086" />
        <LocalizedName description="Microsoft" languagecode="1044" />
        <LocalizedName description="Microsoft" languagecode="1043" />
        <LocalizedName description="Microsoft" languagecode="1045" />
        <LocalizedName description="Microsoft" languagecode="1046" />
        <LocalizedName description="Microsoft" languagecode="2070" />
        <LocalizedName description="Microsoft" languagecode="1048" />
        <LocalizedName description="Майкрософт" languagecode="1049" />
        <LocalizedName description="Microsoft" languagecode="1051" />
        <LocalizedName description="Microsoft" languagecode="1060" />
        <LocalizedName description="Microsoft" languagecode="3098" />
        <LocalizedName description="Microsoft" languagecode="10266" />
        <LocalizedName description="Microsoft" languagecode="2074" />
        <LocalizedName description="Microsoft" languagecode="9242" />
        <LocalizedName description="Microsoft" languagecode="1053" />
        <LocalizedName description="Microsoft" languagecode="1054" />
        <LocalizedName description="Microsoft" languagecode="1055" />
        <LocalizedName description="Microsoft" languagecode="1058" />
        <LocalizedName description="Microsoft" languagecode="1066" />
        <LocalizedName description="Microsoft" languagecode="2052" />
        <LocalizedName description="Microsoft" languagecode="3076" />
        <LocalizedName description="Microsoft" languagecode="1028" />
      </LocalizedNames>
      <Descriptions />
      <EMailAddress>dynlabs@microsoft.com</EMailAddress>
      <SupportingWebsiteUrl>http://social.microsoft.com/Forums/en-US/crmlabs/threads</SupportingWebsiteUrl>
      <CustomizationPrefix>msa</CustomizationPrefix>
      <CustomizationOptionValuePrefix>86183</CustomizationOptionValuePrefix>
      <Addresses>
        <Address>
          <AddressNumber>1</AddressNumber>
          <AddressTypeCode>1</AddressTypeCode>
          <City>Redmond</City>
          <County xsi:nil="true"></County>
          <Country>United States</Country>
          <Fax xsi:nil="true"></Fax>
          <FreightTermsCode xsi:nil="true"></FreightTermsCode>
          <ImportSequenceNumber xsi:nil="true"></ImportSequenceNumber>
          <Latitude xsi:nil="true"></Latitude>
          <Line1>One Microsoft Way</Line1>
          <Line2 xsi:nil="true"></Line2>
          <Line3 xsi:nil="true"></Line3>
          <Longitude xsi:nil="true"></Longitude>
          <Name xsi:nil="true"></Name>
          <PostalCode>98052</PostalCode>
          <PostOfficeBox xsi:nil="true"></PostOfficeBox>
          <PrimaryContactName xsi:nil="true"></PrimaryContactName>
          <ShippingMethodCode>1</ShippingMethodCode>
          <StateOrProvince>WA</StateOrProvince>
          <Telephone1>800-642-7676</Telephone1>
          <Telephone2 xsi:nil="true"></Telephone2>
          <Telephone3 xsi:nil="true"></Telephone3>
          <TimeZoneRuleVersionNumber xsi:nil="true"></TimeZoneRuleVersionNumber>
          <UPSZone xsi:nil="true"></UPSZone>
          <UTCOffset xsi:nil="true"></UTCOffset>
          <UTCConversionTimeZoneCode xsi:nil="true"></UTCConversionTimeZoneCode>
        </Address>
        <Address>
          <AddressNumber>2</AddressNumber>
          <AddressTypeCode>1</AddressTypeCode>
          <City xsi:nil="true"></City>
          <County xsi:nil="true"></County>
          <Country xsi:nil="true"></Country>
          <Fax xsi:nil="true"></Fax>
          <FreightTermsCode xsi:nil="true"></FreightTermsCode>
          <ImportSequenceNumber xsi:nil="true"></ImportSequenceNumber>
          <Latitude xsi:nil="true"></Latitude>
          <Line1 xsi:nil="true"></Line1>
          <Line2 xsi:nil="true"></Line2>
          <Line3 xsi:nil="true"></Line3>
          <Longitude xsi:nil="true"></Longitude>
          <Name xsi:nil="true"></Name>
          <PostalCode xsi:nil="true"></PostalCode>
          <PostOfficeBox xsi:nil="true"></PostOfficeBox>
          <PrimaryContactName xsi:nil="true"></PrimaryContactName>
          <ShippingMethodCode>1</ShippingMethodCode>
          <StateOrProvince xsi:nil="true"></StateOrProvince>
          <Telephone1 xsi:nil="true"></Telephone1>
          <Telephone2 xsi:nil="true"></Telephone2>
          <Telephone3 xsi:nil="true"></Telephone3>
          <TimeZoneRuleVersionNumber xsi:nil="true"></TimeZoneRuleVersionNumber>
          <UPSZone xsi:nil="true"></UPSZone>
          <UTCOffset xsi:nil="true"></UTCOffset>
          <UTCConversionTimeZoneCode xsi:nil="true"></UTCConversionTimeZoneCode>
        </Address>
      </Addresses>
    </Publisher>
    <RootComponents>
      <RootComponent type="1" schemaName="account" behavior="2" />
      <RootComponent type="1" schemaName="adx_contentsnippet" behavior="0" />
      <RootComponent type="1" schemaName="adx_pagetemplate" behavior="0" />
      <RootComponent type="1" schemaName="adx_sitemarker" behavior="0" />
      <RootComponent type="1" schemaName="adx_sitesetting" behavior="0" />
      <RootComponent type="1" schemaName="adx_webfile" behavior="0" />
      <RootComponent type="1" schemaName="adx_weblink" behavior="0" />
      <RootComponent type="1" schemaName="adx_weblinkset" behavior="0" />
      <RootComponent type="1" schemaName="adx_webnotificationurl" behavior="0" />
      <RootComponent type="1" schemaName="adx_webpage" behavior="0" />
      <RootComponent type="1" schemaName="adx_webrole" behavior="0" />
      <RootComponent type="1" schemaName="adx_website" behavior="0" />
      <RootComponent type="1" schemaName="contact" behavior="2" />
      <RootComponent type="1" schemaName="incident" behavior="2" />
      <RootComponent type="1" schemaName="kbarticle" behavior="2" />
      <RootComponent type="1" schemaName="list" behavior="2" />
      <RootComponent type="1" schemaName="opportunity" behavior="2" />
      <RootComponent type="60" id="{007c799c-a87f-4471-b00b-bf7555a0f85d}" behavior="0" />
      <RootComponent type="60" id="{3fb651a5-cdbf-46c9-87fb-d2c748662bb8}" behavior="0" />
      <RootComponent type="60" id="{51ebff65-5462-47bc-88ee-dd9881465380}" behavior="0" />
      <RootComponent type="60" id="{fdd6d28a-6a67-4bf3-802c-37eb1a472ae2}" behavior="0" />
      <RootComponent type="61" schemaName="msa_adx_contentsnippet_small" behavior="0" />
      <RootComponent type="61" schemaName="msa_Adx_icon_webfile_small" behavior="0" />
      <RootComponent type="61" schemaName="msa_adx_pagetemplate_medium" behavior="0" />
      <RootComponent type="61" schemaName="msa_adx_pagetemplate_small" behavior="0" />
      <RootComponent type="61" schemaName="msa_adx_sitemarker_medium" behavior="0" />
      <RootComponent type="61" schemaName="msa_adx_Sitemarker_small" behavior="0" />
      <RootComponent type="61" schemaName="msa_adx_Sitesetting_medium" behavior="0" />
      <RootComponent type="61" schemaName="msa_adx_sitesetting_small" behavior="0" />
      <RootComponent type="61" schemaName="msa_adx_weblinkset_small" behavior="0" />
      <RootComponent type="61" schemaName="msa_adx_weblink_small" behavior="0" />
      <RootComponent type="61" schemaName="msa_adx_webnotificationurl_medium" behavior="0" />
      <RootComponent type="61" schemaName="msa_adx_webnotificationurl_small" behavior="0" />
      <RootComponent type="61" schemaName="msa_adx_webpage_medium" behavior="0" />
      <RootComponent type="61" schemaName="msa_adx_webpage_small" behavior="0" />
      <RootComponent type="61" schemaName="msa_adx_webrole_small" behavior="0" />
      <RootComponent type="61" schemaName="msa_icon_adx_webpage_small" behavior="0" />
      <RootComponent type="61" schemaName="msa_icon_contentsnippet_medium" behavior="0" />
      <RootComponent type="61" schemaName="msa_icon_nav_portals_32.png" behavior="0" />
      <RootComponent type="61" schemaName="msa_icon_webfile_medium" behavior="0" />
      <RootComponent type="61" schemaName="msa_icon_weblink_medium" behavior="0" />
      <RootComponent type="61" schemaName="msa_icon_webpage_medium" behavior="0" />
      <RootComponent type="61" schemaName="msa_icon_webrole_medium" behavior="0" />
      <RootComponent type="61" schemaName="msa_resources/PortalsDependencies/Strings_1026.js" behavior="0" />
      <RootComponent type="61" schemaName="msa_resources/PortalsDependencies/Strings_1027.js" behavior="0" />
      <RootComponent type="61" schemaName="msa_resources/PortalsDependencies/Strings_1028.js" behavior="0" />
      <RootComponent type="61" schemaName="msa_resources/PortalsDependencies/Strings_1029.js" behavior="0" />
      <RootComponent type="61" schemaName="msa_resources/PortalsDependencies/Strings_1030.js" behavior="0" />
      <RootComponent type="61" schemaName="msa_resources/PortalsDependencies/Strings_1031.js" behavior="0" />
      <RootComponent type="61" schemaName="msa_resources/PortalsDependencies/Strings_1032.js" behavior="0" />
      <RootComponent type="61" schemaName="msa_resources/PortalsDependencies/Strings_1033.js" behavior="0" />
      <RootComponent type="61" schemaName="msa_resources/PortalsDependencies/Strings_1035.js" behavior="0" />
      <RootComponent type="61" schemaName="msa_resources/PortalsDependencies/Strings_1036.js" behavior="0" />
      <RootComponent type="61" schemaName="msa_resources/PortalsDependencies/Strings_1038.js" behavior="0" />
      <RootComponent type="61" schemaName="msa_resources/PortalsDependencies/Strings_1040.js" behavior="0" />
      <RootComponent type="61" schemaName="msa_resources/PortalsDependencies/Strings_1041.js" behavior="0" />
      <RootComponent type="61" schemaName="msa_resources/PortalsDependencies/Strings_1042.js" behavior="0" />
      <RootComponent type="61" schemaName="msa_resources/PortalsDependencies/Strings_1043.js" behavior="0" />
      <RootComponent type="61" schemaName="msa_resources/PortalsDependencies/Strings_1044.js" behavior="0" />
      <RootComponent type="61" schemaName="msa_resources/PortalsDependencies/Strings_1045.js" behavior="0" />
      <RootComponent type="61" schemaName="msa_resources/PortalsDependencies/Strings_1046.js" behavior="0" />
      <RootComponent type="61" schemaName="msa_resources/PortalsDependencies/Strings_1048.js" behavior="0" />
      <RootComponent type="61" schemaName="msa_resources/PortalsDependencies/Strings_1049.js" behavior="0" />
      <RootComponent type="61" schemaName="msa_resources/PortalsDependencies/Strings_1050.js" behavior="0" />
      <RootComponent type="61" schemaName="msa_resources/PortalsDependencies/Strings_1051.js" behavior="0" />
      <RootComponent type="61" schemaName="msa_resources/PortalsDependencies/Strings_1053.js" behavior="0" />
      <RootComponent type="61" schemaName="msa_resources/PortalsDependencies/Strings_1054.js" behavior="0" />
      <RootComponent type="61" schemaName="msa_resources/PortalsDependencies/Strings_1055.js" behavior="0" />
      <RootComponent type="61" schemaName="msa_resources/PortalsDependencies/Strings_1057.js" behavior="0" />
      <RootComponent type="61" schemaName="msa_resources/PortalsDependencies/Strings_1058.js" behavior="0" />
      <RootComponent type="61" schemaName="msa_resources/PortalsDependencies/Strings_1060.js" behavior="0" />
      <RootComponent type="61" schemaName="msa_resources/PortalsDependencies/Strings_1061.js" behavior="0" />
      <RootComponent type="61" schemaName="msa_resources/PortalsDependencies/Strings_1062.js" behavior="0" />
      <RootComponent type="61" schemaName="msa_resources/PortalsDependencies/Strings_1063.js" behavior="0" />
      <RootComponent type="61" schemaName="msa_resources/PortalsDependencies/Strings_1066.js" behavior="0" />
      <RootComponent type="61" schemaName="msa_resources/PortalsDependencies/Strings_1069.js" behavior="0" />
      <RootComponent type="61" schemaName="msa_resources/PortalsDependencies/Strings_1081.js" behavior="0" />
      <RootComponent type="61" schemaName="msa_resources/PortalsDependencies/Strings_1086.js" behavior="0" />
      <RootComponent type="61" schemaName="msa_resources/PortalsDependencies/Strings_1087.js" behavior="0" />
      <RootComponent type="61" schemaName="msa_resources/PortalsDependencies/Strings_1110.js" behavior="0" />
      <RootComponent type="61" schemaName="msa_resources/PortalsDependencies/Strings_2052.js" behavior="0" />
      <RootComponent type="61" schemaName="msa_resources/PortalsDependencies/Strings_2070.js" behavior="0" />
      <RootComponent type="61" schemaName="msa_resources/PortalsDependencies/Strings_2074.js" behavior="0" />
      <RootComponent type="61" schemaName="msa_resources/PortalsDependencies/Strings_3076.js" behavior="0" />
      <RootComponent type="61" schemaName="msa_resources/PortalsDependencies/Strings_3082.js" behavior="0" />
      <RootComponent type="61" schemaName="msa_resources/PortalsDependencies/Strings_3098.js" behavior="0" />
      <RootComponent type="61" schemaName="msa_resources/ResourcesManager.js" behavior="0" />
      <RootComponent type="61" schemaName="msa_scripts/jquery1.9.1.min.js" behavior="0" />
      <RootComponent type="61" schemaName="msa_sitesettingdeletenotifier.js" behavior="0" />
      <RootComponent type="61" schemaName="msa_sitesettinghandler.js" behavior="0" />
      <RootComponent type="61" schemaName="msa_bingmaps/adx_bingmapsvalidation.js" behavior="0" />
      <RootComponent type="62" behavior="0" />
    </RootComponents>
    <MissingDependencies />
  </SolutionManifest>
</ImportExportXml>