﻿<?xml version="1.0" encoding="utf-8"?>
<ImportExportXml version="8.1.0000.0122" SolutionPackageVersion="8.1" languagecode="1033" generatedBy="OnPremise" xmlns:xsi="http://www.w3.org/2001/XMLSchema-instance">
  <SolutionManifest>
    <UniqueName>MicrosoftBingMapsHelper</UniqueName>
    <LocalizedNames>
      <LocalizedName description="Dynamics 365 Portals - Bing Maps Helper" languagecode="1033" />
      <LocalizedName description="Портали на Dynamics 365 – Помощник за карти на Bing" languagecode="1026" />
      <LocalizedName description="Portals del Dynamics 365: ajuda de Mapes del Bing" languagecode="1027" />
      <LocalizedName description="Portály Dynamics 365 – Pomocník pro Mapy Bing" languagecode="1029" />
      <LocalizedName description="Dynamics 365-portaler - Hjælpefunktion til Bing Kort" languagecode="1030" />
      <LocalizedName description="Dynamics 365-Portale – Bing Maps-Helfer" languagecode="1031" />
      <LocalizedName description="Πύλες Dynamics 365 - Βοηθός Χαρτών Bing" languagecode="1032" />
      <LocalizedName description="Portales de Dynamics 365: aplicación auxiliar de Mapas de Bing" languagecode="3082" />
      <LocalizedName description="Dynamics 365 portaalid – Bingi kaartide spikker" languagecode="1061" />
      <LocalizedName description="Dynamics 365 Atariak: Bing Mapak zerbitzuaren laguntzailea" languagecode="1069" />
      <LocalizedName description="Dynamics 365 -portaalit – Bing-karttojen apuosa" languagecode="1035" />
      <LocalizedName description="Portails Dynamics 365 - Aide de Bing Maps" languagecode="1036" />
      <LocalizedName description="Portais de Dynamics 365: Asistente de Mapas de Bing" languagecode="1110" />
      <LocalizedName description="Dynamics 365 पोर्टल - Bing मानचित्र सहायक" languagecode="1081" />
      <LocalizedName description="Portali sustava Dynamics 365 – Pomoćnik za Bing karte" languagecode="1050" />
      <LocalizedName description="Dynamics 365 portálok – Bing Térképek segédje" languagecode="1038" />
      <LocalizedName description="Portal Dynamics 365 - Bantuan Bing Map" languagecode="1057" />
      <LocalizedName description="Portali di Dynamics 365 - Helper di Bing Maps" languagecode="1040" />
      <LocalizedName description="Dynamics 365 ポータル - Bing マップ ヘルパー" languagecode="1041" />
      <LocalizedName description="Dynamics 365 порталдары - Bing Maps көмекшісі" languagecode="1087" />
      <LocalizedName description="Dynamics 365 포털 - Bing 지도 도우미" languagecode="1042" />
      <LocalizedName description="„Dynamics 365” portalai – „Bing“ žemėlapių žinynas" languagecode="1063" />
      <LocalizedName description="Dynamics 365 portāli — Pakalpojuma Bing kartes palīgs" languagecode="1062" />
      <LocalizedName description="Portal Dynamics 365 - Pembantu Peta Bing" languagecode="1086" />
      <LocalizedName description="Dynamics 365-portaler – hjelper for Bing-kart" languagecode="1044" />
      <LocalizedName description="Dynamics 365-portals - Hulpfunctie voor Bing-kaarten" languagecode="1043" />
      <LocalizedName description="Portale usługi Dynamics 365 — pomocnik Map Bing" languagecode="1045" />
      <LocalizedName description="Portais do Dynamics 365 - Auxiliar do Bing Mapas" languagecode="1046" />
      <LocalizedName description="Dynamics 365 Portais - Programa Auxiliar do Mapas Bing" languagecode="2070" />
      <LocalizedName description="Portaluri Dynamics 365 - Ajutor pentru Hărți Bing" languagecode="1048" />
      <LocalizedName description="Порталы Dynamics 365 — вспомогательная функция карт Bing" languagecode="1049" />
      <LocalizedName description="Portály systému Dynamics 365 – pomocný objekt služby Mapy Bing" languagecode="1051" />
      <LocalizedName description="Portali storitve Dynamics 365 – pomočnik za zemljevide Bing" languagecode="1060" />
      <LocalizedName description="Dynamics 365 портали – Помоћник за Bing мапе" languagecode="3098" />
      <LocalizedName description="Dynamics 365 портали – Помоћник за Bing мапе" languagecode="10266" />
      <LocalizedName description="Dynamics 365 portali – Pomoćnik za Bing mape" languagecode="2074" />
      <LocalizedName description="Dynamics 365 portali – Pomoćnik za Bing mape" languagecode="9242" />
      <LocalizedName description="Dynamics 365-portaler – hjälp om Bing Maps" languagecode="1053" />
      <LocalizedName description="พอร์ทัล Dynamics 365 - ตัวช่วยของ Bing Maps" languagecode="1054" />
      <LocalizedName description="Dynamics 365 Portalları - Bing Haritalar Yardımcısı" languagecode="1055" />
      <LocalizedName description="Портали Dynamics 365 – помічник Карт Microsoft Bing" languagecode="1058" />
      <LocalizedName description="Cổng thông tin Dynamics 365 - Phần trợ giúp Bản đồ Bing" languagecode="1066" />
      <LocalizedName description="Dynamics 365 门户 - Bing 地图助手" languagecode="2052" />
      <LocalizedName description="Dynamics 365 入口網站 - Bing 地圖服務協助程式" languagecode="3076" />
      <LocalizedName description="Dynamics 365 入口網站 - Bing 地圖服務協助程式" languagecode="1028" />
    </LocalizedNames>
    <Descriptions>
      <Description description="Contains entities and workflows used to resolve addresses into the corresponding latitude and longitude geo-coordinates with Bing." languagecode="1033" />
      <Description description="Съдържа обекти и бизнес процеси, които се използат за отстраняване на адреси в съответните координати на географска ширина и дължина с Bing." languagecode="1026" />
      <Description description="Conté entitats i fluxos de treball que s'utilitzen per resoldre adreces a les coordenades geogràfiques de latitud i longitud corresponents amb el Bing." languagecode="1027" />
      <Description description="Obsahuje entity a pracovní postupy sloužící k překladu adres na odpovídající souřadnice zeměpisné šířky a délky pomocí Bingu." languagecode="1029" />
      <Description description="Indeholder objekter og arbejdsprocesser, der bruges til at finde de tilsvarende geokoordinater i Bing i form af breddegrader og længdegrader." languagecode="1030" />
      <Description description="Enthält Entitäten und Workflows zur Auflösung von Adressen in deren Geokoordinaten (Längen- und Breitengrad) über Bing." languagecode="1031" />
      <Description description="Περιέχει οντότητες και ροές εργασίας που χρησιμοποιούνται για την επίλυση διευθύνσεων στις αντίστοιχες γεωγραφικές συντεταγμένες πλάτους και μήκους στο Bing." languagecode="1032" />
      <Description description="Contiene entidades y flujos de trabajo que se usan para resolver direcciones en las coordenadas geográficas de latitud y longitud correspondientes con Bing." languagecode="3082" />
      <Description description="Sisaldab olemeid ja töövooge, mida kasutatakse aadresside lahendamiseks vastavatesse geokoordinaatidesse (laius- ja pikkuskraadidesse), kasutades Bingi." languagecode="1061" />
      <Description description="Bing erabiliz helbideen koordenatu geografikoen latitudea eta longitudea ebazteko erabiltzen diren entitateak eta lan-fluxuak ditu." languagecode="1069" />
      <Description description="Sisältää entiteettejä ja työnkulkuja, joita käytetään osoitteita vastaavien maantieteellisten pituus- ja leveyskoordinaattien selvittämiseen Bingin avulla." languagecode="1035" />
      <Description description="Contient des entités et des workflows utilisés pour résoudre des adresses dans les coordonnées géographiques de latitude et de longitude avec Bing." languagecode="1036" />
      <Description description="Contén entidades e fluxos de traballo que se usan para resolver enderezos nas coordenadas xeográficas de latitude e lonxitude correspondentes con Bing." languagecode="1110" />
      <Description description="इसमें वे निकाय और कार्यप्रवाह होते हैं जिनका उपयोग पतों को Bing के साथ संबंधित अक्षांश और देशांतर भू-निर्देशांकों में परिवर्तित करने के लिए किया जाता है." languagecode="1081" />
      <Description description="Sadrži entitete i tijekove rada koji se koriste za postavljanje adresa na odgovarajuće geografske koordinate zemljopisne širine i dužine uz Bing." languagecode="1050" />
      <Description description="Olyan entitásokat és munkafolyamatokat tartalmaz, amelyekkel a címek megfelelő szélességi és hosszúsági földrajzi koordinátákra bonthatók a Bing segítségével." languagecode="1038" />
      <Description description="Berisi entitas dan alur kerja yang digunakan untuk menangani alamat pada koordinat geografis garis lintang dan garis bujur dengan Bing." languagecode="1057" />
      <Description description="Contiene le entità e i flussi di lavoro utilizzati per risolvere gli indirizzi nelle coordinate geografiche di latitudine e longitudine corrispondenti con Bing." languagecode="1040" />
      <Description description="Bing でアドレスを対応する緯度と経度の地理座標に解決するために使用するエンティティとワークフローが含まれています。" languagecode="1041" />
      <Description description="Bing көмегімен тиісті ендік және бойлық географиялық координаталарына мекенжайларды шешуге пайдаланылатын нысандар мен жұмыс ағындарынан тұрады." languagecode="1087" />
      <Description description="Bing으로 주소를 해당하는 위도 및 경도 지리 좌표로 확인하는 데 사용되는 엔터티 및 워크플로가 들어 있습니다." languagecode="1042" />
      <Description description="Apima objektus ir darbo eigas, kuriuos naudojant galima konvertuoti adresus į atitinkamas geografines platumos ir ilgumos koordinates naudojant „Bing“." languagecode="1063" />
      <Description description="Satur entītijas un darbplūsmas, kas paredzētas, lai pārveidotu adreses attiecīgajās ģeogrāfiskā garuma un platuma koordinātās, izmantojot Bing." languagecode="1062" />
      <Description description="Mengandungi entiti dan aliran kerja yang digunakan untuk menyelesaikan alamat ke dalam geo-koordinat latitud dan longitud yang berpadanan dengan Bing." languagecode="1086" />
      <Description description="Inneholder enheter og arbeidsflyter som brukes til å løse adresser til tilsvarende geokoordinater for breddegrad og lengdegrad med Bing." languagecode="1044" />
      <Description description="Bevat entiteiten en workflows die worden gebruikt voor het omzetten van adressen in de overeenkomstige geografische lengte- en breedtegraadcoördinaten met Bing." languagecode="1043" />
      <Description description="Zawiera encje i przepływy pracy używane do przekształcania adresów na odpowiadające im współrzędne geograficzne (długość i szerokość geograficzna) z użyciem usługi Bing." languagecode="1045" />
      <Description description="Contém entidades e fluxos de trabalho usados para resolver endereços nas coordenadas geográficas de latitude e longitude correspondentes com o Bing." languagecode="1046" />
      <Description description="Contém entidades e fluxos de trabalho utilizados na resolução de endereços nas geocordenadas de latitude e longitude correspondentes com o Bing." languagecode="2070" />
      <Description description="Conține entități și fluxuri de lucru utilizate pentru a rezolva adresele drept coordonate geografice de latitudine și longitudine corespunzătoare, folosind Bing." languagecode="1048" />
      <Description description="Содержит сущности и бизнес-процессы, используемые для представления адресов с помощью географических координат (широта и долгота) с помощью Bing." languagecode="1049" />
      <Description description="Obsahuje entity a pracovné postupy, ktoré sa používajú na prevedenie adries do príslušných zemepisných súradníc zemepisnej šírky a dĺžky pomocou služby Bing." languagecode="1051" />
      <Description description="Vključuje entitete in poteke dela, ki se uporabljajo za razreševanje naslovov v ustrezne geografske koordinate zemljepisne širine in dolžine prek iskalnika Bing." languagecode="1060" />
      <Description description="Садржи ентитете и токове посла који се користе за разрешавање адреса у оквиру одговарајућих географских координата заснованих на географској ширини и дужини помоћу претраживача Bing." languagecode="3098" />
      <Description description="Садржи ентитете и токове посла који се користе за разрешавање адреса у оквиру одговарајућих географских координата заснованих на географској ширини и дужини помоћу претраживача Bing." languagecode="10266" />
      <Description description="Sadrži entitete i tokove posla koji se koriste za razrešavanje adresa u okviru odgovarajućih geografskih koordinata zasnovanih na geografskoj širini i dužini pomoću pretraživača Bing." languagecode="2074" />
      <Description description="Sadrži entitete i tokove posla koji se koriste za razrešavanje adresa u okviru odgovarajućih geografskih koordinata zasnovanih na geografskoj širini i dužini pomoću pretraživača Bing." languagecode="9242" />
      <Description description="Innehåller entiteter och arbetsflöden som används för att ta fram adresser i motsvarande latitud- och longitudkoordinater med Bing." languagecode="1053" />
      <Description description="มีเอนทิตีและเวิร์กโฟลว์ที่ใช้เพื่อแก้ปัญหาที่อยู่ให้เป็นพิกัดทางภูมิศาสตร์ละติจูดและลองจิจูดที่สอดคล้องกับ Bing" languagecode="1054" />
      <Description description="Bing ile adresleri enlem ve boylam olarak karşılık gelen coğrafi koordinatlara dönüştürmek için kullanılan varlıkları ve iş akışlarını içerir." languagecode="1055" />
      <Description description="Містить сутності й робочі цикли для переведення адреси у відповідні географічні координати довготи та широти за допомогою Bing." languagecode="1058" />
      <Description description="Chứa các thực thể và quy trình làm việc được dùng để giải quyết các địa chỉ vào trong tọa độ địa lý vĩ độ và kinh độ tương ứng với Bing." languagecode="1066" />
      <Description description="包含用于通过 Bing 将地址解析为相应的纬度和经度地理坐标的实体和工作流。" languagecode="2052" />
      <Description description="包含用來透過 Bing 將位址解析為對應的緯度和經度地理座標的實體與工作流程。" languagecode="3076" />
      <Description description="包含用來透過 Bing 將位址解析為對應的緯度和經度地理座標的實體與工作流程。" languagecode="1028" />
    </Descriptions>
    <Version>8.1.0005</Version>
    <Managed>1</Managed>
    <ConfigurationPage>adx_/productivitypack/configuration/index.html</ConfigurationPage>
    <Publisher>
      <UniqueName>adxstudio</UniqueName>
      <LocalizedNames>
        <LocalizedName description="Microsoft" languagecode="1033" />
        <LocalizedName description="Microsoft" languagecode="1026" />
        <LocalizedName description="Microsoft" languagecode="1027" />
        <LocalizedName description="Microsoft" languagecode="1029" />
        <LocalizedName description="Microsoft" languagecode="1030" />
        <LocalizedName description="Microsoft" languagecode="1031" />
        <LocalizedName description="Microsoft" languagecode="1032" />
        <LocalizedName description="Microsoft" languagecode="3082" />
        <LocalizedName description="Microsoft" languagecode="1061" />
        <LocalizedName description="Microsoft" languagecode="1069" />
        <LocalizedName description="Microsoft" languagecode="1035" />
        <LocalizedName description="Microsoft" languagecode="1036" />
        <LocalizedName description="Microsoft" languagecode="1110" />
        <LocalizedName description="Microsoft" languagecode="1081" />
        <LocalizedName description="Microsoft" languagecode="1050" />
        <LocalizedName description="Microsoft" languagecode="1038" />
        <LocalizedName description="Microsoft" languagecode="1057" />
        <LocalizedName description="Microsoft" languagecode="1040" />
        <LocalizedName description="Microsoft" languagecode="1041" />
        <LocalizedName description="Microsoft" languagecode="1087" />
        <LocalizedName description="Microsoft" languagecode="1042" />
        <LocalizedName description="„Microsoft“" languagecode="1063" />
        <LocalizedName description="Microsoft" languagecode="1062" />
        <LocalizedName description="Microsoft" languagecode="1086" />
        <LocalizedName description="Microsoft" languagecode="1044" />
        <LocalizedName description="Microsoft" languagecode="1043" />
        <LocalizedName description="Microsoft" languagecode="1045" />
        <LocalizedName description="Microsoft" languagecode="1046" />
        <LocalizedName description="Microsoft" languagecode="2070" />
        <LocalizedName description="Microsoft" languagecode="1048" />
        <LocalizedName description="Корпорация Майкрософт" languagecode="1049" />
        <LocalizedName description="Microsoft" languagecode="1051" />
        <LocalizedName description="Microsoft" languagecode="1060" />
        <LocalizedName description="Microsoft" languagecode="3098" />
        <LocalizedName description="Microsoft" languagecode="10266" />
        <LocalizedName description="Microsoft" languagecode="2074" />
        <LocalizedName description="Microsoft" languagecode="9242" />
        <LocalizedName description="Microsoft" languagecode="1053" />
        <LocalizedName description="Microsoft" languagecode="1054" />
        <LocalizedName description="Microsoft" languagecode="1055" />
        <LocalizedName description="Microsoft" languagecode="1058" />
        <LocalizedName description="Microsoft" languagecode="1066" />
        <LocalizedName description="Microsoft" languagecode="2052" />
        <LocalizedName description="Microsoft" languagecode="3076" />
        <LocalizedName description="Microsoft" languagecode="1028" />
      </LocalizedNames>
      <Descriptions />
      <EMailAddress>support@adxstudio.com</EMailAddress>
      <SupportingWebsiteUrl>http://www.adxstudio.com</SupportingWebsiteUrl>
      <CustomizationPrefix>adx</CustomizationPrefix>
      <CustomizationOptionValuePrefix>10000</CustomizationOptionValuePrefix>
      <Addresses>
        <Address>
          <AddressNumber>1</AddressNumber>
          <AddressTypeCode>1</AddressTypeCode>
          <City xsi:nil="true"></City>
          <County xsi:nil="true"></County>
          <Country xsi:nil="true"></Country>
          <Fax xsi:nil="true"></Fax>
          <FreightTermsCode xsi:nil="true"></FreightTermsCode>
          <ImportSequenceNumber xsi:nil="true"></ImportSequenceNumber>
          <Latitude xsi:nil="true"></Latitude>
          <Line1 xsi:nil="true"></Line1>
          <Line2 xsi:nil="true"></Line2>
          <Line3 xsi:nil="true"></Line3>
          <Longitude xsi:nil="true"></Longitude>
          <Name xsi:nil="true"></Name>
          <PostalCode xsi:nil="true"></PostalCode>
          <PostOfficeBox xsi:nil="true"></PostOfficeBox>
          <PrimaryContactName xsi:nil="true"></PrimaryContactName>
          <ShippingMethodCode>1</ShippingMethodCode>
          <StateOrProvince xsi:nil="true"></StateOrProvince>
          <Telephone1 xsi:nil="true"></Telephone1>
          <Telephone2 xsi:nil="true"></Telephone2>
          <Telephone3 xsi:nil="true"></Telephone3>
          <TimeZoneRuleVersionNumber xsi:nil="true"></TimeZoneRuleVersionNumber>
          <UPSZone xsi:nil="true"></UPSZone>
          <UTCOffset xsi:nil="true"></UTCOffset>
          <UTCConversionTimeZoneCode xsi:nil="true"></UTCConversionTimeZoneCode>
        </Address>
        <Address>
          <AddressNumber>2</AddressNumber>
          <AddressTypeCode>1</AddressTypeCode>
          <City xsi:nil="true"></City>
          <County xsi:nil="true"></County>
          <Country xsi:nil="true"></Country>
          <Fax xsi:nil="true"></Fax>
          <FreightTermsCode xsi:nil="true"></FreightTermsCode>
          <ImportSequenceNumber xsi:nil="true"></ImportSequenceNumber>
          <Latitude xsi:nil="true"></Latitude>
          <Line1 xsi:nil="true"></Line1>
          <Line2 xsi:nil="true"></Line2>
          <Line3 xsi:nil="true"></Line3>
          <Longitude xsi:nil="true"></Longitude>
          <Name xsi:nil="true"></Name>
          <PostalCode xsi:nil="true"></PostalCode>
          <PostOfficeBox xsi:nil="true"></PostOfficeBox>
          <PrimaryContactName xsi:nil="true"></PrimaryContactName>
          <ShippingMethodCode>1</ShippingMethodCode>
          <StateOrProvince xsi:nil="true"></StateOrProvince>
          <Telephone1 xsi:nil="true"></Telephone1>
          <Telephone2 xsi:nil="true"></Telephone2>
          <Telephone3 xsi:nil="true"></Telephone3>
          <TimeZoneRuleVersionNumber xsi:nil="true"></TimeZoneRuleVersionNumber>
          <UPSZone xsi:nil="true"></UPSZone>
          <UTCOffset xsi:nil="true"></UTCOffset>
          <UTCConversionTimeZoneCode xsi:nil="true"></UTCConversionTimeZoneCode>
        </Address>
      </Addresses>
    </Publisher>
    <RootComponents>
      <RootComponent type="1" schemaName="adx_bingmaplookup" behavior="0" />
      <RootComponent type="61" schemaName="adx_/productivitypack/configuration/bingmaplookup/images/bingcoordinates.png" behavior="0" />
      <RootComponent type="61" schemaName="adx_/productivitypack/configuration/bingmaplookup/images/customizations1.png" behavior="0" />
      <RootComponent type="61" schemaName="adx_/productivitypack/configuration/bingmaplookup/images/result.png" behavior="0" />
      <RootComponent type="61" schemaName="adx_/productivitypack/configuration/bingmaplookup/images/settings1.png" behavior="0" />
      <RootComponent type="61" schemaName="adx_/productivitypack/configuration/bingmaplookup/images/settings10.png" behavior="0" />
      <RootComponent type="61" schemaName="adx_/productivitypack/configuration/bingmaplookup/images/settings2.png" behavior="0" />
      <RootComponent type="61" schemaName="adx_/productivitypack/configuration/bingmaplookup/images/settings3.png" behavior="0" />
      <RootComponent type="61" schemaName="adx_/productivitypack/configuration/bingmaplookup/images/settings4.png" behavior="0" />
      <RootComponent type="61" schemaName="adx_/productivitypack/configuration/bingmaplookup/images/settings5.png" behavior="0" />
      <RootComponent type="61" schemaName="adx_/productivitypack/configuration/bingmaplookup/images/settings6.png" behavior="0" />
      <RootComponent type="61" schemaName="adx_/productivitypack/configuration/bingmaplookup/images/settings7.png" behavior="0" />
      <RootComponent type="61" schemaName="adx_/productivitypack/configuration/bingmaplookup/images/settings8.png" behavior="0" />
      <RootComponent type="61" schemaName="adx_/productivitypack/configuration/bingmaplookup/images/settings9.png" behavior="0" />
      <RootComponent type="61" schemaName="adx_/productivitypack/configuration/bingmaplookup/images/setup1.png" behavior="0" />
      <RootComponent type="61" schemaName="adx_/productivitypack/configuration/bingmaplookup/images/setup2.png" behavior="0" />
      <RootComponent type="61" schemaName="adx_/productivitypack/configuration/bingmaplookup/images/workflow1.png" behavior="0" />
      <RootComponent type="61" schemaName="adx_/productivitypack/configuration/bingmaplookup/images/workflow10.png" behavior="0" />
      <RootComponent type="61" schemaName="adx_/productivitypack/configuration/bingmaplookup/images/workflow11.png" behavior="0" />
      <RootComponent type="61" schemaName="adx_/productivitypack/configuration/bingmaplookup/images/workflow12.png" behavior="0" />
      <RootComponent type="61" schemaName="adx_/productivitypack/configuration/bingmaplookup/images/workflow13.png" behavior="0" />
      <RootComponent type="61" schemaName="adx_/productivitypack/configuration/bingmaplookup/images/workflow14.png" behavior="0" />
      <RootComponent type="61" schemaName="adx_/productivitypack/configuration/bingmaplookup/images/workflow2.png" behavior="0" />
      <RootComponent type="61" schemaName="adx_/productivitypack/configuration/bingmaplookup/images/workflow3.png" behavior="0" />
      <RootComponent type="61" schemaName="adx_/productivitypack/configuration/bingmaplookup/images/workflow4.png" behavior="0" />
      <RootComponent type="61" schemaName="adx_/productivitypack/configuration/bingmaplookup/images/workflow5.png" behavior="0" />
      <RootComponent type="61" schemaName="adx_/productivitypack/configuration/bingmaplookup/images/workflow6.png" behavior="0" />
      <RootComponent type="61" schemaName="adx_/productivitypack/configuration/bingmaplookup/images/workflow7.png" behavior="0" />
      <RootComponent type="61" schemaName="adx_/productivitypack/configuration/bingmaplookup/images/workflow8.png" behavior="0" />
      <RootComponent type="61" schemaName="adx_/productivitypack/configuration/bingmaplookup/images/workflow9.png" behavior="0" />
      <RootComponent type="61" schemaName="adx_/productivitypack/configuration/bingmaplookup/index.html" behavior="0" />
      <RootComponent type="61" schemaName="adx_/productivitypack/configuration/index.html" behavior="0" />
      <RootComponent type="61" schemaName="adx_/productivitypack/configuration/prettify/lang_css.js" behavior="0" />
      <RootComponent type="61" schemaName="adx_/productivitypack/configuration/prettify/prettify.css" behavior="0" />
      <RootComponent type="61" schemaName="adx_/productivitypack/configuration/prettify/prettify.js" behavior="0" />
      <RootComponent type="61" schemaName="adx_/productivitypack/configuration/styles.css" behavior="0" />
      <RootComponent type="61" schemaName="adx_bingmaplookup_icon_16.png" behavior="0" />
      <RootComponent type="61" schemaName="adx_bingmaplookup_icon_32.png" behavior="0" />
      <RootComponent type="91" schemaName="Adxstudio.Xrm.Plugins.Productivity, Version=1.0.0.24, Culture=neutral, PublicKeyToken=43fbdb99512617a0" behavior="0" />
      <RootComponent type="92" id="{182b3fa0-b06e-e111-a0dc-00155d03a708}" behavior="0" />
    </RootComponents>
    <MissingDependencies />
  </SolutionManifest>
</ImportExportXml>