﻿<?xml version="1.0" encoding="utf-8"?>
<ImportExportXml xmlns:xsi="http://www.w3.org/2001/XMLSchema-instance">
  <Entities />
  <Roles />
  <Workflows>
    <Workflow WorkflowId="{88949d2f-27fe-4534-91dc-ac30ffb1a071}" Name="Accept Opportunity">
      <XamlFileName>/Workflows/AcceptOpportunity-88949D2F-27FE-4534-91DC-AC30FFB1A071.xaml</XamlFileName>
      <Type>1</Type>
      <Subprocess>1</Subprocess>
      <Category>0</Category>
      <Mode>1</Mode>
      <Scope>4</Scope>
      <OnDemand>1</OnDemand>
      <TriggerOnCreate>0</TriggerOnCreate>
      <TriggerOnDelete>0</TriggerOnDelete>
      <AsyncAutodelete>0</AsyncAutodelete>
      <SyncWorkflowLogOnFailure>1</SyncWorkflowLogOnFailure>
      <StateCode>1</StateCode>
      <StatusCode>2</StatusCode>
      <CreateStage>40</CreateStage>
      <RunAs>1</RunAs>
      <IsTransacted>1</IsTransacted>
      <IntroducedVersion>7.0.0006</IntroducedVersion>
      <IsCustomizable>1</IsCustomizable>
      <PrimaryEntity>Opportunity</PrimaryEntity>
    </Workflow>
    <Workflow WorkflowId="{07b411f5-bdfe-4fbc-bf9e-ddf18cfd0683}" Name="Approve Partner Application">
      <XamlFileName>/Workflows/ApprovePartnerApplication-07B411F5-BDFE-4FBC-BF9E-DDF18CFD0683.xaml</XamlFileName>
      <Type>1</Type>
      <Subprocess>0</Subprocess>
      <Category>0</Category>
      <Mode>0</Mode>
      <Scope>1</Scope>
      <OnDemand>1</OnDemand>
      <TriggerOnCreate>0</TriggerOnCreate>
      <TriggerOnDelete>0</TriggerOnDelete>
      <AsyncAutodelete>1</AsyncAutodelete>
      <SyncWorkflowLogOnFailure>1</SyncWorkflowLogOnFailure>
      <StateCode>1</StateCode>
      <StatusCode>2</StatusCode>
      <RunAs>1</RunAs>
      <IsTransacted>1</IsTransacted>
      <IntroducedVersion>8.1.0001</IntroducedVersion>
      <IsCustomizable>1</IsCustomizable>
      <PrimaryEntity>Contact</PrimaryEntity>
    </Workflow>
    <Workflow WorkflowId="{409d00cd-b26d-4558-902a-fde53babc008}" Name="Approve Partner Application on Change">
      <XamlFileName>/Workflows/ApprovePartnerApplicationonChange-409D00CD-B26D-4558-902A-FDE53BABC008.xaml</XamlFileName>
      <Type>1</Type>
      <Subprocess>0</Subprocess>
      <Category>0</Category>
      <Mode>0</Mode>
      <Scope>1</Scope>
      <OnDemand>0</OnDemand>
      <TriggerOnUpdateAttributeList>adx_partner_applicationstatus</TriggerOnUpdateAttributeList>
      <TriggerOnCreate>0</TriggerOnCreate>
      <TriggerOnDelete>0</TriggerOnDelete>
      <AsyncAutodelete>1</AsyncAutodelete>
      <SyncWorkflowLogOnFailure>0</SyncWorkflowLogOnFailure>
      <StateCode>1</StateCode>
      <StatusCode>2</StatusCode>
      <RunAs>1</RunAs>
      <IsTransacted>1</IsTransacted>
      <IntroducedVersion>8.1.0001</IntroducedVersion>
      <IsCustomizable>1</IsCustomizable>
      <PrimaryEntity>Contact</PrimaryEntity>
    </Workflow>
    <Workflow WorkflowId="{aea38fc0-4ab0-4e25-bb29-97b8d9a70dae}" Name="Approve Partner Application Workflow">
      <XamlFileName>/Workflows/ApprovePartnerApplicationWorkflow-AEA38FC0-4AB0-4E25-BB29-97B8D9A70DAE.xaml</XamlFileName>
      <Type>1</Type>
      <Subprocess>1</Subprocess>
      <Category>0</Category>
      <Mode>0</Mode>
      <Scope>1</Scope>
      <OnDemand>0</OnDemand>
      <TriggerOnCreate>0</TriggerOnCreate>
      <TriggerOnDelete>0</TriggerOnDelete>
      <AsyncAutodelete>1</AsyncAutodelete>
      <SyncWorkflowLogOnFailure>0</SyncWorkflowLogOnFailure>
      <StateCode>1</StateCode>
      <StatusCode>2</StatusCode>
      <RunAs>1</RunAs>
      <IsTransacted>1</IsTransacted>
      <IntroducedVersion>8.1.0001</IntroducedVersion>
      <IsCustomizable>1</IsCustomizable>
      <PrimaryEntity>Contact</PrimaryEntity>
    </Workflow>
    <Workflow WorkflowId="{78065380-0909-4f3a-bd68-9e539f9487f2}" Name="Calculate Partner Capacity Workflow">
      <XamlFileName>/Workflows/CalculatePartnerCapacityWorkflow-78065380-0909-4F3A-BD68-9E539F9487F2.xaml</XamlFileName>
      <Type>1</Type>
      <Subprocess>0</Subprocess>
      <Category>0</Category>
      <Mode>0</Mode>
      <Scope>4</Scope>
      <OnDemand>1</OnDemand>
      <TriggerOnCreate>0</TriggerOnCreate>
      <TriggerOnDelete>0</TriggerOnDelete>
      <AsyncAutodelete>0</AsyncAutodelete>
      <SyncWorkflowLogOnFailure>0</SyncWorkflowLogOnFailure>
      <StateCode>1</StateCode>
      <StatusCode>2</StatusCode>
      <IsTransacted>0</IsTransacted>
      <IntroducedVersion>7.0.0003</IntroducedVersion>
      <IsCustomizable>1</IsCustomizable>
      <PrimaryEntity>Account</PrimaryEntity>
    </Workflow>
    <Workflow WorkflowId="{7f62fcd3-1186-4867-8f6f-5f3128ae0966}" Name="Change associated web role based on partner contact role field on contact">
      <XamlFileName>/Workflows/Changeassociatedwebrolebasedonpartnercontactrolefi-7F62FCD3-1186-4867-8F6F-5F3128AE0966.xaml</XamlFileName>
      <Type>1</Type>
      <Subprocess>0</Subprocess>
      <Category>0</Category>
      <Mode>1</Mode>
      <Scope>4</Scope>
      <OnDemand>0</OnDemand>
      <TriggerOnUpdateAttributeList>adx_partnercontactrole</TriggerOnUpdateAttributeList>
      <TriggerOnCreate>1</TriggerOnCreate>
      <TriggerOnDelete>0</TriggerOnDelete>
      <AsyncAutodelete>0</AsyncAutodelete>
      <SyncWorkflowLogOnFailure>1</SyncWorkflowLogOnFailure>
      <StateCode>1</StateCode>
      <StatusCode>2</StatusCode>
      <CreateStage>40</CreateStage>
      <UpdateStage>40</UpdateStage>
      <RunAs>0</RunAs>
      <IsTransacted>1</IsTransacted>
      <IntroducedVersion>7.0.0011</IntroducedVersion>
      <IsCustomizable>1</IsCustomizable>
      <PrimaryEntity>Contact</PrimaryEntity>
    </Workflow>
    <Workflow WorkflowId="{004d4690-cb33-4fff-82a0-3e18e31a8c59}" Name="Change partner application status when contact expresses interest">
      <XamlFileName>/Workflows/Changepartnerapplicationstatuswhencontactexpresses-004D4690-CB33-4FFF-82A0-3E18E31A8C59.xaml</XamlFileName>
      <Type>1</Type>
      <Subprocess>0</Subprocess>
      <Category>0</Category>
      <Mode>1</Mode>
      <Scope>4</Scope>
      <OnDemand>0</OnDemand>
      <TriggerOnUpdateAttributeList>adx_interestedinpartnerenrollment</TriggerOnUpdateAttributeList>
      <TriggerOnCreate>0</TriggerOnCreate>
      <TriggerOnDelete>0</TriggerOnDelete>
      <AsyncAutodelete>0</AsyncAutodelete>
      <SyncWorkflowLogOnFailure>1</SyncWorkflowLogOnFailure>
      <StateCode>0</StateCode>
      <StatusCode>1</StatusCode>
      <CreateStage>40</CreateStage>
      <UpdateStage>40</UpdateStage>
      <RunAs>1</RunAs>
      <IsTransacted>1</IsTransacted>
      <IntroducedVersion>7.0.0009</IntroducedVersion>
      <IsCustomizable>1</IsCustomizable>
      <PrimaryEntity>Contact</PrimaryEntity>
    </Workflow>
    <Workflow WorkflowId="{b91553ec-7cff-470c-8ca9-5492bea02d3d}" Name="Copy Managing Partner from parent account">
      <XamlFileName>/Workflows/CopyManagingPartnerfromparentaccount-B91553EC-7CFF-470C-8CA9-5492BEA02D3D.xaml</XamlFileName>
      <Type>1</Type>
      <Subprocess>0</Subprocess>
      <Category>3</Category>
      <Mode>0</Mode>
      <Scope>4</Scope>
      <OnDemand>1</OnDemand>
      <TriggerOnCreate>0</TriggerOnCreate>
      <TriggerOnDelete>0</TriggerOnDelete>
      <AsyncAutodelete>0</AsyncAutodelete>
      <SyncWorkflowLogOnFailure>1</SyncWorkflowLogOnFailure>
      <StateCode>1</StateCode>
      <StatusCode>2</StatusCode>
      <CreateStage>40</CreateStage>
      <RunAs>1</RunAs>
      <SdkMessageId>{a2f919ba-2e70-e611-80d7-00155db27763}</SdkMessageId>
      <UniqueName>CopyManagingPartnerfromparentaccount</UniqueName>
      <IsTransacted>1</IsTransacted>
      <IntroducedVersion>8.1.0001</IntroducedVersion>
      <IsCustomizable>1</IsCustomizable>
      <PrimaryEntity>Contact</PrimaryEntity>
    </Workflow>
    <Workflow WorkflowId="{b54b2110-812b-4c87-af97-7f7d284a7103}" Name="Copy Managing Partner from parent account - On change of Contact">
      <XamlFileName>/Workflows/CopyManagingPartnerfromparentaccount-OnchangeofCon-B54B2110-812B-4C87-AF97-7F7D284A7103.xaml</XamlFileName>
      <Type>1</Type>
      <Subprocess>1</Subprocess>
      <Category>0</Category>
      <Mode>1</Mode>
      <Scope>4</Scope>
      <OnDemand>0</OnDemand>
      <TriggerOnUpdateAttributeList>parentcustomerid</TriggerOnUpdateAttributeList>
      <TriggerOnCreate>1</TriggerOnCreate>
      <TriggerOnDelete>0</TriggerOnDelete>
      <AsyncAutodelete>0</AsyncAutodelete>
      <SyncWorkflowLogOnFailure>1</SyncWorkflowLogOnFailure>
      <StateCode>1</StateCode>
      <StatusCode>2</StatusCode>
      <CreateStage>40</CreateStage>
      <UpdateStage>40</UpdateStage>
      <RunAs>1</RunAs>
      <IsTransacted>1</IsTransacted>
      <IntroducedVersion>7.0.0010</IntroducedVersion>
      <IsCustomizable>1</IsCustomizable>
      <PrimaryEntity>Contact</PrimaryEntity>
    </Workflow>
    <Workflow WorkflowId="{7a6617a6-9994-445d-b531-9c6696191c30}" Name="Copy Managing Partner on Contact from parent account - On change of account">
      <XamlFileName>/Workflows/CopyManagingPartneronContactfromparentaccount-Onch-7A6617A6-9994-445D-B531-9C6696191C30.xaml</XamlFileName>
      <Type>1</Type>
      <Subprocess>0</Subprocess>
      <Category>0</Category>
      <Mode>1</Mode>
      <Scope>4</Scope>
      <OnDemand>0</OnDemand>
      <TriggerOnUpdateAttributeList>msa_managingpartnerid</TriggerOnUpdateAttributeList>
      <TriggerOnCreate>0</TriggerOnCreate>
      <TriggerOnDelete>0</TriggerOnDelete>
      <AsyncAutodelete>0</AsyncAutodelete>
      <SyncWorkflowLogOnFailure>1</SyncWorkflowLogOnFailure>
      <StateCode>1</StateCode>
      <StatusCode>2</StatusCode>
      <CreateStage>40</CreateStage>
      <UpdateStage>40</UpdateStage>
      <RunAs>1</RunAs>
      <IsTransacted>1</IsTransacted>
      <IntroducedVersion>7.0.0010</IntroducedVersion>
      <IsCustomizable>1</IsCustomizable>
      <PrimaryEntity>Account</PrimaryEntity>
    </Workflow>
    <Workflow WorkflowId="{02588535-6efb-4eb1-a1ac-b6f506f78690}" Name="Create reference Code for opportunity">
      <XamlFileName>/Workflows/CreatereferenceCodeforopportunity-02588535-6EFB-4EB1-A1AC-B6F506F78690.xaml</XamlFileName>
      <Type>1</Type>
      <Subprocess>0</Subprocess>
      <Category>0</Category>
      <Mode>0</Mode>
      <Scope>4</Scope>
      <OnDemand>0</OnDemand>
      <TriggerOnCreate>1</TriggerOnCreate>
      <TriggerOnDelete>0</TriggerOnDelete>
      <AsyncAutodelete>0</AsyncAutodelete>
      <SyncWorkflowLogOnFailure>0</SyncWorkflowLogOnFailure>
      <StateCode>1</StateCode>
      <StatusCode>2</StatusCode>
      <IsTransacted>0</IsTransacted>
      <IntroducedVersion>7.0.0003</IntroducedVersion>
      <IsCustomizable>1</IsCustomizable>
      <PrimaryEntity>Opportunity</PrimaryEntity>
    </Workflow>
    <Workflow WorkflowId="{c3aec269-5f3c-4c67-8c22-4800b67347ad}" Name="Deals - Close Registration">
      <XamlFileName>/Workflows/Deals-CloseRegistration-C3AEC269-5F3C-4C67-8C22-4800B67347AD.xaml</XamlFileName>
      <Type>1</Type>
      <Subprocess>0</Subprocess>
      <Category>0</Category>
      <Mode>0</Mode>
      <Scope>4</Scope>
      <OnDemand>0</OnDemand>
      <TriggerOnUpdateAttributeList>statecode</TriggerOnUpdateAttributeList>
      <TriggerOnCreate>0</TriggerOnCreate>
      <TriggerOnDelete>0</TriggerOnDelete>
      <AsyncAutodelete>1</AsyncAutodelete>
      <SyncWorkflowLogOnFailure>0</SyncWorkflowLogOnFailure>
      <StateCode>1</StateCode>
      <StatusCode>2</StatusCode>
      <RunAs>1</RunAs>
      <IsTransacted>1</IsTransacted>
      <IntroducedVersion>8.1.0001</IntroducedVersion>
      <IsCustomizable>1</IsCustomizable>
      <PrimaryEntity>Opportunity</PrimaryEntity>
    </Workflow>
    <Workflow WorkflowId="{375ced87-0325-46c0-991e-23b8a6df906c}" Name="Deals - Registration Expiry">
      <XamlFileName>/Workflows/Deals-RegistrationExpiry-375CED87-0325-46C0-991E-23B8A6DF906C.xaml</XamlFileName>
      <Type>1</Type>
      <Subprocess>0</Subprocess>
      <Category>0</Category>
      <Mode>0</Mode>
      <Scope>4</Scope>
      <OnDemand>0</OnDemand>
      <TriggerOnUpdateAttributeList>adx_expirationdate</TriggerOnUpdateAttributeList>
      <TriggerOnCreate>0</TriggerOnCreate>
      <TriggerOnDelete>0</TriggerOnDelete>
      <AsyncAutodelete>1</AsyncAutodelete>
      <SyncWorkflowLogOnFailure>0</SyncWorkflowLogOnFailure>
      <StateCode>1</StateCode>
      <StatusCode>2</StatusCode>
      <RunAs>1</RunAs>
      <IsTransacted>1</IsTransacted>
      <IntroducedVersion>8.1.0001</IntroducedVersion>
      <IsCustomizable>1</IsCustomizable>
      <PrimaryEntity>adx_dealregistrationrequest</PrimaryEntity>
    </Workflow>
    <Workflow WorkflowId="{a462dd4f-f37f-4fa0-9a08-d57e2ebabfb9}" Name="Deals - Set Name and Submission Date">
      <XamlFileName>/Workflows/Deals-SetNameandSubmissionDate-A462DD4F-F37F-4FA0-9A08-D57E2EBABFB9.xaml</XamlFileName>
      <Type>1</Type>
      <Subprocess>0</Subprocess>
      <Category>0</Category>
      <Mode>0</Mode>
      <Scope>4</Scope>
      <OnDemand>0</OnDemand>
      <TriggerOnCreate>1</TriggerOnCreate>
      <TriggerOnDelete>0</TriggerOnDelete>
      <AsyncAutodelete>1</AsyncAutodelete>
      <SyncWorkflowLogOnFailure>0</SyncWorkflowLogOnFailure>
      <StateCode>1</StateCode>
      <StatusCode>2</StatusCode>
      <RunAs>1</RunAs>
      <IsTransacted>1</IsTransacted>
      <IntroducedVersion>8.1.5</IntroducedVersion>
      <IsCustomizable>1</IsCustomizable>
      <PrimaryEntity>adx_dealregistrationrequest</PrimaryEntity>
    </Workflow>
    <Workflow WorkflowId="{e0606c36-9268-41ab-acef-d5e855f12574}" Name="Deals - Set Partner">
      <XamlFileName>/Workflows/Deals-SetPartner-E0606C36-9268-41AB-ACEF-D5E855F12574.xaml</XamlFileName>
      <Type>1</Type>
      <Subprocess>0</Subprocess>
      <Category>0</Category>
      <Mode>0</Mode>
      <Scope>4</Scope>
      <OnDemand>0</OnDemand>
      <TriggerOnUpdateAttributeList>adx_partnercontact</TriggerOnUpdateAttributeList>
      <TriggerOnCreate>1</TriggerOnCreate>
      <TriggerOnDelete>0</TriggerOnDelete>
      <AsyncAutodelete>1</AsyncAutodelete>
      <SyncWorkflowLogOnFailure>0</SyncWorkflowLogOnFailure>
      <StateCode>1</StateCode>
      <StatusCode>2</StatusCode>
      <RunAs>1</RunAs>
      <IsTransacted>1</IsTransacted>
      <IntroducedVersion>8.1.5</IntroducedVersion>
      <IsCustomizable>1</IsCustomizable>
      <PrimaryEntity>adx_dealregistrationrequest</PrimaryEntity>
    </Workflow>
    <Workflow WorkflowId="{6d088a75-144a-46d3-bb8b-3f7e13c8bb36}" Name="Deals - Set Start Date">
      <XamlFileName>/Workflows/Deals-SetStartDate-6D088A75-144A-46D3-BB8B-3F7E13C8BB36.xaml</XamlFileName>
      <Type>1</Type>
      <Subprocess>0</Subprocess>
      <Category>0</Category>
      <Mode>0</Mode>
      <Scope>4</Scope>
      <OnDemand>0</OnDemand>
      <TriggerOnUpdateAttributeList>statuscode</TriggerOnUpdateAttributeList>
      <TriggerOnCreate>1</TriggerOnCreate>
      <TriggerOnDelete>0</TriggerOnDelete>
      <AsyncAutodelete>1</AsyncAutodelete>
      <SyncWorkflowLogOnFailure>1</SyncWorkflowLogOnFailure>
      <StateCode>1</StateCode>
      <StatusCode>2</StatusCode>
      <UpdateStage>40</UpdateStage>
      <RunAs>1</RunAs>
      <IsTransacted>1</IsTransacted>
      <IntroducedVersion>8.1.5</IntroducedVersion>
      <IsCustomizable>1</IsCustomizable>
      <PrimaryEntity>adx_dealregistrationrequest</PrimaryEntity>
    </Workflow>
    <Workflow WorkflowId="{a3377986-ee7e-47f7-a671-4c1feae77f97}" Name="Decline Opportunity">
      <XamlFileName>/Workflows/DeclineOpportunity-A3377986-EE7E-47F7-A671-4C1FEAE77F97.xaml</XamlFileName>
      <Type>1</Type>
      <Subprocess>0</Subprocess>
      <Category>0</Category>
      <Mode>1</Mode>
      <Scope>4</Scope>
      <OnDemand>1</OnDemand>
      <TriggerOnCreate>0</TriggerOnCreate>
      <TriggerOnDelete>0</TriggerOnDelete>
      <AsyncAutodelete>0</AsyncAutodelete>
      <SyncWorkflowLogOnFailure>1</SyncWorkflowLogOnFailure>
      <StateCode>1</StateCode>
      <StatusCode>2</StatusCode>
      <RunAs>1</RunAs>
      <IsTransacted>1</IsTransacted>
      <IntroducedVersion>7.0.0005</IntroducedVersion>
      <IsCustomizable>1</IsCustomizable>
      <PrimaryEntity>Opportunity</PrimaryEntity>
    </Workflow>
    <Workflow WorkflowId="{84a62f22-eec7-47bd-b6ce-f0cb09c8af84}" Name="Disassociate Partner Accounts from Opportunity">
      <XamlFileName>/Workflows/DisassociatePartnerAccountsfromOpportunity-84A62F22-EEC7-47BD-B6CE-F0CB09C8AF84.xaml</XamlFileName>
      <Type>1</Type>
      <Subprocess>0</Subprocess>
      <Category>0</Category>
      <Mode>1</Mode>
      <Scope>4</Scope>
      <OnDemand>0</OnDemand>
      <TriggerOnUpdateAttributeList>adx_partnercollaboration</TriggerOnUpdateAttributeList>
      <TriggerOnCreate>0</TriggerOnCreate>
      <TriggerOnDelete>0</TriggerOnDelete>
      <AsyncAutodelete>1</AsyncAutodelete>
      <SyncWorkflowLogOnFailure>1</SyncWorkflowLogOnFailure>
      <StateCode>1</StateCode>
      <StatusCode>2</StatusCode>
      <RunAs>1</RunAs>
      <IsTransacted>1</IsTransacted>
      <IntroducedVersion>8.1.0001</IntroducedVersion>
      <IsCustomizable>1</IsCustomizable>
      <PrimaryEntity>Opportunity</PrimaryEntity>
    </Workflow>
    <Workflow WorkflowId="{b15ad309-3d01-455e-982e-eabb1b8fdcaa}" Name="Notification - Notify partner account owner when a new opportunity is created by the partner">
      <XamlFileName>/Workflows/Notification-Notifypartneraccountownerwhenanewoppo-B15AD309-3D01-455E-982E-EABB1B8FDCAA.xaml</XamlFileName>
      <Type>3</Type>
      <Subprocess>0</Subprocess>
      <Category>0</Category>
      <Mode>0</Mode>
      <Scope>4</Scope>
      <OnDemand>0</OnDemand>
      <TriggerOnCreate>1</TriggerOnCreate>
      <TriggerOnDelete>0</TriggerOnDelete>
      <AsyncAutodelete>1</AsyncAutodelete>
      <SyncWorkflowLogOnFailure>0</SyncWorkflowLogOnFailure>
      <StateCode>0</StateCode>
      <StatusCode>1</StatusCode>
      <RunAs>1</RunAs>
      <IsTransacted>1</IsTransacted>
      <IntroducedVersion>7.0.0005</IntroducedVersion>
      <IsCustomizable>1</IsCustomizable>
      <PrimaryEntity>Opportunity</PrimaryEntity>
    </Workflow>
    <Workflow WorkflowId="{6211a44d-475e-4a16-851f-bfe0f9842a37}" Name="Notification - Notify sender when partner accepted an Opportunity">
      <XamlFileName>/Workflows/Notification-NotifysenderwhenpartneracceptedanOppo-6211A44D-475E-4A16-851F-BFE0F9842A37.xaml</XamlFileName>
      <Type>3</Type>
      <Subprocess>0</Subprocess>
      <Category>0</Category>
      <Mode>0</Mode>
      <Scope>4</Scope>
      <OnDemand>0</OnDemand>
      <TriggerOnUpdateAttributeList>statuscode</TriggerOnUpdateAttributeList>
      <TriggerOnCreate>0</TriggerOnCreate>
      <TriggerOnDelete>0</TriggerOnDelete>
      <AsyncAutodelete>1</AsyncAutodelete>
      <SyncWorkflowLogOnFailure>0</SyncWorkflowLogOnFailure>
      <StateCode>0</StateCode>
      <StatusCode>1</StatusCode>
      <RunAs>1</RunAs>
      <IsTransacted>1</IsTransacted>
      <IntroducedVersion>7.0.0005</IntroducedVersion>
      <IsCustomizable>1</IsCustomizable>
      <PrimaryEntity>Opportunity</PrimaryEntity>
    </Workflow>
    <Workflow WorkflowId="{d139585b-60b4-429f-8a85-948a932ac580}" Name="Notification - Notify sender when partner declined an Opportunity">
      <XamlFileName>/Workflows/Notification-NotifysenderwhenpartnerdeclinedanOppo-D139585B-60B4-429F-8A85-948A932AC580.xaml</XamlFileName>
      <Type>3</Type>
      <Subprocess>0</Subprocess>
      <Category>0</Category>
      <Mode>0</Mode>
      <Scope>4</Scope>
      <OnDemand>0</OnDemand>
      <TriggerOnUpdateAttributeList>statuscode</TriggerOnUpdateAttributeList>
      <TriggerOnCreate>0</TriggerOnCreate>
      <TriggerOnDelete>0</TriggerOnDelete>
      <AsyncAutodelete>1</AsyncAutodelete>
      <SyncWorkflowLogOnFailure>1</SyncWorkflowLogOnFailure>
      <StateCode>0</StateCode>
      <StatusCode>1</StatusCode>
      <UpdateStage>40</UpdateStage>
      <RunAs>1</RunAs>
      <IsTransacted>1</IsTransacted>
      <IntroducedVersion>7.0.0005</IntroducedVersion>
      <IsCustomizable>1</IsCustomizable>
      <PrimaryEntity>Opportunity</PrimaryEntity>
    </Workflow>
    <Workflow WorkflowId="{914dc551-af93-403d-ae97-b83f8ff4dfcb}" Name="Notification - On opportunity delivery to partner">
      <XamlFileName>/Workflows/Notification-Onopportunitydeliverytopartner-914DC551-AF93-403D-AE97-B83F8FF4DFCB.xaml</XamlFileName>
      <Type>3</Type>
      <Subprocess>0</Subprocess>
      <Category>0</Category>
      <Mode>0</Mode>
      <Scope>4</Scope>
      <OnDemand>0</OnDemand>
      <TriggerOnUpdateAttributeList>statuscode</TriggerOnUpdateAttributeList>
      <TriggerOnCreate>0</TriggerOnCreate>
      <TriggerOnDelete>0</TriggerOnDelete>
      <AsyncAutodelete>1</AsyncAutodelete>
      <SyncWorkflowLogOnFailure>0</SyncWorkflowLogOnFailure>
      <StateCode>0</StateCode>
      <StatusCode>1</StatusCode>
      <RunAs>1</RunAs>
      <IsTransacted>1</IsTransacted>
      <IntroducedVersion>7.0.0007</IntroducedVersion>
      <IsCustomizable>1</IsCustomizable>
      <PrimaryEntity>Opportunity</PrimaryEntity>
    </Workflow>
    <Workflow WorkflowId="{7462814f-39a8-411f-9e0c-14dd18ff81d7}" Name="On Change of Partner Collaboration Set Opportunity Status">
      <XamlFileName>/Workflows/OnChangeofPartnerCollaborationSetOpportunityStatus-7462814F-39A8-411F-9E0C-14DD18FF81D7.xaml</XamlFileName>
      <Type>1</Type>
      <Subprocess>0</Subprocess>
      <Category>0</Category>
      <Mode>1</Mode>
      <Scope>4</Scope>
      <OnDemand>0</OnDemand>
      <TriggerOnUpdateAttributeList>adx_partnercollaboration</TriggerOnUpdateAttributeList>
      <TriggerOnCreate>1</TriggerOnCreate>
      <TriggerOnDelete>0</TriggerOnDelete>
      <AsyncAutodelete>1</AsyncAutodelete>
      <SyncWorkflowLogOnFailure>1</SyncWorkflowLogOnFailure>
      <StateCode>1</StateCode>
      <StatusCode>2</StatusCode>
      <CreateStage>40</CreateStage>
      <UpdateStage>40</UpdateStage>
      <RunAs>1</RunAs>
      <IsTransacted>1</IsTransacted>
      <IntroducedVersion>8.1.0001</IntroducedVersion>
      <IsCustomizable>1</IsCustomizable>
      <PrimaryEntity>Opportunity</PrimaryEntity>
    </Workflow>
    <Workflow WorkflowId="{ff62bbc8-f9a6-434d-a15e-15915b6cda01}" Name="On update of partner contact set partner account and add to shared contact list">
      <XamlFileName>/Workflows/Onupdateofpartnercontactsetpartneraccountandaddtos-FF62BBC8-F9A6-434D-A15E-15915B6CDA01.xaml</XamlFileName>
      <Type>1</Type>
      <Subprocess>0</Subprocess>
      <Category>0</Category>
      <Mode>1</Mode>
      <Scope>4</Scope>
      <OnDemand>0</OnDemand>
      <TriggerOnUpdateAttributeList>msa_partneroppid</TriggerOnUpdateAttributeList>
      <TriggerOnCreate>1</TriggerOnCreate>
      <TriggerOnDelete>0</TriggerOnDelete>
      <AsyncAutodelete>0</AsyncAutodelete>
      <SyncWorkflowLogOnFailure>1</SyncWorkflowLogOnFailure>
      <StateCode>1</StateCode>
      <StatusCode>2</StatusCode>
      <CreateStage>40</CreateStage>
      <UpdateStage>40</UpdateStage>
      <RunAs>1</RunAs>
      <IsTransacted>1</IsTransacted>
      <IntroducedVersion>7.0.0006</IntroducedVersion>
      <IsCustomizable>1</IsCustomizable>
      <PrimaryEntity>Opportunity</PrimaryEntity>
    </Workflow>
    <Workflow WorkflowId="{58e1e170-5370-414e-8522-620f31438cb7}" Name="Partner Application Submission">
      <XamlFileName>/Workflows/PartnerApplicationSubmission-58E1E170-5370-414E-8522-620F31438CB7.xaml</XamlFileName>
      <Type>1</Type>
      <Subprocess>0</Subprocess>
      <Category>0</Category>
      <Mode>1</Mode>
      <Scope>4</Scope>
      <OnDemand>0</OnDemand>
      <TriggerOnUpdateAttributeList>adx_partner_applicationsubmitted</TriggerOnUpdateAttributeList>
      <TriggerOnCreate>0</TriggerOnCreate>
      <TriggerOnDelete>0</TriggerOnDelete>
      <AsyncAutodelete>0</AsyncAutodelete>
      <SyncWorkflowLogOnFailure>1</SyncWorkflowLogOnFailure>
      <StateCode>1</StateCode>
      <StatusCode>2</StatusCode>
      <CreateStage>40</CreateStage>
      <UpdateStage>40</UpdateStage>
      <RunAs>1</RunAs>
      <IsTransacted>1</IsTransacted>
      <IntroducedVersion>8.1.0001</IntroducedVersion>
      <IsCustomizable>1</IsCustomizable>
      <PrimaryEntity>Contact</PrimaryEntity>
    </Workflow>
    <Workflow WorkflowId="{469b1fdc-7a6e-4029-acd1-0e5fe7a1bc9a}" Name="Reject Partner Application">
      <XamlFileName>/Workflows/RejectPartnerApplication-469B1FDC-7A6E-4029-ACD1-0E5FE7A1BC9A.xaml</XamlFileName>
      <Type>1</Type>
      <Subprocess>0</Subprocess>
      <Category>0</Category>
      <Mode>0</Mode>
      <Scope>1</Scope>
      <OnDemand>1</OnDemand>
      <TriggerOnCreate>0</TriggerOnCreate>
      <TriggerOnDelete>0</TriggerOnDelete>
      <AsyncAutodelete>1</AsyncAutodelete>
      <SyncWorkflowLogOnFailure>1</SyncWorkflowLogOnFailure>
      <StateCode>1</StateCode>
      <StatusCode>2</StatusCode>
      <RunAs>1</RunAs>
      <IsTransacted>1</IsTransacted>
      <IntroducedVersion>8.1.0001</IntroducedVersion>
      <IsCustomizable>1</IsCustomizable>
      <PrimaryEntity>Contact</PrimaryEntity>
    </Workflow>
    <Workflow WorkflowId="{93b8ce58-fb30-4c76-9bd7-0717847f7f8c}" Name="Remove Accounts from Opportunity">
      <XamlFileName>/Workflows/RemoveAccountsfromOpportunity-93B8CE58-FB30-4C76-9BD7-0717847F7F8C.xaml</XamlFileName>
      <Type>1</Type>
      <Subprocess>0</Subprocess>
      <Category>3</Category>
      <Mode>0</Mode>
      <Scope>4</Scope>
      <OnDemand>1</OnDemand>
      <TriggerOnCreate>0</TriggerOnCreate>
      <TriggerOnDelete>0</TriggerOnDelete>
      <AsyncAutodelete>0</AsyncAutodelete>
      <SyncWorkflowLogOnFailure>1</SyncWorkflowLogOnFailure>
      <StateCode>1</StateCode>
      <StatusCode>2</StatusCode>
      <CreateStage>40</CreateStage>
      <RunAs>1</RunAs>
      <SdkMessageId>{e1c7b180-6f76-e611-80d7-00155db3b83d}</SdkMessageId>
      <UniqueName>RemoveAccountsfromOpportunity</UniqueName>
      <IsTransacted>1</IsTransacted>
      <IntroducedVersion>8.1.0001</IntroducedVersion>
      <IsCustomizable>1</IsCustomizable>
      <PrimaryEntity>Account</PrimaryEntity>
    </Workflow>
    <Workflow WorkflowId="{9678a0f4-bc77-4f4c-9836-c9a7c9645963}" Name="Remove all Web Roles from Contact">
      <XamlFileName>/Workflows/RemoveallWebRolesfromContact-9678A0F4-BC77-4F4C-9836-C9A7C9645963.xaml</XamlFileName>
      <Type>1</Type>
      <Subprocess>1</Subprocess>
      <Category>0</Category>
      <Mode>1</Mode>
      <Scope>4</Scope>
      <OnDemand>1</OnDemand>
      <TriggerOnCreate>0</TriggerOnCreate>
      <TriggerOnDelete>0</TriggerOnDelete>
      <AsyncAutodelete>0</AsyncAutodelete>
      <SyncWorkflowLogOnFailure>1</SyncWorkflowLogOnFailure>
      <StateCode>1</StateCode>
      <StatusCode>2</StatusCode>
      <CreateStage>40</CreateStage>
      <RunAs>1</RunAs>
      <IsTransacted>1</IsTransacted>
      <IntroducedVersion>7.0.0014</IntroducedVersion>
      <IsCustomizable>1</IsCustomizable>
      <PrimaryEntity>Contact</PrimaryEntity>
    </Workflow>
    <Workflow WorkflowId="{0bdc5b9a-8521-4afc-8de8-e4778f6521db}" Name="Remove Web Role From Contact">
      <XamlFileName>/Workflows/RemoveWebRoleFromContact-0BDC5B9A-8521-4AFC-8DE8-E4778F6521DB.xaml</XamlFileName>
      <Type>1</Type>
      <Subprocess>0</Subprocess>
      <Category>3</Category>
      <Mode>0</Mode>
      <Scope>4</Scope>
      <OnDemand>1</OnDemand>
      <TriggerOnCreate>0</TriggerOnCreate>
      <TriggerOnDelete>0</TriggerOnDelete>
      <AsyncAutodelete>0</AsyncAutodelete>
      <SyncWorkflowLogOnFailure>1</SyncWorkflowLogOnFailure>
      <StateCode>1</StateCode>
      <StatusCode>2</StatusCode>
      <CreateStage>40</CreateStage>
      <RunAs>1</RunAs>
      <SdkMessageId>{463b6e67-7ce1-e511-80dc-fc15b4283a54}</SdkMessageId>
      <UniqueName>RemoveWebRoleFromContact</UniqueName>
      <IsTransacted>1</IsTransacted>
      <IntroducedVersion>7.0.0014</IntroducedVersion>
      <IsCustomizable>1</IsCustomizable>
      <PrimaryEntity>Adx_webrole</PrimaryEntity>
    </Workflow>
    <Workflow WorkflowId="{4b6fdbdb-2ad9-e511-80eb-c4346bac3990}" Name="Return Accepted Opportunity">
      <XamlFileName>/Workflows/ReturnAcceptedOpportunity-4B6FDBDB-2AD9-E511-80EB-C4346BAC3990.xaml</XamlFileName>
      <Type>1</Type>
      <Subprocess>0</Subprocess>
      <Category>0</Category>
      <Mode>1</Mode>
      <Scope>4</Scope>
      <OnDemand>1</OnDemand>
      <TriggerOnCreate>0</TriggerOnCreate>
      <TriggerOnDelete>0</TriggerOnDelete>
      <AsyncAutodelete>0</AsyncAutodelete>
      <SyncWorkflowLogOnFailure>1</SyncWorkflowLogOnFailure>
      <StateCode>1</StateCode>
      <StatusCode>2</StatusCode>
      <RunAs>1</RunAs>
      <UniqueName>ReturnAcceptedOpportunity4d6fdbdb2ad9e51180ebc4346bac3990</UniqueName>
      <IsTransacted>1</IsTransacted>
      <IntroducedVersion>7.0.0005</IntroducedVersion>
      <IsCustomizable>1</IsCustomizable>
      <PrimaryEntity>Opportunity</PrimaryEntity>
    </Workflow>
    <Workflow WorkflowId="{c0225729-ade6-4131-80e4-974ad0c97ccd}" Name="Send portal invitation to contact">
      <XamlFileName>/Workflows/Sendportalinvitationtocontact-C0225729-ADE6-4131-80E4-974AD0C97CCD.xaml</XamlFileName>
      <Type>1</Type>
      <Subprocess>1</Subprocess>
      <Category>0</Category>
      <Mode>1</Mode>
      <Scope>4</Scope>
      <OnDemand>1</OnDemand>
      <TriggerOnCreate>0</TriggerOnCreate>
      <TriggerOnDelete>0</TriggerOnDelete>
      <AsyncAutodelete>0</AsyncAutodelete>
      <SyncWorkflowLogOnFailure>1</SyncWorkflowLogOnFailure>
      <StateCode>1</StateCode>
      <StatusCode>2</StatusCode>
      <CreateStage>40</CreateStage>
      <RunAs>1</RunAs>
      <IsTransacted>1</IsTransacted>
      <IntroducedVersion>7.0.0006</IntroducedVersion>
      <IsCustomizable>1</IsCustomizable>
      <PrimaryEntity>Contact</PrimaryEntity>
    </Workflow>
    <Workflow WorkflowId="{9885a2f7-225b-4d94-b648-089a1f4037d4}" Name="Set Managing Partner on creation of contact via portal">
      <XamlFileName>/Workflows/SetManagingPartneroncreationofcontactviaportal-9885A2F7-225B-4D94-B648-089A1F4037D4.xaml</XamlFileName>
      <Type>1</Type>
      <Subprocess>0</Subprocess>
      <Category>0</Category>
      <Mode>1</Mode>
      <Scope>4</Scope>
      <OnDemand>0</OnDemand>
      <TriggerOnUpdateAttributeList>adx_createdbyportalcontactid</TriggerOnUpdateAttributeList>
      <TriggerOnCreate>1</TriggerOnCreate>
      <TriggerOnDelete>0</TriggerOnDelete>
      <AsyncAutodelete>0</AsyncAutodelete>
      <SyncWorkflowLogOnFailure>1</SyncWorkflowLogOnFailure>
      <StateCode>1</StateCode>
      <StatusCode>2</StatusCode>
      <CreateStage>40</CreateStage>
      <UpdateStage>40</UpdateStage>
      <RunAs>1</RunAs>
      <IsTransacted>1</IsTransacted>
      <IntroducedVersion>7.0.0010</IntroducedVersion>
      <IsCustomizable>1</IsCustomizable>
      <PrimaryEntity>Contact</PrimaryEntity>
    </Workflow>
    <Workflow WorkflowId="{3c7f9fd3-97ff-43d2-8480-fdc2ab8b8cf4}" Name="Set Parent Customer of Contact when Primary contact of an Account it set">
      <XamlFileName>/Workflows/SetParentCustomerofContactwhenPrimarycontactofanAc-3C7F9FD3-97FF-43D2-8480-FDC2AB8B8CF4.xaml</XamlFileName>
      <Type>1</Type>
      <Subprocess>0</Subprocess>
      <Category>0</Category>
      <Mode>1</Mode>
      <Scope>4</Scope>
      <OnDemand>0</OnDemand>
      <TriggerOnUpdateAttributeList>primarycontactid</TriggerOnUpdateAttributeList>
      <TriggerOnCreate>1</TriggerOnCreate>
      <TriggerOnDelete>0</TriggerOnDelete>
      <AsyncAutodelete>0</AsyncAutodelete>
      <SyncWorkflowLogOnFailure>1</SyncWorkflowLogOnFailure>
      <StateCode>1</StateCode>
      <StatusCode>2</StatusCode>
      <CreateStage>40</CreateStage>
      <UpdateStage>40</UpdateStage>
      <RunAs>1</RunAs>
      <IsTransacted>1</IsTransacted>
      <IntroducedVersion>7.0.0005</IntroducedVersion>
      <IsCustomizable>1</IsCustomizable>
      <PrimaryEntity>Account</PrimaryEntity>
    </Workflow>
    <Workflow WorkflowId="{ef659f32-f7d9-477e-ac4b-5f7505d570cd}" Name="Trigger Expiration of Opportunities">
      <XamlFileName>/Workflows/TriggerExpirationofOpportunities-EF659F32-F7D9-477E-AC4B-5F7505D570CD.xaml</XamlFileName>
      <Type>1</Type>
      <Subprocess>0</Subprocess>
      <Category>0</Category>
      <Mode>0</Mode>
      <Scope>4</Scope>
      <OnDemand>1</OnDemand>
      <TriggerOnCreate>1</TriggerOnCreate>
      <TriggerOnDelete>0</TriggerOnDelete>
      <AsyncAutodelete>0</AsyncAutodelete>
      <SyncWorkflowLogOnFailure>0</SyncWorkflowLogOnFailure>
      <StateCode>1</StateCode>
      <StatusCode>2</StatusCode>
      <IsTransacted>0</IsTransacted>
      <IntroducedVersion>7.0.0003</IntroducedVersion>
      <IsCustomizable>1</IsCustomizable>
      <PrimaryEntity>adx_triggerexpirationofleadsworkflowaction</PrimaryEntity>
    </Workflow>
    <Workflow WorkflowId="{4410c57a-1070-4dfc-a619-dd713c492856}" Name="Trigger Opportunity Distribution">
      <XamlFileName>/Workflows/TriggerOpportunityDistribution-4410C57A-1070-4DFC-A619-DD713C492856.xaml</XamlFileName>
      <Type>1</Type>
      <Subprocess>0</Subprocess>
      <Category>0</Category>
      <Mode>0</Mode>
      <Scope>4</Scope>
      <OnDemand>0</OnDemand>
      <TriggerOnCreate>1</TriggerOnCreate>
      <TriggerOnDelete>0</TriggerOnDelete>
      <AsyncAutodelete>0</AsyncAutodelete>
      <SyncWorkflowLogOnFailure>0</SyncWorkflowLogOnFailure>
      <StateCode>1</StateCode>
      <StatusCode>2</StatusCode>
      <IsTransacted>0</IsTransacted>
      <IntroducedVersion>7.0.0003</IntroducedVersion>
      <IsCustomizable>1</IsCustomizable>
      <PrimaryEntity>adx_triggerdistributionworkflowaction</PrimaryEntity>
    </Workflow>
    <Workflow WorkflowId="{ea115937-3a95-4c96-b7ac-2ec712cda0c7}" Name="Update managing partner when created by (portal contact) field is populated.">
      <XamlFileName>/Workflows/Updatemanagingpartnerwhencreatedbyportalcontactfie-EA115937-3A95-4C96-B7AC-2EC712CDA0C7.xaml</XamlFileName>
      <Type>1</Type>
      <Subprocess>0</Subprocess>
      <Category>0</Category>
      <Mode>1</Mode>
      <Scope>4</Scope>
      <OnDemand>0</OnDemand>
      <TriggerOnUpdateAttributeList>adx_createdbyportalcontactid</TriggerOnUpdateAttributeList>
      <TriggerOnCreate>1</TriggerOnCreate>
      <TriggerOnDelete>0</TriggerOnDelete>
      <AsyncAutodelete>0</AsyncAutodelete>
      <SyncWorkflowLogOnFailure>1</SyncWorkflowLogOnFailure>
      <StateCode>1</StateCode>
      <StatusCode>2</StatusCode>
      <CreateStage>40</CreateStage>
      <UpdateStage>40</UpdateStage>
      <RunAs>0</RunAs>
      <IsTransacted>1</IsTransacted>
      <IntroducedVersion>7.0.0007</IntroducedVersion>
      <IsCustomizable>1</IsCustomizable>
      <PrimaryEntity>Account</PrimaryEntity>
    </Workflow>
    <Workflow WorkflowId="{ded4ef95-1b56-4868-84b2-1257fa7bec68}" Name="UpdatePartnerStatistics">
      <XamlFileName>/Workflows/UpdatePartnerStatistics-DED4EF95-1B56-4868-84B2-1257FA7BEC68.xaml</XamlFileName>
      <Type>1</Type>
      <Subprocess>0</Subprocess>
      <Category>0</Category>
      <Mode>1</Mode>
      <Scope>4</Scope>
      <OnDemand>0</OnDemand>
      <TriggerOnUpdateAttributeList>statuscode</TriggerOnUpdateAttributeList>
      <TriggerOnCreate>0</TriggerOnCreate>
      <TriggerOnDelete>0</TriggerOnDelete>
      <AsyncAutodelete>0</AsyncAutodelete>
      <SyncWorkflowLogOnFailure>1</SyncWorkflowLogOnFailure>
      <StateCode>1</StateCode>
      <StatusCode>2</StatusCode>
      <UpdateStage>40</UpdateStage>
      <RunAs>1</RunAs>
      <IsTransacted>1</IsTransacted>
      <IntroducedVersion>8.1.0000</IntroducedVersion>
      <IsCustomizable>1</IsCustomizable>
      <PrimaryEntity>Opportunity</PrimaryEntity>
    </Workflow>
  </Workflows>
  <FieldSecurityProfiles />
  <Templates />
  <EntityMaps />
  <EntityRelationships />
  <OrganizationSettings />
  <optionsets />
  <Languages>
    <Language>1033</Language>
  </Languages>
</ImportExportXml>