﻿<?xml version="1.0" encoding="utf-8"?>
<ImportExportXml version="8.1.0000.0641" SolutionPackageVersion="8.1" languagecode="1033" generatedBy="OnPremise" xmlns:xsi="http://www.w3.org/2001/XMLSchema-instance">
  <SolutionManifest>
    <UniqueName>MicrosoftPartnerPipelineWorkflows</UniqueName>
    <LocalizedNames>
      <LocalizedName description="Dynamics 365 Portals - Partner Pipeline Workflows" languagecode="1033" />
      <LocalizedName description="Портали на Dynamics 365 – Работни потоци на конвейера за партньори" languagecode="1026" />
      <LocalizedName description="Portals del Dynamics 365: fluxos de treball del pipeline d'associats" languagecode="1027" />
      <LocalizedName description="Portály Dynamics 365 – Pracovní postupy pro partnerskou profilaci" languagecode="1029" />
      <LocalizedName description="Dynamics 365-portaler -Arbejdsprocesser i partnerpipeline" languagecode="1030" />
      <LocalizedName description="Dynamics 365-Portale – Partnerpipeline-Workflows" languagecode="1031" />
      <LocalizedName description="Πύλες Dynamics 365 - Ροές εργασίας διοχέτευσης συνεργάτη" languagecode="1032" />
      <LocalizedName description="Portales de Dynamics 365: flujos de trabajo de la canalización de asociado" languagecode="3082" />
      <LocalizedName description="Dynamics 365 portaalid – partneri konveieri töövood" languagecode="1061" />
      <LocalizedName description="Dynamics 365 Atariak: bazkide-bideratzearen lan-fluxuak" languagecode="1069" />
      <LocalizedName description="Dynamics 365 -portaalit – kumppaniputken työnkulut" languagecode="1035" />
      <LocalizedName description="Portails Dynamics 365 - Workflows du pipeline des partenaires" languagecode="1036" />
      <LocalizedName description="Portais de Dynamics 365: Fluxos de traballo da canle de asociados" languagecode="1110" />
      <LocalizedName description="Dynamics 365 पोर्टल - भागीदार पाइपलाइन कार्यप्रवाह" languagecode="1081" />
      <LocalizedName description="Portali sustava Dynamics 365 – Tijekovi rada partnerskog kanala" languagecode="1050" />
      <LocalizedName description="Dynamics 365 portálok – partnerfolyamat munkafolyamatai" languagecode="1038" />
      <LocalizedName description="Portal Dynamics 365 - Alur Kerja Alur Mitra" languagecode="1057" />
      <LocalizedName description="Portali di Dynamics 365 - Flussi di lavoro della pipeline partner" languagecode="1040" />
      <LocalizedName description="Dynamics 365 ポータル - パートナー パイプライン ワークフロー" languagecode="1041" />
      <LocalizedName description="Dynamics 365 порталдары - Серіктес конвейерінің жұмыс ағындары" languagecode="1087" />
      <LocalizedName description="Dynamics 365 포털 - 파트너 파이프라인 워크플로" languagecode="1042" />
      <LocalizedName description="„Dynamics 365” portalai – partnerių srauto darbo eigos" languagecode="1063" />
      <LocalizedName description="Dynamics 365 portāli — Partneru konveijera darbplūsmas" languagecode="1062" />
      <LocalizedName description="Portal Dynamics 365 - Aliran Kerja Talian Paip Rakan Kongsi" languagecode="1086" />
      <LocalizedName description="Dynamics 365-portaler – arbeidsflyter for partnerpipeline" languagecode="1044" />
      <LocalizedName description="Dynamics 365-portals - Partnerpipelinewerkstromen" languagecode="1043" />
      <LocalizedName description="Portale usługi Dynamics 365 — przepływy pracy modułu Potok partnerów" languagecode="1045" />
      <LocalizedName description="Portais do Dynamics 365 - Fluxos de Trabalho do Pipeline de Parceiros" languagecode="1046" />
      <LocalizedName description="Dynamics 365 Portais - Processos de Fluxo de Trabalho do Pipeline de Parceiros" languagecode="2070" />
      <LocalizedName description="Portaluri Dynamics 365 - Fluxuri de lucru pentru canalul de parteneri" languagecode="1048" />
      <LocalizedName description="Порталы Dynamics 365 — бизнес-процессы воронки продаж партнеров" languagecode="1049" />
      <LocalizedName description="Portály systému Dynamics 365 – pracovné postupy v rámci partnerského kanála" languagecode="1051" />
      <LocalizedName description="Portali storitve Dynamics 365 – poteki dela prodajnega lijaka za partnerje" languagecode="1060" />
      <LocalizedName description="Dynamics 365 портали – Токови посла канала партнера" languagecode="3098" />
      <LocalizedName description="Dynamics 365 портали – Токови посла канала партнера" languagecode="10266" />
      <LocalizedName description="Dynamics 365 portali – Tokovi posla kanala partnera" languagecode="2074" />
      <LocalizedName description="Dynamics 365 portali – Tokovi posla kanala partnera" languagecode="9242" />
      <LocalizedName description="Dynamics 365-portaler – arbetsflöden för partnerpipeline" languagecode="1053" />
      <LocalizedName description="พอร์ทัล Dynamics 365 - เวิร์กโฟลว์ไปป์ไลน์คู่ค้า" languagecode="1054" />
      <LocalizedName description="Dynamics 365 Portalları - Ortak Satış Kanalı İş Akışları" languagecode="1055" />
      <LocalizedName description="Портали Dynamics 365 – робочі процеси партнерської воронки продажів" languagecode="1058" />
      <LocalizedName description="Cổng thông tin Dynamics 365 - Quy trình làm việc của Quy trình bán hàng Đối tác" languagecode="1066" />
      <LocalizedName description="Dynamics 365 门户 - 合作伙伴管道工作流" languagecode="2052" />
      <LocalizedName description="Dynamics 365 入口網站 - 合作夥伴準銷售案源工作流程" languagecode="3076" />
      <LocalizedName description="Dynamics 365 入口網站 - 合作夥伴準銷售案源工作流程" languagecode="1028" />
    </LocalizedNames>
    <Descriptions>
      <Description description="Workflow processes utilized by Microsoft Partner Pipeline." languagecode="1033" />
      <Description description="Процеси на работни потоци, използвани от партньорския канал на Microsoft." languagecode="1026" />
      <Description description="Processos de flux de treball utilitzats pel pipeline d'associats de Microsoft." languagecode="1027" />
      <Description description="Procesy pracovních postupů používané partnerskou profilací Microsoft" languagecode="1029" />
      <Description description="Arbejdsprocesser, som bruges af Microsoft-partnerpipeline." languagecode="1030" />
      <Description description="Von der Microsoft-Partnerpipeline verwendete Workflowprozesse." languagecode="1031" />
      <Description description="Διεργασίες ροής εργασίας που χρησιμοποιούνται από τη διοχέτευση συνεργάτη της Microsoft." languagecode="1032" />
      <Description description="Procesos de flujo de trabajo usados por la Canalización de asociado de Microsoft." languagecode="3082" />
      <Description description="Microsofti partneri konveieri kasutatavad töövooprotsessid." languagecode="1061" />
      <Description description="Microsoft Bazkide-bideratzea soluzioak erabiltzen dituen lan-fluxu prozesuak." languagecode="1069" />
      <Description description="Microsoftin kumppaniputken käyttämät työnkulkuprosessit." languagecode="1035" />
      <Description description="Processus de workflow utilisés par le pipeline des partenaires Microsoft." languagecode="1036" />
      <Description description="Procesos de fluxo de traballo usados pola canle de asociados de Microsoft." languagecode="1110" />
      <Description description="Microsoft पार्टनर पाइपलाइन द्वारा प्रयुक्त कार्यप्रवाह प्रक्रियाएँ." languagecode="1081" />
      <Description description="Procesi tijeka rada koje koristi Microsoft partnerski kanal." languagecode="1050" />
      <Description description="A Microsoft partnerfolyamat által használt munkafolyamatok." languagecode="1038" />
      <Description description="Proses alur kerja yang digunakan Alur Mitra Microsoft." languagecode="1057" />
      <Description description="Processi del flusso di lavoro usati dalla pipeline partner Microsoft." languagecode="1040" />
      <Description description="Microsoft パートナー パイプラインで使用されるワークフロー プロセスです。" languagecode="1041" />
      <Description description="Microsoft серіктес конвейерімен пайдаланылған жұмыс ағынының процестері." languagecode="1087" />
      <Description description="Microsoft 파트너 파이프라인에서 이용되는 워크플로 프로세스입니다." languagecode="1042" />
      <Description description="Darbo eigos procesai, kuriuos naudoja „Microsoft“ partnerių srautas." languagecode="1063" />
      <Description description="Darbplūsmu procesi, kas tiek izmantoti Microsoft partneru konveijerā." languagecode="1062" />
      <Description description="Proses aliran kerja yang digunakan oleh Talian Paip Rakan Kongsi Microsoft." languagecode="1086" />
      <Description description="Arbeidsflytprosesser som brukes av Microsoft Partner Pipeline." languagecode="1044" />
      <Description description="Door Microsoft-partnerpipeline gebruikte werkstroomprocessen." languagecode="1043" />
      <Description description="Procesy przepływu pracy używane przez moduł Potok partnerów firmy Microsoft." languagecode="1045" />
      <Description description="Processos de fluxo de trabalho utilizados pelo Pipeline de Parceiros da Microsoft." languagecode="1046" />
      <Description description="Processos de Fluxo de Trabalho utilizados pelo Pipeline de Parceiros da Microsoft." languagecode="2070" />
      <Description description="Procese de flux de lucru utilizate de canalul de parteneri Microsoft." languagecode="1048" />
      <Description description="Бизнес-процессы, используемые в воронке продаж партнеров Майкрософт." languagecode="1049" />
      <Description description="Procesy pracovných postupov, ktoré využíva partnerský kanál spoločnosti Microsoft." languagecode="1051" />
      <Description description="Procesi potekov dela, ki jih uporablja Microsoftov prodajni lijak za partnerje." languagecode="1060" />
      <Description description="Процеси тока посла које користи Microsoft канал партнера." languagecode="3098" />
      <Description description="Процеси тока посла које користи Microsoft канал партнера." languagecode="10266" />
      <Description description="Procesi toka posla koje koristi Microsoft kanal partnera." languagecode="2074" />
      <Description description="Procesi toka posla koje koristi Microsoft kanal partnera." languagecode="9242" />
      <Description description="Arbetsflödesprocesser som används av Microsofts partnerpipeline." languagecode="1053" />
      <Description description="กระบวนการเวิร์กโฟลว์ที่ไปป์ไลน์คู่ค้าของ Microsoft ใช้" languagecode="1054" />
      <Description description="Microsoft İş Ortağı Ardışık Düzeni tarafından kullanılan iş akışı işlemleri." languagecode="1055" />
      <Description description="Процеси робочого циклу, використовувані воронкою продажів партнерів Microsoft." languagecode="1058" />
      <Description description="Quy trình làm việc do Quy trình bán hàng của Đối tác Microsoft sử dụng." languagecode="1066" />
      <Description description="Microsoft 合作伙伴管道利用的工作流过程。" languagecode="2052" />
      <Description description="Microsoft 合作夥伴準銷售案源使用的工作流程程序。" languagecode="3076" />
      <Description description="Microsoft 合作夥伴準銷售案源使用的工作流程程序。" languagecode="1028" />
    </Descriptions>
    <Version>8.3.0.1</Version>
    <Managed>1</Managed>
    <Publisher>
      <UniqueName>adxstudio</UniqueName>
      <LocalizedNames>
        <LocalizedName description="Microsoft" languagecode="1033" />
        <LocalizedName description="Microsoft" languagecode="1026" />
        <LocalizedName description="Microsoft" languagecode="1027" />
        <LocalizedName description="Microsoft" languagecode="1029" />
        <LocalizedName description="Microsoft" languagecode="1030" />
        <LocalizedName description="Microsoft" languagecode="1031" />
        <LocalizedName description="Microsoft" languagecode="1032" />
        <LocalizedName description="Microsoft" languagecode="3082" />
        <LocalizedName description="Microsoft" languagecode="1061" />
        <LocalizedName description="Microsoft" languagecode="1069" />
        <LocalizedName description="Microsoft" languagecode="1035" />
        <LocalizedName description="Microsoft" languagecode="1036" />
        <LocalizedName description="Microsoft" languagecode="1110" />
        <LocalizedName description="Microsoft" languagecode="1081" />
        <LocalizedName description="Microsoft" languagecode="1050" />
        <LocalizedName description="Microsoft" languagecode="1038" />
        <LocalizedName description="Microsoft" languagecode="1057" />
        <LocalizedName description="Microsoft" languagecode="1040" />
        <LocalizedName description="Microsoft" languagecode="1041" />
        <LocalizedName description="Microsoft" languagecode="1087" />
        <LocalizedName description="Microsoft" languagecode="1042" />
        <LocalizedName description="„Microsoft“" languagecode="1063" />
        <LocalizedName description="Microsoft" languagecode="1062" />
        <LocalizedName description="Microsoft" languagecode="1086" />
        <LocalizedName description="Microsoft" languagecode="1044" />
        <LocalizedName description="Microsoft" languagecode="1043" />
        <LocalizedName description="Microsoft" languagecode="1045" />
        <LocalizedName description="Microsoft" languagecode="1046" />
        <LocalizedName description="Microsoft" languagecode="2070" />
        <LocalizedName description="Microsoft" languagecode="1048" />
        <LocalizedName description="Корпорация Майкрософт" languagecode="1049" />
        <LocalizedName description="Microsoft" languagecode="1051" />
        <LocalizedName description="Microsoft" languagecode="1060" />
        <LocalizedName description="Microsoft" languagecode="3098" />
        <LocalizedName description="Microsoft" languagecode="10266" />
        <LocalizedName description="Microsoft" languagecode="2074" />
        <LocalizedName description="Microsoft" languagecode="9242" />
        <LocalizedName description="Microsoft" languagecode="1053" />
        <LocalizedName description="Microsoft" languagecode="1054" />
        <LocalizedName description="Microsoft" languagecode="1055" />
        <LocalizedName description="Microsoft" languagecode="1058" />
        <LocalizedName description="Microsoft" languagecode="1066" />
        <LocalizedName description="Microsoft" languagecode="2052" />
        <LocalizedName description="Microsoft" languagecode="3076" />
        <LocalizedName description="Microsoft" languagecode="1028" />
      </LocalizedNames>
      <Descriptions />
      <EMailAddress>support@adxstudio.com</EMailAddress>
      <SupportingWebsiteUrl>http://www.adxstudio.com</SupportingWebsiteUrl>
      <CustomizationPrefix>adx</CustomizationPrefix>
      <CustomizationOptionValuePrefix>10000</CustomizationOptionValuePrefix>
      <Addresses>
        <Address>
          <AddressNumber>1</AddressNumber>
          <AddressTypeCode>1</AddressTypeCode>
          <City xsi:nil="true"></City>
          <County xsi:nil="true"></County>
          <Country xsi:nil="true"></Country>
          <Fax xsi:nil="true"></Fax>
          <FreightTermsCode xsi:nil="true"></FreightTermsCode>
          <ImportSequenceNumber xsi:nil="true"></ImportSequenceNumber>
          <Latitude xsi:nil="true"></Latitude>
          <Line1 xsi:nil="true"></Line1>
          <Line2 xsi:nil="true"></Line2>
          <Line3 xsi:nil="true"></Line3>
          <Longitude xsi:nil="true"></Longitude>
          <Name xsi:nil="true"></Name>
          <PostalCode xsi:nil="true"></PostalCode>
          <PostOfficeBox xsi:nil="true"></PostOfficeBox>
          <PrimaryContactName xsi:nil="true"></PrimaryContactName>
          <ShippingMethodCode>1</ShippingMethodCode>
          <StateOrProvince xsi:nil="true"></StateOrProvince>
          <Telephone1 xsi:nil="true"></Telephone1>
          <Telephone2 xsi:nil="true"></Telephone2>
          <Telephone3 xsi:nil="true"></Telephone3>
          <TimeZoneRuleVersionNumber xsi:nil="true"></TimeZoneRuleVersionNumber>
          <UPSZone xsi:nil="true"></UPSZone>
          <UTCOffset xsi:nil="true"></UTCOffset>
          <UTCConversionTimeZoneCode xsi:nil="true"></UTCConversionTimeZoneCode>
        </Address>
        <Address>
          <AddressNumber>2</AddressNumber>
          <AddressTypeCode>1</AddressTypeCode>
          <City xsi:nil="true"></City>
          <County xsi:nil="true"></County>
          <Country xsi:nil="true"></Country>
          <Fax xsi:nil="true"></Fax>
          <FreightTermsCode xsi:nil="true"></FreightTermsCode>
          <ImportSequenceNumber xsi:nil="true"></ImportSequenceNumber>
          <Latitude xsi:nil="true"></Latitude>
          <Line1 xsi:nil="true"></Line1>
          <Line2 xsi:nil="true"></Line2>
          <Line3 xsi:nil="true"></Line3>
          <Longitude xsi:nil="true"></Longitude>
          <Name xsi:nil="true"></Name>
          <PostalCode xsi:nil="true"></PostalCode>
          <PostOfficeBox xsi:nil="true"></PostOfficeBox>
          <PrimaryContactName xsi:nil="true"></PrimaryContactName>
          <ShippingMethodCode>1</ShippingMethodCode>
          <StateOrProvince xsi:nil="true"></StateOrProvince>
          <Telephone1 xsi:nil="true"></Telephone1>
          <Telephone2 xsi:nil="true"></Telephone2>
          <Telephone3 xsi:nil="true"></Telephone3>
          <TimeZoneRuleVersionNumber xsi:nil="true"></TimeZoneRuleVersionNumber>
          <UPSZone xsi:nil="true"></UPSZone>
          <UTCOffset xsi:nil="true"></UTCOffset>
          <UTCConversionTimeZoneCode xsi:nil="true"></UTCConversionTimeZoneCode>
        </Address>
      </Addresses>
    </Publisher>
    <RootComponents>
      <RootComponent type="29" id="{004d4690-cb33-4fff-82a0-3e18e31a8c59}" behavior="0" />
      <RootComponent type="29" id="{02588535-6efb-4eb1-a1ac-b6f506f78690}" behavior="0" />
      <RootComponent type="29" id="{07b411f5-bdfe-4fbc-bf9e-ddf18cfd0683}" behavior="0" />
      <RootComponent type="29" id="{0bdc5b9a-8521-4afc-8de8-e4778f6521db}" behavior="0" />
      <RootComponent type="29" id="{15c03c8d-754f-4386-a62c-cf7e91337ebd}" behavior="0" />
      <RootComponent type="29" id="{375ced87-0325-46c0-991e-23b8a6df906c}" behavior="0" />
      <RootComponent type="29" id="{3c7f9fd3-97ff-43d2-8480-fdc2ab8b8cf4}" behavior="0" />
      <RootComponent type="29" id="{409d00cd-b26d-4558-902a-fde53babc008}" behavior="0" />
      <RootComponent type="29" id="{4410c57a-1070-4dfc-a619-dd713c492856}" behavior="0" />
      <RootComponent type="29" id="{469b1fdc-7a6e-4029-acd1-0e5fe7a1bc9a}" behavior="0" />
      <RootComponent type="29" id="{4b6fdbdb-2ad9-e511-80eb-c4346bac3990}" behavior="0" />
      <RootComponent type="29" id="{58e1e170-5370-414e-8522-620f31438cb7}" behavior="0" />
      <RootComponent type="29" id="{6211a44d-475e-4a16-851f-bfe0f9842a37}" behavior="0" />
      <RootComponent type="29" id="{6d088a75-144a-46d3-bb8b-3f7e13c8bb36}" behavior="0" />
      <RootComponent type="29" id="{7462814f-39a8-411f-9e0c-14dd18ff81d7}" behavior="0" />
      <RootComponent type="29" id="{78065380-0909-4f3a-bd68-9e539f9487f2}" behavior="0" />
      <RootComponent type="29" id="{7a6617a6-9994-445d-b531-9c6696191c30}" behavior="0" />
      <RootComponent type="29" id="{7f62fcd3-1186-4867-8f6f-5f3128ae0966}" behavior="0" />
      <RootComponent type="29" id="{84a62f22-eec7-47bd-b6ce-f0cb09c8af84}" behavior="0" />
      <RootComponent type="29" id="{88949d2f-27fe-4534-91dc-ac30ffb1a071}" behavior="0" />
      <RootComponent type="29" id="{914dc551-af93-403d-ae97-b83f8ff4dfcb}" behavior="0" />
      <RootComponent type="29" id="{93b8ce58-fb30-4c76-9bd7-0717847f7f8c}" behavior="0" />
      <RootComponent type="29" id="{9678a0f4-bc77-4f4c-9836-c9a7c9645963}" behavior="0" />
      <RootComponent type="29" id="{9885a2f7-225b-4d94-b648-089a1f4037d4}" behavior="0" />
      <RootComponent type="29" id="{a3377986-ee7e-47f7-a671-4c1feae77f97}" behavior="0" />
      <RootComponent type="29" id="{a462dd4f-f37f-4fa0-9a08-d57e2ebabfb9}" behavior="0" />
      <RootComponent type="29" id="{aea38fc0-4ab0-4e25-bb29-97b8d9a70dae}" behavior="0" />
      <RootComponent type="29" id="{b15ad309-3d01-455e-982e-eabb1b8fdcaa}" behavior="0" />
      <RootComponent type="29" id="{b54b2110-812b-4c87-af97-7f7d284a7103}" behavior="0" />
      <RootComponent type="29" id="{b91553ec-7cff-470c-8ca9-5492bea02d3d}" behavior="0" />
      <RootComponent type="29" id="{c0225729-ade6-4131-80e4-974ad0c97ccd}" behavior="0" />
      <RootComponent type="29" id="{c3aec269-5f3c-4c67-8c22-4800b67347ad}" behavior="0" />
      <RootComponent type="29" id="{d139585b-60b4-429f-8a85-948a932ac580}" behavior="0" />
      <RootComponent type="29" id="{ded4ef95-1b56-4868-84b2-1257fa7bec68}" behavior="0" />
      <RootComponent type="29" id="{e0606c36-9268-41ab-acef-d5e855f12574}" behavior="0" />
      <RootComponent type="29" id="{ea115937-3a95-4c96-b7ac-2ec712cda0c7}" behavior="0" />
      <RootComponent type="29" id="{ef659f32-f7d9-477e-ac4b-5f7505d570cd}" behavior="0" />
      <RootComponent type="29" id="{ff62bbc8-f9a6-434d-a15e-15915b6cda01}" behavior="0" />
    </RootComponents>
    <MissingDependencies>
      <MissingDependency>
        <Required key="0" type="1" schemaName="adx_calculatepartnercapacityworkflowaction" displayName="Calculate Partner Capacity Workflow Action" solution="Active" />
        <Dependent key="1" type="29" displayName="Calculate Partner Capacity Workflow" id="{78065380-0909-4f3a-bd68-9e539f9487f2}" />
      </MissingDependency>
      <MissingDependency>
        <Required key="2" type="1" schemaName="adx_invitation" displayName="Invitation" solution="MicrosoftCrmPortalBase (8.2.00015)" />
        <Dependent key="3" type="29" displayName="Send portal invitation to contact" id="{c0225729-ade6-4131-80e4-974ad0c97ccd}" />
      </MissingDependency>
      <MissingDependency>
        <Required key="4" type="1" schemaName="adx_triggerexpirationofleadsworkflowaction" displayName="Trigger Expiration of Leads Workflow Action" solution="Active" />
        <Dependent key="5" type="29" displayName="Trigger Expiration of Opportunities" id="{ef659f32-f7d9-477e-ac4b-5f7505d570cd}" />
      </MissingDependency>
      <MissingDependency>
        <Required key="6" type="1" schemaName="adx_dealregistrationrequest" displayName="Deal Registration Request" solution="Active" />
        <Dependent key="7" type="29" displayName="Deals - Set Partner" id="{e0606c36-9268-41ab-acef-d5e855f12574}" />
      </MissingDependency>
      <MissingDependency>
        <Required key="6" type="1" schemaName="adx_dealregistrationrequest" displayName="Deal Registration Request" solution="Active" />
        <Dependent key="8" type="29" displayName="Deals - Close Registration" id="{c3aec269-5f3c-4c67-8c22-4800b67347ad}" />
      </MissingDependency>
      <MissingDependency>
        <Required key="9" type="1" schemaName="adx_webrole" displayName="Web Role" solution="MicrosoftCrmPortalDependencies (8.1.0009)" />
        <Dependent key="10" type="29" displayName="Remove Web Role From Contact" id="{0bdc5b9a-8521-4afc-8de8-e4778f6521db}" />
      </MissingDependency>
      <MissingDependency>
        <Required key="6" type="1" schemaName="adx_dealregistrationrequest" displayName="Deal Registration Request" solution="Active" />
        <Dependent key="11" type="29" displayName="Deals - Registration Expiry" id="{375ced87-0325-46c0-991e-23b8a6df906c}" />
      </MissingDependency>
      <MissingDependency>
        <Required key="12" type="1" schemaName="adx_triggerdistributionworkflowaction" displayName="Trigger Distribution Workflow Action" solution="Active" />
        <Dependent key="13" type="29" displayName="Trigger Opportunity Distribution" id="{4410c57a-1070-4dfc-a619-dd713c492856}" />
      </MissingDependency>
      <MissingDependency>
        <Required key="6" type="1" schemaName="adx_dealregistrationrequest" displayName="Deal Registration Request" solution="Active" />
        <Dependent key="14" type="29" displayName="Deals - Set Start Date" id="{6d088a75-144a-46d3-bb8b-3f7e13c8bb36}" />
      </MissingDependency>
      <MissingDependency>
        <Required key="6" type="1" schemaName="adx_dealregistrationrequest" displayName="Deal Registration Request" solution="Active" />
        <Dependent key="15" type="29" displayName="Deals - Set Name and Submission Date" id="{a462dd4f-f37f-4fa0-9a08-d57e2ebabfb9}" />
      </MissingDependency>
      <MissingDependency>
        <Required key="16" type="2" schemaName="adx_name" displayName="Name" parentSchemaName="adx_dealregistrationrequest" parentDisplayName="Deal Registration Request" solution="Active" />
        <Dependent key="8" type="29" displayName="Deals - Close Registration" id="{c3aec269-5f3c-4c67-8c22-4800b67347ad}" />
      </MissingDependency>
      <MissingDependency>
        <Required key="16" type="2" schemaName="adx_name" displayName="Name" parentSchemaName="adx_dealregistrationrequest" parentDisplayName="Deal Registration Request" solution="Active" />
        <Dependent key="15" type="29" displayName="Deals - Set Name and Submission Date" id="{a462dd4f-f37f-4fa0-9a08-d57e2ebabfb9}" />
      </MissingDependency>
      <MissingDependency>
        <Required key="17" type="2" schemaName="adx_partnercreated" displayName="Partner Created" parentSchemaName="opportunity" parentDisplayName="Opportunity" solution="Active" />
        <Dependent key="18" type="29" displayName="Notification - Notify partner account owner when a new opportunity is created by the partner" id="{b15ad309-3d01-455e-982e-eabb1b8fdcaa}" />
      </MissingDependency>
      <MissingDependency>
        <Required key="19" type="2" schemaName="msa_partnerid" displayName="Partner" parentSchemaName="opportunity" parentDisplayName="Opportunity" solution="MicrosoftCrmPortalDependencies (8.1.0009)" />
        <Dependent key="18" type="29" displayName="Notification - Notify partner account owner when a new opportunity is created by the partner" id="{b15ad309-3d01-455e-982e-eabb1b8fdcaa}" />
      </MissingDependency>
      <MissingDependency>
        <Required key="20" type="2" schemaName="adx_dealregistrationrequestid" displayName="Deal Registration Request" parentSchemaName="adx_dealregistrationrequest" parentDisplayName="Deal Registration Request" solution="Active" />
        <Dependent key="15" type="29" displayName="Deals - Set Name and Submission Date" id="{a462dd4f-f37f-4fa0-9a08-d57e2ebabfb9}" />
      </MissingDependency>
      <MissingDependency>
        <Required key="21" type="2" schemaName="adx_submissiondate" displayName="Submission Date" parentSchemaName="adx_dealregistrationrequest" parentDisplayName="Deal Registration Request" solution="Active" />
        <Dependent key="15" type="29" displayName="Deals - Set Name and Submission Date" id="{a462dd4f-f37f-4fa0-9a08-d57e2ebabfb9}" />
      </MissingDependency>
      <MissingDependency>
        <Required key="22" type="2" schemaName="adx_partnercontactrole" displayName="Partner Contact Role" parentSchemaName="contact" parentDisplayName="Contact" solution="Active" />
        <Dependent key="23" type="29" displayName="Change associated web role based on partner contact role field on contact" id="{7f62fcd3-1186-4867-8f6f-5f3128ae0966}" />
      </MissingDependency>
      <MissingDependency>
        <Required key="24" type="2" schemaName="createdon" displayName="Created On" parentSchemaName="adx_dealregistrationrequest" parentDisplayName="Deal Registration Request" solution="Active" />
        <Dependent key="15" type="29" displayName="Deals - Set Name and Submission Date" id="{a462dd4f-f37f-4fa0-9a08-d57e2ebabfb9}" />
      </MissingDependency>
      <MissingDependency>
        <Required key="25" type="2" schemaName="adx_opportunityid" displayName="Opportunity" parentSchemaName="adx_dealregistrationrequest" parentDisplayName="Deal Registration Request" solution="Active" />
        <Dependent key="15" type="29" displayName="Deals - Set Name and Submission Date" id="{a462dd4f-f37f-4fa0-9a08-d57e2ebabfb9}" />
      </MissingDependency>
      <MissingDependency>
        <Required key="26" type="2" schemaName="modifiedon" displayName="Modified On" parentSchemaName="adx_dealregistrationrequest" parentDisplayName="Deal Registration Request" solution="Active" />
        <Dependent key="14" type="29" displayName="Deals - Set Start Date" id="{6d088a75-144a-46d3-bb8b-3f7e13c8bb36}" />
      </MissingDependency>
      <MissingDependency>
        <Required key="27" type="2" schemaName="adx_startdate" displayName="Start Date" parentSchemaName="adx_dealregistrationrequest" parentDisplayName="Deal Registration Request" solution="Active" />
        <Dependent key="14" type="29" displayName="Deals - Set Start Date" id="{6d088a75-144a-46d3-bb8b-3f7e13c8bb36}" />
      </MissingDependency>
      <MissingDependency>
        <Required key="28" type="2" schemaName="adx_triggerdistributionworkflowactionid" displayName="Trigger Distribution Workflow Action" parentSchemaName="adx_triggerdistributionworkflowaction" parentDisplayName="Trigger Distribution Workflow Action" solution="Active" />
        <Dependent key="13" type="29" displayName="Trigger Opportunity Distribution" id="{4410c57a-1070-4dfc-a619-dd713c492856}" />
      </MissingDependency>
      <MissingDependency>
        <Required key="16" type="2" schemaName="adx_name" displayName="Name" parentSchemaName="adx_dealregistrationrequest" parentDisplayName="Deal Registration Request" solution="Active" />
        <Dependent key="14" type="29" displayName="Deals - Set Start Date" id="{6d088a75-144a-46d3-bb8b-3f7e13c8bb36}" />
      </MissingDependency>
      <MissingDependency>
        <Required key="20" type="2" schemaName="adx_dealregistrationrequestid" displayName="Deal Registration Request" parentSchemaName="adx_dealregistrationrequest" parentDisplayName="Deal Registration Request" solution="Active" />
        <Dependent key="14" type="29" displayName="Deals - Set Start Date" id="{6d088a75-144a-46d3-bb8b-3f7e13c8bb36}" />
      </MissingDependency>
      <MissingDependency>
        <Required key="29" type="2" schemaName="statuscode" displayName="Status Reason" parentSchemaName="adx_dealregistrationrequest" parentDisplayName="Deal Registration Request" solution="Active" />
        <Dependent key="14" type="29" displayName="Deals - Set Start Date" id="{6d088a75-144a-46d3-bb8b-3f7e13c8bb36}" />
      </MissingDependency>
      <MissingDependency>
        <Required key="30" type="2" schemaName="adx_name" displayName="Name" parentSchemaName="adx_triggerdistributionworkflowaction" parentDisplayName="Trigger Distribution Workflow Action" solution="Active" />
        <Dependent key="13" type="29" displayName="Trigger Opportunity Distribution" id="{4410c57a-1070-4dfc-a619-dd713c492856}" />
      </MissingDependency>
      <MissingDependency>
        <Required key="31" type="2" schemaName="adx_webroleid" displayName="Web Role" parentSchemaName="adx_webrole" parentDisplayName="Web Role" solution="MicrosoftCrmPortalDependencies (8.1.0009)" />
        <Dependent key="10" type="29" displayName="Remove Web Role From Contact" id="{0bdc5b9a-8521-4afc-8de8-e4778f6521db}" />
      </MissingDependency>
      <MissingDependency>
        <Required key="32" type="2" schemaName="adx_name" displayName="Name" parentSchemaName="adx_webrole" parentDisplayName="Web Role" solution="MicrosoftCrmPortalDependencies (8.1.0009)" />
        <Dependent key="10" type="29" displayName="Remove Web Role From Contact" id="{0bdc5b9a-8521-4afc-8de8-e4778f6521db}" />
      </MissingDependency>
      <MissingDependency>
        <Required key="33" type="2" schemaName="adx_partner_applicationstatus" displayName="Partner Application Status" parentSchemaName="contact" parentDisplayName="Contact" solution="Active" />
        <Dependent key="34" type="29" displayName="Approve Partner Application" id="{07b411f5-bdfe-4fbc-bf9e-ddf18cfd0683}" />
      </MissingDependency>
      <MissingDependency>
        <Required key="16" type="2" schemaName="adx_name" displayName="Name" parentSchemaName="adx_dealregistrationrequest" parentDisplayName="Deal Registration Request" solution="Active" />
        <Dependent key="11" type="29" displayName="Deals - Registration Expiry" id="{375ced87-0325-46c0-991e-23b8a6df906c}" />
      </MissingDependency>
      <MissingDependency>
        <Required key="35" type="2" schemaName="adx_expirationdate" displayName="Expiration Date" parentSchemaName="adx_dealregistrationrequest" parentDisplayName="Deal Registration Request" solution="Active" />
        <Dependent key="11" type="29" displayName="Deals - Registration Expiry" id="{375ced87-0325-46c0-991e-23b8a6df906c}" />
      </MissingDependency>
      <MissingDependency>
        <Required key="36" type="2" schemaName="adx_expirationworkflowscount" displayName="Expiration Workflows Count" parentSchemaName="adx_dealregistrationrequest" parentDisplayName="Deal Registration Request" solution="Active" />
        <Dependent key="11" type="29" displayName="Deals - Registration Expiry" id="{375ced87-0325-46c0-991e-23b8a6df906c}" />
      </MissingDependency>
      <MissingDependency>
        <Required key="20" type="2" schemaName="adx_dealregistrationrequestid" displayName="Deal Registration Request" parentSchemaName="adx_dealregistrationrequest" parentDisplayName="Deal Registration Request" solution="Active" />
        <Dependent key="11" type="29" displayName="Deals - Registration Expiry" id="{375ced87-0325-46c0-991e-23b8a6df906c}" />
      </MissingDependency>
      <MissingDependency>
        <Required key="19" type="2" schemaName="msa_partnerid" displayName="Partner" parentSchemaName="opportunity" parentDisplayName="Opportunity" solution="MicrosoftCrmPortalDependencies (8.1.0009)" />
        <Dependent key="37" type="29" displayName="UpdatePartnerStatistics" id="{ded4ef95-1b56-4868-84b2-1257fa7bec68}" />
      </MissingDependency>
      <MissingDependency>
        <Required key="38" type="2" schemaName="msa_managingpartnerid" displayName="Managing Partner" parentSchemaName="contact" parentDisplayName="Contact" solution="MicrosoftCrmPortalDependencies (8.1.0009)" />
        <Dependent key="39" type="29" displayName="Set Managing Partner on creation of contact via portal" id="{9885a2f7-225b-4d94-b648-089a1f4037d4}" />
      </MissingDependency>
      <MissingDependency>
        <Required key="40" type="2" schemaName="adx_reasonforreturn" displayName="Reason for Return" parentSchemaName="opportunity" parentDisplayName="Opportunity" solution="Active" />
        <Dependent key="41" type="29" displayName="Return Accepted Opportunity" id="{4b6fdbdb-2ad9-e511-80eb-c4346bac3990}" />
      </MissingDependency>
      <MissingDependency>
        <Required key="42" type="2" schemaName="msa_partneroppid" displayName="Partner Contact" parentSchemaName="opportunity" parentDisplayName="Opportunity" solution="MicrosoftCrmPortalDependencies (8.1.0009)" />
        <Dependent key="41" type="29" displayName="Return Accepted Opportunity" id="{4b6fdbdb-2ad9-e511-80eb-c4346bac3990}" />
      </MissingDependency>
      <MissingDependency>
        <Required key="43" type="2" schemaName="adx_createdbyportalcontactid" displayName="Created By (portal contact)" parentSchemaName="contact" parentDisplayName="Contact" solution="Active" />
        <Dependent key="39" type="29" displayName="Set Managing Partner on creation of contact via portal" id="{9885a2f7-225b-4d94-b648-089a1f4037d4}" />
      </MissingDependency>
      <MissingDependency>
        <Required key="19" type="2" schemaName="msa_partnerid" displayName="Partner" parentSchemaName="opportunity" parentDisplayName="Opportunity" solution="MicrosoftCrmPortalDependencies (8.1.0009)" />
        <Dependent key="41" type="29" displayName="Return Accepted Opportunity" id="{4b6fdbdb-2ad9-e511-80eb-c4346bac3990}" />
      </MissingDependency>
      <MissingDependency>
        <Required key="44" type="2" schemaName="adx_accepteddate" displayName="Accepted Date" parentSchemaName="opportunity" parentDisplayName="Opportunity" solution="Active" />
        <Dependent key="41" type="29" displayName="Return Accepted Opportunity" id="{4b6fdbdb-2ad9-e511-80eb-c4346bac3990}" />
      </MissingDependency>
      <MissingDependency>
        <Required key="19" type="2" schemaName="msa_partnerid" displayName="Partner" parentSchemaName="opportunity" parentDisplayName="Opportunity" solution="MicrosoftCrmPortalDependencies (8.1.0009)" />
        <Dependent key="45" type="29" displayName="Notification - Notify sender when partner declined an Opportunity" id="{d139585b-60b4-429f-8a85-948a932ac580}" />
      </MissingDependency>
      <MissingDependency>
        <Required key="46" type="2" schemaName="adx_dealregistrationrequestid" displayName="Deal Registration Request" parentSchemaName="opportunity" parentDisplayName="Opportunity" solution="Active" />
        <Dependent key="8" type="29" displayName="Deals - Close Registration" id="{c3aec269-5f3c-4c67-8c22-4800b67347ad}" />
      </MissingDependency>
      <MissingDependency>
        <Required key="44" type="2" schemaName="adx_accepteddate" displayName="Accepted Date" parentSchemaName="opportunity" parentDisplayName="Opportunity" solution="Active" />
        <Dependent key="47" type="29" displayName="Accept Opportunity" id="{88949d2f-27fe-4534-91dc-ac30ffb1a071}" />
      </MissingDependency>
      <MissingDependency>
        <Required key="20" type="2" schemaName="adx_dealregistrationrequestid" displayName="Deal Registration Request" parentSchemaName="adx_dealregistrationrequest" parentDisplayName="Deal Registration Request" solution="Active" />
        <Dependent key="8" type="29" displayName="Deals - Close Registration" id="{c3aec269-5f3c-4c67-8c22-4800b67347ad}" />
      </MissingDependency>
      <MissingDependency>
        <Required key="38" type="2" schemaName="msa_managingpartnerid" displayName="Managing Partner" parentSchemaName="contact" parentDisplayName="Contact" solution="MicrosoftCrmPortalDependencies (8.1.0009)" />
        <Dependent key="48" type="29" displayName="Copy Managing Partner from parent account - On change of Contact" id="{b54b2110-812b-4c87-af97-7f7d284a7103}" />
      </MissingDependency>
      <MissingDependency>
        <Required key="49" type="2" schemaName="msa_managingpartnerid" displayName="Managing Partner" parentSchemaName="account" parentDisplayName="Account" solution="MicrosoftCrmPortalDependencies (8.1.0009)" />
        <Dependent key="48" type="29" displayName="Copy Managing Partner from parent account - On change of Contact" id="{b54b2110-812b-4c87-af97-7f7d284a7103}" />
      </MissingDependency>
      <MissingDependency>
        <Required key="49" type="2" schemaName="msa_managingpartnerid" displayName="Managing Partner" parentSchemaName="account" parentDisplayName="Account" solution="MicrosoftCrmPortalDependencies (8.1.0009)" />
        <Dependent key="50" type="29" displayName="Copy Managing Partner from parent account" id="{b91553ec-7cff-470c-8ca9-5492bea02d3d}" />
      </MissingDependency>
      <MissingDependency>
        <Required key="38" type="2" schemaName="msa_managingpartnerid" displayName="Managing Partner" parentSchemaName="contact" parentDisplayName="Contact" solution="MicrosoftCrmPortalDependencies (8.1.0009)" />
        <Dependent key="50" type="29" displayName="Copy Managing Partner from parent account" id="{b91553ec-7cff-470c-8ca9-5492bea02d3d}" />
      </MissingDependency>
      <MissingDependency>
        <Required key="49" type="2" schemaName="msa_managingpartnerid" displayName="Managing Partner" parentSchemaName="account" parentDisplayName="Account" solution="MicrosoftCrmPortalDependencies (8.1.0009)" />
        <Dependent key="51" type="29" displayName="Update managing partner when created by (portal contact) field is populated." id="{ea115937-3a95-4c96-b7ac-2ec712cda0c7}" />
      </MissingDependency>
      <MissingDependency>
        <Required key="16" type="2" schemaName="adx_name" displayName="Name" parentSchemaName="adx_dealregistrationrequest" parentDisplayName="Deal Registration Request" solution="Active" />
        <Dependent key="7" type="29" displayName="Deals - Set Partner" id="{e0606c36-9268-41ab-acef-d5e855f12574}" />
      </MissingDependency>
      <MissingDependency>
        <Required key="20" type="2" schemaName="adx_dealregistrationrequestid" displayName="Deal Registration Request" parentSchemaName="adx_dealregistrationrequest" parentDisplayName="Deal Registration Request" solution="Active" />
        <Dependent key="7" type="29" displayName="Deals - Set Partner" id="{e0606c36-9268-41ab-acef-d5e855f12574}" />
      </MissingDependency>
      <MissingDependency>
        <Required key="52" type="2" schemaName="adx_partnercontact" displayName="Partner Contact" parentSchemaName="adx_dealregistrationrequest" parentDisplayName="Deal Registration Request" solution="Active" />
        <Dependent key="7" type="29" displayName="Deals - Set Partner" id="{e0606c36-9268-41ab-acef-d5e855f12574}" />
      </MissingDependency>
      <MissingDependency>
        <Required key="53" type="2" schemaName="adx_createdbyportalcontactid" displayName="Created By (Portal Contact)" parentSchemaName="account" parentDisplayName="Account" solution="Active" />
        <Dependent key="51" type="29" displayName="Update managing partner when created by (portal contact) field is populated." id="{ea115937-3a95-4c96-b7ac-2ec712cda0c7}" />
      </MissingDependency>
      <MissingDependency>
        <Required key="54" type="2" schemaName="adx_referencecode" displayName="Reference Code" parentSchemaName="opportunity" parentDisplayName="Opportunity" solution="Active" />
        <Dependent key="55" type="29" displayName="Create reference Code for opportunity" id="{02588535-6efb-4eb1-a1ac-b6f506f78690}" />
      </MissingDependency>
      <MissingDependency>
        <Required key="56" type="2" schemaName="adx_partner" displayName="Partner" parentSchemaName="adx_dealregistrationrequest" parentDisplayName="Deal Registration Request" solution="Active" />
        <Dependent key="7" type="29" displayName="Deals - Set Partner" id="{e0606c36-9268-41ab-acef-d5e855f12574}" />
      </MissingDependency>
      <MissingDependency>
        <Required key="19" type="2" schemaName="msa_partnerid" displayName="Partner" parentSchemaName="opportunity" parentDisplayName="Opportunity" solution="MicrosoftCrmPortalDependencies (8.1.0009)" />
        <Dependent key="57" type="29" displayName="Notification - On opportunity delivery to partner" id="{914dc551-af93-403d-ae97-b83f8ff4dfcb}" />
      </MissingDependency>
      <MissingDependency>
        <Required key="58" type="2" schemaName="adx_triggerexpirationofleadsworkflowactionid" displayName="Trigger Expiration of Leads Workflow Action" parentSchemaName="adx_triggerexpirationofleadsworkflowaction" parentDisplayName="Trigger Expiration of Leads Workflow Action" solution="Active" />
        <Dependent key="5" type="29" displayName="Trigger Expiration of Opportunities" id="{ef659f32-f7d9-477e-ac4b-5f7505d570cd}" />
      </MissingDependency>
      <MissingDependency>
        <Required key="59" type="2" schemaName="adx_name" displayName="Name" parentSchemaName="adx_triggerexpirationofleadsworkflowaction" parentDisplayName="Trigger Expiration of Leads Workflow Action" solution="Active" />
        <Dependent key="5" type="29" displayName="Trigger Expiration of Opportunities" id="{ef659f32-f7d9-477e-ac4b-5f7505d570cd}" />
      </MissingDependency>
      <MissingDependency>
        <Required key="60" type="2" schemaName="adx_type" displayName="Type" parentSchemaName="adx_invitation" parentDisplayName="Invitation" solution="MicrosoftCrmPortalBase (8.2.00015)" />
        <Dependent key="3" type="29" displayName="Send portal invitation to contact" id="{c0225729-ade6-4131-80e4-974ad0c97ccd}" />
      </MissingDependency>
      <MissingDependency>
        <Required key="61" type="2" schemaName="adx_name" displayName="Name" parentSchemaName="adx_invitation" parentDisplayName="Invitation" solution="MicrosoftCrmPortalBase (8.2.00015)" />
        <Dependent key="3" type="29" displayName="Send portal invitation to contact" id="{c0225729-ade6-4131-80e4-974ad0c97ccd}" />
      </MissingDependency>
      <MissingDependency>
        <Required key="62" type="2" schemaName="adx_invitationid" displayName="Invitation" parentSchemaName="adx_invitation" parentDisplayName="Invitation" solution="MicrosoftCrmPortalBase (8.2.00015)" />
        <Dependent key="3" type="29" displayName="Send portal invitation to contact" id="{c0225729-ade6-4131-80e4-974ad0c97ccd}" />
      </MissingDependency>
      <MissingDependency>
        <Required key="63" type="2" schemaName="adx_invitationcode" displayName="Invitation Code" parentSchemaName="adx_invitation" parentDisplayName="Invitation" solution="MicrosoftCrmPortalBase (8.2.00015)" />
        <Dependent key="3" type="29" displayName="Send portal invitation to contact" id="{c0225729-ade6-4131-80e4-974ad0c97ccd}" />
      </MissingDependency>
      <MissingDependency>
        <Required key="64" type="2" schemaName="adx_invitecontact" displayName="Invite Contact" parentSchemaName="adx_invitation" parentDisplayName="Invitation" solution="MicrosoftCrmPortalBase (8.2.00015)" />
        <Dependent key="3" type="29" displayName="Send portal invitation to contact" id="{c0225729-ade6-4131-80e4-974ad0c97ccd}" />
      </MissingDependency>
      <MissingDependency>
        <Required key="65" type="2" schemaName="adx_partner_applicationsubmitted" displayName="Partner Application Submitted" parentSchemaName="contact" parentDisplayName="Contact" solution="Active" />
        <Dependent key="66" type="29" displayName="Partner Application Submission" id="{58e1e170-5370-414e-8522-620f31438cb7}" />
      </MissingDependency>
      <MissingDependency>
        <Required key="67" type="2" schemaName="adx_partner_applicationdate" displayName="Partner Application Date" parentSchemaName="contact" parentDisplayName="Contact" solution="Active" />
        <Dependent key="66" type="29" displayName="Partner Application Submission" id="{58e1e170-5370-414e-8522-620f31438cb7}" />
      </MissingDependency>
      <MissingDependency>
        <Required key="19" type="2" schemaName="msa_partnerid" displayName="Partner" parentSchemaName="opportunity" parentDisplayName="Opportunity" solution="MicrosoftCrmPortalDependencies (8.1.0009)" />
        <Dependent key="68" type="29" displayName="Decline Opportunity" id="{a3377986-ee7e-47f7-a671-4c1feae77f97}" />
      </MissingDependency>
      <MissingDependency>
        <Required key="69" type="2" schemaName="adx_organizationname" displayName="Organization Name" parentSchemaName="contact" parentDisplayName="Contact" solution="MicrosoftCrmPortalDependencies (8.1.0009)" />
        <Dependent key="66" type="29" displayName="Partner Application Submission" id="{58e1e170-5370-414e-8522-620f31438cb7}" />
      </MissingDependency>
      <MissingDependency>
        <Required key="70" type="2" schemaName="adx_partner_accountcreated" displayName="Partner Account Created" parentSchemaName="contact" parentDisplayName="Contact" solution="Active" />
        <Dependent key="66" type="29" displayName="Partner Application Submission" id="{58e1e170-5370-414e-8522-620f31438cb7}" />
      </MissingDependency>
      <MissingDependency>
        <Required key="33" type="2" schemaName="adx_partner_applicationstatus" displayName="Partner Application Status" parentSchemaName="contact" parentDisplayName="Contact" solution="Active" />
        <Dependent key="66" type="29" displayName="Partner Application Submission" id="{58e1e170-5370-414e-8522-620f31438cb7}" />
      </MissingDependency>
      <MissingDependency>
        <Required key="71" type="2" schemaName="adx_partnercollaboration" displayName="Partner Collaboration" parentSchemaName="opportunity" parentDisplayName="Opportunity" solution="Active" />
        <Dependent key="72" type="29" displayName="Disassociate Partner Accounts from Opportunity" id="{84a62f22-eec7-47bd-b6ce-f0cb09c8af84}" />
      </MissingDependency>
      <MissingDependency>
        <Required key="73" type="2" schemaName="adx_partner_anniversarydate" displayName="Partner Anniversary Date" parentSchemaName="contact" parentDisplayName="Contact" solution="Active" />
        <Dependent key="74" type="29" displayName="Approve Partner Application Workflow" id="{aea38fc0-4ab0-4e25-bb29-97b8d9a70dae}" />
      </MissingDependency>
      <MissingDependency>
        <Required key="75" type="2" schemaName="adx_interestedinpartnerenrollment" displayName="Interested in partner enrollment?" parentSchemaName="contact" parentDisplayName="Contact" solution="Active" />
        <Dependent key="76" type="29" displayName="Change partner application status when contact expresses interest" id="{004d4690-cb33-4fff-82a0-3e18e31a8c59}" />
      </MissingDependency>
      <MissingDependency>
        <Required key="22" type="2" schemaName="adx_partnercontactrole" displayName="Partner Contact Role" parentSchemaName="contact" parentDisplayName="Contact" solution="Active" />
        <Dependent key="74" type="29" displayName="Approve Partner Application Workflow" id="{aea38fc0-4ab0-4e25-bb29-97b8d9a70dae}" />
      </MissingDependency>
      <MissingDependency>
        <Required key="42" type="2" schemaName="msa_partneroppid" displayName="Partner Contact" parentSchemaName="opportunity" parentDisplayName="Opportunity" solution="MicrosoftCrmPortalDependencies (8.1.0009)" />
        <Dependent key="77" type="29" displayName="On update of partner contact set partner account and add to shared contact list" id="{ff62bbc8-f9a6-434d-a15e-15915b6cda01}" />
      </MissingDependency>
      <MissingDependency>
        <Required key="78" type="2" schemaName="adx_accountid" displayName="Account" parentSchemaName="adx_calculatepartnercapacityworkflowaction" parentDisplayName="Calculate Partner Capacity Workflow Action" solution="Active" />
        <Dependent key="1" type="29" displayName="Calculate Partner Capacity Workflow" id="{78065380-0909-4f3a-bd68-9e539f9487f2}" />
      </MissingDependency>
      <MissingDependency>
        <Required key="19" type="2" schemaName="msa_partnerid" displayName="Partner" parentSchemaName="opportunity" parentDisplayName="Opportunity" solution="MicrosoftCrmPortalDependencies (8.1.0009)" />
        <Dependent key="77" type="29" displayName="On update of partner contact set partner account and add to shared contact list" id="{ff62bbc8-f9a6-434d-a15e-15915b6cda01}" />
      </MissingDependency>
      <MissingDependency>
        <Required key="79" type="2" schemaName="adx_calculatepartnercapacityworkflowactionid" displayName="Calculate Partner Capacity Workflow Action" parentSchemaName="adx_calculatepartnercapacityworkflowaction" parentDisplayName="Calculate Partner Capacity Workflow Action" solution="Active" />
        <Dependent key="1" type="29" displayName="Calculate Partner Capacity Workflow" id="{78065380-0909-4f3a-bd68-9e539f9487f2}" />
      </MissingDependency>
      <MissingDependency>
        <Required key="80" type="2" schemaName="adx_name" displayName="Name" parentSchemaName="adx_calculatepartnercapacityworkflowaction" parentDisplayName="Calculate Partner Capacity Workflow Action" solution="Active" />
        <Dependent key="1" type="29" displayName="Calculate Partner Capacity Workflow" id="{78065380-0909-4f3a-bd68-9e539f9487f2}" />
      </MissingDependency>
      <MissingDependency>
        <Required key="33" type="2" schemaName="adx_partner_applicationstatus" displayName="Partner Application Status" parentSchemaName="contact" parentDisplayName="Contact" solution="Active" />
        <Dependent key="81" type="29" displayName="Approve Partner Application on Change" id="{409d00cd-b26d-4558-902a-fde53babc008}" />
      </MissingDependency>
      <MissingDependency>
        <Required key="49" type="2" schemaName="msa_managingpartnerid" displayName="Managing Partner" parentSchemaName="account" parentDisplayName="Account" solution="MicrosoftCrmPortalDependencies (8.1.0009)" />
        <Dependent key="82" type="29" displayName="Copy Managing Partner on Contact from parent account - On change of account" id="{7a6617a6-9994-445d-b531-9c6696191c30}" />
      </MissingDependency>
      <MissingDependency>
        <Required key="19" type="2" schemaName="msa_partnerid" displayName="Partner" parentSchemaName="opportunity" parentDisplayName="Opportunity" solution="MicrosoftCrmPortalDependencies (8.1.0009)" />
        <Dependent key="83" type="29" displayName="Notification - Notify sender when partner accepted an Opportunity" id="{6211a44d-475e-4a16-851f-bfe0f9842a37}" />
      </MissingDependency>
      <MissingDependency>
        <Required key="42" type="2" schemaName="msa_partneroppid" displayName="Partner Contact" parentSchemaName="opportunity" parentDisplayName="Opportunity" solution="MicrosoftCrmPortalDependencies (8.1.0009)" />
        <Dependent key="83" type="29" displayName="Notification - Notify sender when partner accepted an Opportunity" id="{6211a44d-475e-4a16-851f-bfe0f9842a37}" />
      </MissingDependency>
      <MissingDependency>
        <Required key="71" type="2" schemaName="adx_partnercollaboration" displayName="Partner Collaboration" parentSchemaName="opportunity" parentDisplayName="Opportunity" solution="Active" />
        <Dependent key="84" type="29" displayName="On Change of Partner Collaboration Set Opportunity Status" id="{7462814f-39a8-411f-9e0c-14dd18ff81d7}" />
      </MissingDependency>
      <MissingDependency>
        <Required key="33" type="2" schemaName="adx_partner_applicationstatus" displayName="Partner Application Status" parentSchemaName="contact" parentDisplayName="Contact" solution="Active" />
        <Dependent key="85" type="29" displayName="Reject Partner Application" id="{469b1fdc-7a6e-4029-acd1-0e5fe7a1bc9a}" />
      </MissingDependency>
      <MissingDependency>
        <Required key="86" type="10" schemaName="msa_partner_opportunity" displayName="msa_partner_opportunity" parentSchemaName="opportunity" parentDisplayName="Opportunity" solution="MicrosoftCrmPortalDependencies (8.1.0009)" />
        <Dependent key="83" type="29" displayName="Notification - Notify sender when partner accepted an Opportunity" id="{6211a44d-475e-4a16-851f-bfe0f9842a37}" />
      </MissingDependency>
      <MissingDependency>
        <Required key="87" type="10" schemaName="msa_contact_opportunity" displayName="msa_contact_opportunity" parentSchemaName="opportunity" parentDisplayName="Opportunity" solution="MicrosoftCrmPortalDependencies (8.1.0009)" />
        <Dependent key="77" type="29" displayName="On update of partner contact set partner account and add to shared contact list" id="{ff62bbc8-f9a6-434d-a15e-15915b6cda01}" />
      </MissingDependency>
      <MissingDependency>
        <Required key="86" type="10" schemaName="msa_partner_opportunity" displayName="msa_partner_opportunity" parentSchemaName="opportunity" parentDisplayName="Opportunity" solution="MicrosoftCrmPortalDependencies (8.1.0009)" />
        <Dependent key="57" type="29" displayName="Notification - On opportunity delivery to partner" id="{914dc551-af93-403d-ae97-b83f8ff4dfcb}" />
      </MissingDependency>
      <MissingDependency>
        <Required key="88" type="10" schemaName="adx_contact_adx_dealregistrationrequest_PartnerContact" displayName="adx_contact_adx_dealregistrationrequest_PartnerContact" parentSchemaName="adx_dealregistrationrequest" parentDisplayName="Deal Registration Request" solution="Active" />
        <Dependent key="7" type="29" displayName="Deals - Set Partner" id="{e0606c36-9268-41ab-acef-d5e855f12574}" />
      </MissingDependency>
      <MissingDependency>
        <Required key="89" type="10" schemaName="adx_account_created_by_portal_contact" displayName="adx_account_created_by_portal_contact" parentSchemaName="account" parentDisplayName="Account" solution="Active" />
        <Dependent key="51" type="29" displayName="Update managing partner when created by (portal contact) field is populated." id="{ea115937-3a95-4c96-b7ac-2ec712cda0c7}" />
      </MissingDependency>
      <MissingDependency>
        <Required key="90" type="10" schemaName="adx_adx_dealregistrationrequest_opportunity_DealRegistrationRequestId" displayName="adx_adx_dealregistrationrequest_opportunity_DealRegistrationRequestId" parentSchemaName="opportunity" parentDisplayName="Opportunity" solution="Active" />
        <Dependent key="8" type="29" displayName="Deals - Close Registration" id="{c3aec269-5f3c-4c67-8c22-4800b67347ad}" />
      </MissingDependency>
      <MissingDependency>
        <Required key="86" type="10" schemaName="msa_partner_opportunity" displayName="msa_partner_opportunity" parentSchemaName="opportunity" parentDisplayName="Opportunity" solution="MicrosoftCrmPortalDependencies (8.1.0009)" />
        <Dependent key="45" type="29" displayName="Notification - Notify sender when partner declined an Opportunity" id="{d139585b-60b4-429f-8a85-948a932ac580}" />
      </MissingDependency>
      <MissingDependency>
        <Required key="91" type="10" schemaName="adx_created_by_portal_contact" displayName="adx_created_by_portal_contact" parentSchemaName="contact" parentDisplayName="Contact" solution="Active" />
        <Dependent key="39" type="29" displayName="Set Managing Partner on creation of contact via portal" id="{9885a2f7-225b-4d94-b648-089a1f4037d4}" />
      </MissingDependency>
      <MissingDependency>
        <Required key="92" type="10" schemaName="adx_opportunity_adx_dealregistrationrequest" displayName="adx_opportunity_adx_dealregistrationrequest" parentSchemaName="adx_dealregistrationrequest" parentDisplayName="Deal Registration Request" solution="Active" />
        <Dependent key="15" type="29" displayName="Deals - Set Name and Submission Date" id="{a462dd4f-f37f-4fa0-9a08-d57e2ebabfb9}" />
      </MissingDependency>
      <MissingDependency>
        <Required key="86" type="10" schemaName="msa_partner_opportunity" displayName="msa_partner_opportunity" parentSchemaName="opportunity" parentDisplayName="Opportunity" solution="MicrosoftCrmPortalDependencies (8.1.0009)" />
        <Dependent key="18" type="29" displayName="Notification - Notify partner account owner when a new opportunity is created by the partner" id="{b15ad309-3d01-455e-982e-eabb1b8fdcaa}" />
      </MissingDependency>
      <MissingDependency>
        <Required key="93" type="29" displayName="Send Invitation" solution="MicrosoftCrmPortalBaseWorkflows (8.1.0003)" id="{15c03c8d-754f-4386-a62c-cf7e91337ebd}" />
        <Dependent key="93" type="29" displayName="Send Invitation" id="{15c03c8d-754f-4386-a62c-cf7e91337ebd}" />
      </MissingDependency>
      <MissingDependency>
        <Required key="93" type="29" displayName="Send Invitation" solution="MicrosoftCrmPortalBaseWorkflows (8.1.0003)" id="{15c03c8d-754f-4386-a62c-cf7e91337ebd}" />
        <Dependent key="3" type="29" displayName="Send portal invitation to contact" id="{c0225729-ade6-4131-80e4-974ad0c97ccd}" />
      </MissingDependency>
      <MissingDependency>
        <Required key="94" type="90" schemaName="Adxstudio.Xrm.Workflow.ForEachHelper.ForEachTriggerCustomAction, Adxstudio.Xrm.Workflow.ForEachHelper, Version=1.0.0.0, Culture=neutral, PublicKeyToken=3c4188165c62d08a" displayName="For Each Trigger Custom Action" solution="MicrosoftForEachWorkflowHelper (8.1.0002)" />
        <Dependent key="82" type="29" displayName="Copy Managing Partner on Contact from parent account - On change of account" id="{7a6617a6-9994-445d-b531-9c6696191c30}" />
      </MissingDependency>
      <MissingDependency>
        <Required key="95" type="90" schemaName="Adxstudio.Xrm.Workflow.GetRecordIdHelper.GetRecordIdFromUrl, Adxstudio.Xrm.Workflow.GetRecordIdHelper, Version=1.0.0.0, Culture=neutral, PublicKeyToken=c3f7c100072097e5" displayName="Get Record ID From URL" solution="MicrosoftGetRecordIDWorkflowHelper (8.1.0001)" />
        <Dependent key="77" type="29" displayName="On update of partner contact set partner account and add to shared contact list" id="{ff62bbc8-f9a6-434d-a15e-15915b6cda01}" />
      </MissingDependency>
      <MissingDependency>
        <Required key="96" type="90" schemaName="Adxstudio.Xrm.Workflow.AssociateHelper.Associate, Adxstudio.Xrm.Workflow.AssociateHelper, Version=1.0.0.0, Culture=neutral, PublicKeyToken=d3a7bc6bb27ca094" displayName="Associate" solution="MicrosoftAssociateWorkflowHelper (8.1.0002)" />
        <Dependent key="77" type="29" displayName="On update of partner contact set partner account and add to shared contact list" id="{ff62bbc8-f9a6-434d-a15e-15915b6cda01}" />
      </MissingDependency>
      <MissingDependency>
        <Required key="97" type="90" schemaName="Adxstudio.Xrm.Workflow.GetRandomGuidHelper.GetRandomGuid, Adxstudio.Xrm.Workflow.GetRandomGuidHelper, Version=1.0.0.0, Culture=neutral, PublicKeyToken=94e462915e9c1195" displayName="Get Random GUID" solution="MicrosoftGetRandomGUIDWorkflowHelper (8.1.0001)" />
        <Dependent key="3" type="29" displayName="Send portal invitation to contact" id="{c0225729-ade6-4131-80e4-974ad0c97ccd}" />
      </MissingDependency>
      <MissingDependency>
        <Required key="98" type="90" schemaName="Adxstudio.Xrm.Plugins.Partner.AssignPrimaryContact, Adxstudio.Xrm.Plugins.Partner, Version=7.1.0.0, Culture=neutral, PublicKeyToken=8f6c15d0d269472e" displayName="Assign Primary Contact" solution="Active" />
        <Dependent key="66" type="29" displayName="Partner Application Submission" id="{58e1e170-5370-414e-8522-620f31438cb7}" />
      </MissingDependency>
      <MissingDependency>
        <Required key="94" type="90" schemaName="Adxstudio.Xrm.Workflow.ForEachHelper.ForEachTriggerCustomAction, Adxstudio.Xrm.Workflow.ForEachHelper, Version=1.0.0.0, Culture=neutral, PublicKeyToken=3c4188165c62d08a" displayName="For Each Trigger Custom Action" solution="MicrosoftForEachWorkflowHelper (8.1.0002)" />
        <Dependent key="99" type="29" displayName="Remove all Web Roles from Contact" id="{9678a0f4-bc77-4f4c-9836-c9a7c9645963}" />
      </MissingDependency>
      <MissingDependency>
        <Required key="100" type="90" schemaName="Adxstudio.Xrm.Workflow.GetRecordIdHelper.GetRecordId, Adxstudio.Xrm.Workflow.GetRecordIdHelper, Version=1.0.0.0, Culture=neutral, PublicKeyToken=c3f7c100072097e5" displayName="Get Record ID" solution="MicrosoftGetRecordIDWorkflowHelper (8.1.0001)" />
        <Dependent key="99" type="29" displayName="Remove all Web Roles from Contact" id="{9678a0f4-bc77-4f4c-9836-c9a7c9645963}" />
      </MissingDependency>
      <MissingDependency>
        <Required key="100" type="90" schemaName="Adxstudio.Xrm.Workflow.GetRecordIdHelper.GetRecordId, Adxstudio.Xrm.Workflow.GetRecordIdHelper, Version=1.0.0.0, Culture=neutral, PublicKeyToken=c3f7c100072097e5" displayName="Get Record ID" solution="MicrosoftGetRecordIDWorkflowHelper (8.1.0001)" />
        <Dependent key="72" type="29" displayName="Disassociate Partner Accounts from Opportunity" id="{84a62f22-eec7-47bd-b6ce-f0cb09c8af84}" />
      </MissingDependency>
      <MissingDependency>
        <Required key="94" type="90" schemaName="Adxstudio.Xrm.Workflow.ForEachHelper.ForEachTriggerCustomAction, Adxstudio.Xrm.Workflow.ForEachHelper, Version=1.0.0.0, Culture=neutral, PublicKeyToken=3c4188165c62d08a" displayName="For Each Trigger Custom Action" solution="MicrosoftForEachWorkflowHelper (8.1.0002)" />
        <Dependent key="72" type="29" displayName="Disassociate Partner Accounts from Opportunity" id="{84a62f22-eec7-47bd-b6ce-f0cb09c8af84}" />
      </MissingDependency>
      <MissingDependency>
        <Required key="95" type="90" schemaName="Adxstudio.Xrm.Workflow.GetRecordIdHelper.GetRecordIdFromUrl, Adxstudio.Xrm.Workflow.GetRecordIdHelper, Version=1.0.0.0, Culture=neutral, PublicKeyToken=c3f7c100072097e5" displayName="Get Record ID From URL" solution="MicrosoftGetRecordIDWorkflowHelper (8.1.0001)" />
        <Dependent key="101" type="29" displayName="Set Parent Customer of Contact when Primary contact of an Account it set" id="{3c7f9fd3-97ff-43d2-8480-fdc2ab8b8cf4}" />
      </MissingDependency>
      <MissingDependency>
        <Required key="96" type="90" schemaName="Adxstudio.Xrm.Workflow.AssociateHelper.Associate, Adxstudio.Xrm.Workflow.AssociateHelper, Version=1.0.0.0, Culture=neutral, PublicKeyToken=d3a7bc6bb27ca094" displayName="Associate" solution="MicrosoftAssociateWorkflowHelper (8.1.0002)" />
        <Dependent key="101" type="29" displayName="Set Parent Customer of Contact when Primary contact of an Account it set" id="{3c7f9fd3-97ff-43d2-8480-fdc2ab8b8cf4}" />
      </MissingDependency>
      <MissingDependency>
        <Required key="102" type="90" schemaName="Adxstudio.Xrm.Plugins.Partner.AssociateGeographies, Adxstudio.Xrm.Plugins.Partner, Version=7.1.0.0, Culture=neutral, PublicKeyToken=8f6c15d0d269472e" displayName="Associate Geographies" solution="Active" />
        <Dependent key="66" type="29" displayName="Partner Application Submission" id="{58e1e170-5370-414e-8522-620f31438cb7}" />
      </MissingDependency>
      <MissingDependency>
        <Required key="103" type="90" schemaName="Adxstudio.Xrm.Workflow.AssociateHelper.Disassociate, Adxstudio.Xrm.Workflow.AssociateHelper, Version=1.0.0.0, Culture=neutral, PublicKeyToken=d3a7bc6bb27ca094" displayName="Disassociate" solution="MicrosoftAssociateWorkflowHelper (8.1.0002)" />
        <Dependent key="10" type="29" displayName="Remove Web Role From Contact" id="{0bdc5b9a-8521-4afc-8de8-e4778f6521db}" />
      </MissingDependency>
      <MissingDependency>
        <Required key="104" type="90" schemaName="Adxstudio.Xrm.Plugins.Partner.CalculatePartnerDetailsWorkflow, Adxstudio.Xrm.Plugins.Partner, Version=7.1.0.0, Culture=neutral, PublicKeyToken=8f6c15d0d269472e" displayName="CalculatePartnerDetailsWorkflow" solution="Active" />
        <Dependent key="37" type="29" displayName="UpdatePartnerStatistics" id="{ded4ef95-1b56-4868-84b2-1257fa7bec68}" />
      </MissingDependency>
      <MissingDependency>
        <Required key="105" type="90" schemaName="Adxstudio.Xrm.Plugins.Partner.UpdatePartnerTouchRateWorkflow, Adxstudio.Xrm.Plugins.Partner, Version=7.1.0.0, Culture=neutral, PublicKeyToken=8f6c15d0d269472e" displayName="UpdatePartnerTouchRateWorkflow" solution="Active" />
        <Dependent key="37" type="29" displayName="UpdatePartnerStatistics" id="{ded4ef95-1b56-4868-84b2-1257fa7bec68}" />
      </MissingDependency>
      <MissingDependency>
        <Required key="106" type="90" schemaName="Adxstudio.Xrm.Plugins.Partner.UpdatePartnerOpportunitiesDeclinedWorkflow, Adxstudio.Xrm.Plugins.Partner, Version=7.1.0.0, Culture=neutral, PublicKeyToken=8f6c15d0d269472e" displayName="UpdatePartnerOpportunitiesDeclinedWorkflow" solution="Active" />
        <Dependent key="37" type="29" displayName="UpdatePartnerStatistics" id="{ded4ef95-1b56-4868-84b2-1257fa7bec68}" />
      </MissingDependency>
      <MissingDependency>
        <Required key="107" type="90" schemaName="Adxstudio.Xrm.Plugins.Partner.UpdatePartnerReturnRateWorkflow, Adxstudio.Xrm.Plugins.Partner, Version=7.1.0.0, Culture=neutral, PublicKeyToken=8f6c15d0d269472e" displayName="UpdatePartnerReturnRateWorkflow" solution="Active" />
        <Dependent key="37" type="29" displayName="UpdatePartnerStatistics" id="{ded4ef95-1b56-4868-84b2-1257fa7bec68}" />
      </MissingDependency>
      <MissingDependency>
        <Required key="108" type="90" schemaName="Adxstudio.Xrm.Plugins.Partner.UpdatePartnerFeedbackRateWorkflow, Adxstudio.Xrm.Plugins.Partner, Version=7.1.0.0, Culture=neutral, PublicKeyToken=8f6c15d0d269472e" displayName="UpdatePartnerFeedbackRateWorkflow" solution="Active" />
        <Dependent key="37" type="29" displayName="UpdatePartnerStatistics" id="{ded4ef95-1b56-4868-84b2-1257fa7bec68}" />
      </MissingDependency>
      <MissingDependency>
        <Required key="109" type="90" schemaName="Adxstudio.Xrm.Plugins.Partner.UpdatePartnerOpportunitiesAcceptedWorkflow, Adxstudio.Xrm.Plugins.Partner, Version=7.1.0.0, Culture=neutral, PublicKeyToken=8f6c15d0d269472e" displayName="UpdatePartnerOpportunitiesAcceptedWorkflow" solution="Active" />
        <Dependent key="37" type="29" displayName="UpdatePartnerStatistics" id="{ded4ef95-1b56-4868-84b2-1257fa7bec68}" />
      </MissingDependency>
      <MissingDependency>
        <Required key="103" type="90" schemaName="Adxstudio.Xrm.Workflow.AssociateHelper.Disassociate, Adxstudio.Xrm.Workflow.AssociateHelper, Version=1.0.0.0, Culture=neutral, PublicKeyToken=d3a7bc6bb27ca094" displayName="Disassociate" solution="MicrosoftAssociateWorkflowHelper (8.1.0002)" />
        <Dependent key="110" type="29" displayName="Remove Accounts from Opportunity" id="{93b8ce58-fb30-4c76-9bd7-0717847f7f8c}" />
      </MissingDependency>
      <MissingDependency>
        <Required key="111" type="90" schemaName="Adxstudio.Xrm.Workflow.AssignWebRole.DisassociateWebRole, Adxstudio.Xrm.Workflow.AssignWebRole, Version=1.0.2.0, Culture=neutral, PublicKeyToken=d3ebcae416f78f44" displayName="Disassociate Web Role" solution="MicrosoftCrmPortalBase (8.2.00015)" />
        <Dependent key="23" type="29" displayName="Change associated web role based on partner contact role field on contact" id="{7f62fcd3-1186-4867-8f6f-5f3128ae0966}" />
      </MissingDependency>
      <MissingDependency>
        <Required key="112" type="90" schemaName="Adxstudio.Xrm.Workflow.AssignWebRole.AssociateWebRole, Adxstudio.Xrm.Workflow.AssignWebRole, Version=1.0.2.0, Culture=neutral, PublicKeyToken=d3ebcae416f78f44" displayName="Associate Web Role" solution="MicrosoftCrmPortalBase (8.2.00015)" />
        <Dependent key="23" type="29" displayName="Change associated web role based on partner contact role field on contact" id="{7f62fcd3-1186-4867-8f6f-5f3128ae0966}" />
      </MissingDependency>
    </MissingDependencies>
  </SolutionManifest>
</ImportExportXml>