﻿<?xml version="1.0" encoding="utf-8"?>
<ImportExportXml version="8.1.0000.0641" SolutionPackageVersion="8.0" languagecode="1033" generatedBy="OnPremise" xmlns:xsi="http://www.w3.org/2001/XMLSchema-instance">
  <SolutionManifest>
    <UniqueName>WebNotification</UniqueName>
    <LocalizedNames>
      <LocalizedName description="Dynamics 365 Portals - Web Notification" languagecode="1033" />
      <LocalizedName description="Портали на Dynamics 365 – Уеб известяване" languagecode="1026" />
      <LocalizedName description="Portals del Dynamics 365: notificació web" languagecode="1027" />
      <LocalizedName description="Portály Dynamics 365 – Webová oznámení" languagecode="1029" />
      <LocalizedName description="Dynamics 365-portaler - Webmeddelelser" languagecode="1030" />
      <LocalizedName description="Dynamics 365-Portale – Webbenachrichtigung" languagecode="1031" />
      <LocalizedName description="Πύλες Dynamics 365 - Ειδοποίηση Web" languagecode="1032" />
      <LocalizedName description="Portales de Dynamics 365: notificación web" languagecode="3082" />
      <LocalizedName description="Dynamics 365 portaalid – veebiteatised" languagecode="1061" />
      <LocalizedName description="Dynamics 365 Atariak: web-jakinarazpena" languagecode="1069" />
      <LocalizedName description="Dynamics 365 -portaalit – verkkoilmoitus" languagecode="1035" />
      <LocalizedName description="Portails Dynamics 365 - Notification Web" languagecode="1036" />
      <LocalizedName description="Portais de Dynamics 365: Notificacións web" languagecode="1110" />
      <LocalizedName description="Dynamics 365 पोर्टल - वेब सूचना" languagecode="1081" />
      <LocalizedName description="Portali sustava Dynamics 365 – Web-obavijest" languagecode="1050" />
      <LocalizedName description="Dynamics 365 portálok – webes értesítés" languagecode="1038" />
      <LocalizedName description="Portal Dynamics 365 - Pemberitahuan Web" languagecode="1057" />
      <LocalizedName description="Portali di Dynamics 365 - Notifica Web" languagecode="1040" />
      <LocalizedName description="Dynamics 365 ポータル - Web 通知" languagecode="1041" />
      <LocalizedName description="Dynamics 365 порталдары - Веб-хабарландыру" languagecode="1087" />
      <LocalizedName description="Dynamics 365 포털 - 웹 알림" languagecode="1042" />
      <LocalizedName description="„Dynamics 365” portalai – žiniatinklio pranešimai" languagecode="1063" />
      <LocalizedName description="Dynamics 365 portāli — Tīmekļa paziņojums" languagecode="1062" />
      <LocalizedName description="Portal Dynamics 365 - Pemberitahuan Web" languagecode="1086" />
      <LocalizedName description="Dynamics 365-portaler – webvarsler" languagecode="1044" />
      <LocalizedName description="Dynamics 365-portals - Webmelding" languagecode="1043" />
      <LocalizedName description="Portale usługi Dynamics 365 — powiadomienie sieci Web" languagecode="1045" />
      <LocalizedName description="Portais do Dynamics 365 - Notificação da Web" languagecode="1046" />
      <LocalizedName description="Dynamics 365 Portais - Notificação Web" languagecode="2070" />
      <LocalizedName description="Portaluri Dynamics 365 - Notificare web" languagecode="1048" />
      <LocalizedName description="Порталы Dynamics 365 — веб-уведомления" languagecode="1049" />
      <LocalizedName description="Portály systému Dynamics 365 – webové oznámenie" languagecode="1051" />
      <LocalizedName description="Portali storitve Dynamics 365 – spletno obvestilo" languagecode="1060" />
      <LocalizedName description="Dynamics 365 портали – Веб обавештење" languagecode="3098" />
      <LocalizedName description="Dynamics 365 портали – Веб обавештење" languagecode="10266" />
      <LocalizedName description="Dynamics 365 portali – Veb obaveštenje" languagecode="2074" />
      <LocalizedName description="Dynamics 365 portali – Veb obaveštenje" languagecode="9242" />
      <LocalizedName description="Dynamics 365-portaler – webbavisering" languagecode="1053" />
      <LocalizedName description="พอร์ทัล Dynamics 365 - การแจ้งเตือนของเว็บ" languagecode="1054" />
      <LocalizedName description="Dynamics 365 Portalları - Web Bildirimi" languagecode="1055" />
      <LocalizedName description="Портали Dynamics 365 – веб-сповіщення" languagecode="1058" />
      <LocalizedName description="Cổng thông tin Dynamics 365 - Thông báo Web" languagecode="1066" />
      <LocalizedName description="Dynamics 365 门户 - Web 通知" languagecode="2052" />
      <LocalizedName description="Dynamics 365 入口網站 - Web 通知" languagecode="3076" />
      <LocalizedName description="Dynamics 365 入口網站 - Web 通知" languagecode="1028" />
    </LocalizedNames>
    <Descriptions>
      <Description description="Contains entities and plug-in assemblies that provide configurable portal cache invalidation for Dynamics 365 data that participate in portal based interfaces." languagecode="1033" />
      <Description description="Съдържа обекти и асемблирания на допълнителни модули, които осигуряват конфигурируемо задаване на кеш данните на портала като невалидни за данни на Dynamics 365, които участват в интерфейси, базирани на портал." languagecode="1026" />
      <Description description="Conté entitats i assemblatges de complement que proporcionen la invalidació configurable de la memòria cau del portal per a les dades del Dynamics 365 que participen en les interfícies basades en el portal." languagecode="1027" />
      <Description description="Obsahuje entity a sestavení modulu plug-in, která poskytují konfigurovatelné zneplatnění mezipaměti portálu pro data Dynamics 365, která se nacházejí v rozhraních portálu." languagecode="1029" />
      <Description description="Indeholder objekter og plug-in-assemblies, der sørger for konfigurerbar ugyldiggørelse af portalcache for Dynamics 365-data, der indgår i portalbaserede grænseflader." languagecode="1030" />
      <Description description="Enthält Entitäten und Plug-In-Assemblys, die eine konfigurierbare Portalcache-Invalidierung für Dynamics 365-Daten bereitstellen, die an Schnittstellen auf Portalbasis beteiligt sind." languagecode="1031" />
      <Description description="Περιέχει οντότητες και συγκροτήσεις προσθηκών που παρέχουν ακύρωση της προσωρινής αποθήκευσης στις πύλες με δυνατότητα ρύθμισης παραμέτρων για δεδομένα Dynamics 365 που συμμετέχουν σε διασυνδέσεις οι οποίες βασίζονται σε πύλη." languagecode="1032" />
      <Description description="Contiene entidades y ensamblados de complemento que permiten invalidar la caché de portal configurable para los datos de Dynamics 365 que participan en las interfaces basadas en el portal." languagecode="3082" />
      <Description description="Sisaldab olemeid ja lisandmooduli assemblereid, mis võimaldavad konfigureeritava portaali vahemälu kehtetuks tunnistamist rakenduse Dynamics 365 andmetele, mis osalevad portaalipõhistes liidestes." languagecode="1061" />
      <Description description="Atarian oinarritutako interfazeetan parte hartzen duten Dynamics 365 datuen atariaren cachea baliogabetzeko konfigura daitezkeen entitate- eta plugin-mihiztatzeak ditu." languagecode="1069" />
      <Description description="Sisältää entiteetit ja laajennuskokoonpanot, jotka mahdollistavat määritettävän portaalin välimuistin mitätöinnin Dynamics 365 -tiedoille, jotka osallistuvat portaalipohjaisiin käyttöliittymiin." languagecode="1035" />
      <Description description="Contient des entités et des assemblys du plug-ins qui fournissent une invalidation du cache du portail configurable pour les données Dynamics 365 qui participent à des interfaces basées sur le portail." languagecode="1036" />
      <Description description="Contén ensamblaxes de complementos e entidades que fornecen invalidación da caché do portal configurable para datos de Dynamics 365 que participan nas interfaces baseadas no portal." languagecode="1110" />
      <Description description="इसमें वो निकाय और प्लग-इन असेंबली शामिल हैं, जो पोर्टल आधारित इंटरफ़ेस में भाग लेने वाले Dynamics 365 डेटा के लिए, कॉन्फ़िगर करने योग्य पोर्टल कैशे अमान्‍यीकरण प्रदान करते हैं." languagecode="1081" />
      <Description description="Sadrži entitete i sklopove dodataka koji omogućuju poništavanje predmemorije portala, a što je moguće konfigurirati za podatke sustava Dynamics 365 koji su dio sučelja utemeljenih na portalu." languagecode="1050" />
      <Description description="Olyan entitásokat és beépülőmodul-szerelvényeket tartalmaz, amelyek lehetőséget adnak a portál objektumérvénytelenítésének konfigurálására a portálalapú felületeken használt Dynamics 365 adatok esetén." languagecode="1038" />
      <Description description="Berisi susunan entitas dan plug-in yang menyediakan penghapusan cache portal yang dapat dikonfigurasi untuk data Dynamics 365 yang berpartisipasi di portal berdasarkan antarmuka." languagecode="1057" />
      <Description description="Contiene le entità e gli assembly di plug-in che eseguono l'invalidamento della cache configurabile del portale per i dati di Dynamics 365 che contribuiscono alle interfacce basate sul portale." languagecode="1040" />
      <Description description="ポータルベースのインターフェイスに追加される Dynamics 365 データに対して、ポータル キャッシュの無効化を構成できるエンティティとプラグイン アセンブリを含みます。" languagecode="1041" />
      <Description description="Порталға негізделген интерфейстерге қатысатын Dynamics 365 деректері үшін конфигурацияланатын портал кэшінің жарамсыздығын растайтын нысандар мен қосылатын модуль керек-жарақтарын қамтиды." languagecode="1087" />
      <Description description="포털 기반 인터페이스에 참여하는 Dynamics 365 데이터에 대해 구성 가능한 포털 캐시 무효화를 제공하는 엔터티 및 플러그 인 어셈블리가 들어 있습니다." languagecode="1042" />
      <Description description="Sudaro objektų ir priedų rinkiniai, kurie teikia konfigūruojamą portalo talpyklos atšaukimą, skirtą „Dynamics 365“ duomenims, kurie dalyvauja portalo sąsajose." languagecode="1063" />
      <Description description="Ietver entītijas un spraudņu montāžas, kas nodrošina konfigurējamu portāla kešatmiņas pārvēršanu par nederīgu tādiem Dynamics 365 datiem, kas piedalās portālā pieejamos interfeisos." languagecode="1062" />
      <Description description="Mengandungi entiti dan himpunan pasang masuk yang memberikan pembatalan cache portal yang boleh dikonfigurasikan untuk data Dynamics 365 yang menyertai antara muka berasaskan portal." languagecode="1086" />
      <Description description="Inneholder enheter og samlinger for plugin-moduler som formidler konfigurerbar ugyldiggjøring av portalhurtigbuffer for Dynamics 365-data som er en del av portalbaserte grensesnitt." languagecode="1044" />
      <Description description="Bevat entiteiten en plug-inassembly's die configureerbare cache-invalidatie van de portal biedt voor Dynamics 365-gegevns die deelnemen in op de portal gebaseerde interfaces." languagecode="1043" />
      <Description description="Zawiera zestawy encji i dodatków plug-in dostarczające konfigurowalną funkcję unieważniania pamięci podręcznej portalu dla danych usługi Dynamics 365 używanych w interfejsach opartych na portalu." languagecode="1045" />
      <Description description="Contém entidades e assemblies de plug-ins que oferecem invalidação de cache de portal configurável para dados do Dynamics 365 que participam de interfaces baseadas no portal." languagecode="1046" />
      <Description description="Contém entidades e assemblagens de plug-in que fornecem uma invalidação de cache de portal configurável para dados do Dynamics 365 que participam em interfaces baseadas num portal." languagecode="2070" />
      <Description description="Conține entități și ansambluri de inserturi care oferă o invalidare configurabilă a cache-ului de portal pentru datele Dynamics 365 care participă la interfețele bazate pe portal." languagecode="1048" />
      <Description description="Содержит сущности и сборки подключаемых модулей, которые предоставляют настраиваемую обработку недействительности кэша порталов для данных Dynamics 365, используемых в интерфейсах на базе портала." languagecode="1049" />
      <Description description="Obsahuje entity a zostavy doplnkov, ktoré poskytujú zrušenie platnosti konfigurovateľnej vyrovnávacej pamäte portálu pre údaje systému Dynamics 365 nachádzajúce sa v portálových rozhraniach." languagecode="1051" />
      <Description description="Vsebuje entitete in sklope vtičnikov, ki zagotavljajo brisanje predpomnilnika portala, ki ga je mogoče konfigurirati za podatke iz Dynamics 365 v vmesnikih na portalu." languagecode="1060" />
      <Description description="Садржи ентитете и склопове додатних компоненти који обезбеђују поништавање кеша портала које је могуће конфигурисати за податке из система Dynamics 365 који се користе у интерфејсима за портале." languagecode="3098" />
      <Description description="Садржи ентитете и склопове додатних компоненти који обезбеђују поништавање кеша портала које је могуће конфигурисати за податке из система Dynamics 365 који се користе у интерфејсима за портале." languagecode="10266" />
      <Description description="Sadrži entitete i sklopove dodatnih komponenti koji obezbeđuju poništavanje keša portala koje je moguće konfigurisati za podatke iz sistema Dynamics 365 koji se koriste u interfejsima za portale." languagecode="2074" />
      <Description description="Sadrži entitete i sklopove dodatnih komponenti koji obezbeđuju poništavanje keša portala koje je moguće konfigurisati za podatke iz sistema Dynamics 365 koji se koriste u interfejsima za portale." languagecode="9242" />
      <Description description="Innehåller entiteter och plugin-programpaket som ger en konfigurerbar cachelagring av ogiltighetsposter för de Dynamics 365-data som deltar i portalbaserade gränssnitt." languagecode="1053" />
      <Description description="มีเอนทิตีและปลั๊กอินแอสเซมบลีที่มีการยกเลิกการมีผลของแคชของพอร์ทัลที่กำหนดค่าได้สำหรับข้อมูล Dynamics 365 ที่มีส่วนร่วมในส่วนติดต่อที่ยึดตามพอร์ทัล" languagecode="1054" />
      <Description description="Portal tabanlı arabirimlere katılan Dynamics 365 verileri için yapılandırılabilir portal önbelleğini geçersiz kılma olanağı tanıyan varlıkları ve eklenti derlemelerini içerir." languagecode="1055" />
      <Description description="Містить сутності та складання компонентів plug-in, що забезпечують можливість перевірки кеша порталу для даних Dynamics 365, які використовуються інтерфейсами порталів." languagecode="1058" />
      <Description description="Chứa các thực thể và cụm tổ hợp bổ trợ, giúp đưa ra khả năng hủy hiệu lực bộ đệm cổng thông tin cấu hình đối với dữ liệu Dynamics 365 tham gia vào giao diện dựa trên cổng thông tin." languagecode="1066" />
      <Description description="包含一些实体和插件程序集，它们可为参与基于门户的界面的 Dynamics 365 数据提供可配置门户缓存失效功能。" languagecode="2052" />
      <Description description="包含實體與外掛程式組件，這些針對參與入口網站型介面的 Dynamics 365 資料提供了可設定的入口網站快取無效判定功能。" languagecode="3076" />
      <Description description="包含實體與外掛程式組件，這些針對參與入口網站型介面的 Dynamics 365 資料提供了可設定的入口網站快取無效判定功能。" languagecode="1028" />
    </Descriptions>
    <Version>8.3.0.2</Version>
    <Managed>1</Managed>
    <ConfigurationPage>adx_webnotification/configuration.html</ConfigurationPage>
    <Publisher>
      <UniqueName>adxstudio</UniqueName>
      <LocalizedNames>
        <LocalizedName description="Microsoft" languagecode="1033" />
        <LocalizedName description="Microsoft" languagecode="1026" />
        <LocalizedName description="Microsoft" languagecode="1027" />
        <LocalizedName description="Microsoft" languagecode="1029" />
        <LocalizedName description="Microsoft" languagecode="1030" />
        <LocalizedName description="Microsoft" languagecode="1031" />
        <LocalizedName description="Microsoft" languagecode="1032" />
        <LocalizedName description="Microsoft" languagecode="3082" />
        <LocalizedName description="Microsoft" languagecode="1061" />
        <LocalizedName description="Microsoft" languagecode="1069" />
        <LocalizedName description="Microsoft" languagecode="1035" />
        <LocalizedName description="Microsoft" languagecode="1036" />
        <LocalizedName description="Microsoft" languagecode="1110" />
        <LocalizedName description="Microsoft" languagecode="1081" />
        <LocalizedName description="Microsoft" languagecode="1050" />
        <LocalizedName description="Microsoft" languagecode="1038" />
        <LocalizedName description="Microsoft" languagecode="1057" />
        <LocalizedName description="Microsoft" languagecode="1040" />
        <LocalizedName description="Microsoft" languagecode="1041" />
        <LocalizedName description="Microsoft" languagecode="1087" />
        <LocalizedName description="Microsoft" languagecode="1042" />
        <LocalizedName description="„Microsoft“" languagecode="1063" />
        <LocalizedName description="Microsoft" languagecode="1062" />
        <LocalizedName description="Microsoft" languagecode="1086" />
        <LocalizedName description="Microsoft" languagecode="1044" />
        <LocalizedName description="Microsoft" languagecode="1043" />
        <LocalizedName description="Microsoft" languagecode="1045" />
        <LocalizedName description="Microsoft" languagecode="1046" />
        <LocalizedName description="Microsoft" languagecode="2070" />
        <LocalizedName description="Microsoft" languagecode="1048" />
        <LocalizedName description="Корпорация Майкрософт" languagecode="1049" />
        <LocalizedName description="Microsoft" languagecode="1051" />
        <LocalizedName description="Microsoft" languagecode="1060" />
        <LocalizedName description="Microsoft" languagecode="3098" />
        <LocalizedName description="Microsoft" languagecode="10266" />
        <LocalizedName description="Microsoft" languagecode="2074" />
        <LocalizedName description="Microsoft" languagecode="9242" />
        <LocalizedName description="Microsoft" languagecode="1053" />
        <LocalizedName description="Microsoft" languagecode="1054" />
        <LocalizedName description="Microsoft" languagecode="1055" />
        <LocalizedName description="Microsoft" languagecode="1058" />
        <LocalizedName description="Microsoft" languagecode="1066" />
        <LocalizedName description="Microsoft" languagecode="2052" />
        <LocalizedName description="Microsoft" languagecode="3076" />
        <LocalizedName description="Microsoft" languagecode="1028" />
      </LocalizedNames>
      <Descriptions />
      <EMailAddress>support@adxstudio.com</EMailAddress>
      <SupportingWebsiteUrl>http://www.adxstudio.com</SupportingWebsiteUrl>
      <CustomizationPrefix>adx</CustomizationPrefix>
      <CustomizationOptionValuePrefix>10000</CustomizationOptionValuePrefix>
      <Addresses>
        <Address>
          <AddressNumber>1</AddressNumber>
          <AddressTypeCode>1</AddressTypeCode>
          <City xsi:nil="true"></City>
          <County xsi:nil="true"></County>
          <Country xsi:nil="true"></Country>
          <Fax xsi:nil="true"></Fax>
          <FreightTermsCode xsi:nil="true"></FreightTermsCode>
          <ImportSequenceNumber xsi:nil="true"></ImportSequenceNumber>
          <Latitude xsi:nil="true"></Latitude>
          <Line1 xsi:nil="true"></Line1>
          <Line2 xsi:nil="true"></Line2>
          <Line3 xsi:nil="true"></Line3>
          <Longitude xsi:nil="true"></Longitude>
          <Name xsi:nil="true"></Name>
          <PostalCode xsi:nil="true"></PostalCode>
          <PostOfficeBox xsi:nil="true"></PostOfficeBox>
          <PrimaryContactName xsi:nil="true"></PrimaryContactName>
          <ShippingMethodCode>1</ShippingMethodCode>
          <StateOrProvince xsi:nil="true"></StateOrProvince>
          <Telephone1 xsi:nil="true"></Telephone1>
          <Telephone2 xsi:nil="true"></Telephone2>
          <Telephone3 xsi:nil="true"></Telephone3>
          <TimeZoneRuleVersionNumber xsi:nil="true"></TimeZoneRuleVersionNumber>
          <UPSZone xsi:nil="true"></UPSZone>
          <UTCOffset xsi:nil="true"></UTCOffset>
          <UTCConversionTimeZoneCode xsi:nil="true"></UTCConversionTimeZoneCode>
        </Address>
        <Address>
          <AddressNumber>2</AddressNumber>
          <AddressTypeCode>1</AddressTypeCode>
          <City xsi:nil="true"></City>
          <County xsi:nil="true"></County>
          <Country xsi:nil="true"></Country>
          <Fax xsi:nil="true"></Fax>
          <FreightTermsCode xsi:nil="true"></FreightTermsCode>
          <ImportSequenceNumber xsi:nil="true"></ImportSequenceNumber>
          <Latitude xsi:nil="true"></Latitude>
          <Line1 xsi:nil="true"></Line1>
          <Line2 xsi:nil="true"></Line2>
          <Line3 xsi:nil="true"></Line3>
          <Longitude xsi:nil="true"></Longitude>
          <Name xsi:nil="true"></Name>
          <PostalCode xsi:nil="true"></PostalCode>
          <PostOfficeBox xsi:nil="true"></PostOfficeBox>
          <PrimaryContactName xsi:nil="true"></PrimaryContactName>
          <ShippingMethodCode>1</ShippingMethodCode>
          <StateOrProvince xsi:nil="true"></StateOrProvince>
          <Telephone1 xsi:nil="true"></Telephone1>
          <Telephone2 xsi:nil="true"></Telephone2>
          <Telephone3 xsi:nil="true"></Telephone3>
          <TimeZoneRuleVersionNumber xsi:nil="true"></TimeZoneRuleVersionNumber>
          <UPSZone xsi:nil="true"></UPSZone>
          <UTCOffset xsi:nil="true"></UTCOffset>
          <UTCConversionTimeZoneCode xsi:nil="true"></UTCConversionTimeZoneCode>
        </Address>
      </Addresses>
    </Publisher>
    <RootComponents>
      <RootComponent type="1" schemaName="adx_webnotificationentity" behavior="0" />
      <RootComponent type="1" schemaName="adx_webnotificationurl" behavior="2" />
      <RootComponent type="29" id="{1c0f7191-5ac7-4c80-84b9-ce000778a40f}" behavior="0" />
      <RootComponent type="61" schemaName="adx_resources/WebNotification/Strings_1026.js" behavior="0" />
      <RootComponent type="61" schemaName="adx_resources/WebNotification/Strings_1027.js" behavior="0" />
      <RootComponent type="61" schemaName="adx_resources/WebNotification/Strings_1028.js" behavior="0" />
      <RootComponent type="61" schemaName="adx_resources/WebNotification/Strings_1029.js" behavior="0" />
      <RootComponent type="61" schemaName="adx_resources/WebNotification/Strings_1030.js" behavior="0" />
      <RootComponent type="61" schemaName="adx_resources/WebNotification/Strings_1031.js" behavior="0" />
      <RootComponent type="61" schemaName="adx_resources/WebNotification/Strings_1032.js" behavior="0" />
      <RootComponent type="61" schemaName="adx_resources/WebNotification/Strings_1033.js" behavior="0" />
      <RootComponent type="61" schemaName="adx_resources/WebNotification/Strings_1035.js" behavior="0" />
      <RootComponent type="61" schemaName="adx_resources/WebNotification/Strings_1036.js" behavior="0" />
      <RootComponent type="61" schemaName="adx_resources/WebNotification/Strings_1038.js" behavior="0" />
      <RootComponent type="61" schemaName="adx_resources/WebNotification/Strings_1040.js" behavior="0" />
      <RootComponent type="61" schemaName="adx_resources/WebNotification/Strings_1041.js" behavior="0" />
      <RootComponent type="61" schemaName="adx_resources/WebNotification/Strings_1042.js" behavior="0" />
      <RootComponent type="61" schemaName="adx_resources/WebNotification/Strings_1043.js" behavior="0" />
      <RootComponent type="61" schemaName="adx_resources/WebNotification/Strings_1044.js" behavior="0" />
      <RootComponent type="61" schemaName="adx_resources/WebNotification/Strings_1045.js" behavior="0" />
      <RootComponent type="61" schemaName="adx_resources/WebNotification/Strings_1046.js" behavior="0" />
      <RootComponent type="61" schemaName="adx_resources/WebNotification/Strings_1048.js" behavior="0" />
      <RootComponent type="61" schemaName="adx_resources/WebNotification/Strings_1049.js" behavior="0" />
      <RootComponent type="61" schemaName="adx_resources/WebNotification/Strings_1050.js" behavior="0" />
      <RootComponent type="61" schemaName="adx_resources/WebNotification/Strings_1051.js" behavior="0" />
      <RootComponent type="61" schemaName="adx_resources/WebNotification/Strings_1053.js" behavior="0" />
      <RootComponent type="61" schemaName="adx_resources/WebNotification/Strings_1054.js" behavior="0" />
      <RootComponent type="61" schemaName="adx_resources/WebNotification/Strings_1055.js" behavior="0" />
      <RootComponent type="61" schemaName="adx_resources/WebNotification/Strings_1057.js" behavior="0" />
      <RootComponent type="61" schemaName="adx_resources/WebNotification/Strings_1058.js" behavior="0" />
      <RootComponent type="61" schemaName="adx_resources/WebNotification/Strings_1060.js" behavior="0" />
      <RootComponent type="61" schemaName="adx_resources/WebNotification/Strings_1061.js" behavior="0" />
      <RootComponent type="61" schemaName="adx_resources/WebNotification/Strings_1062.js" behavior="0" />
      <RootComponent type="61" schemaName="adx_resources/WebNotification/Strings_1063.js" behavior="0" />
      <RootComponent type="61" schemaName="adx_resources/WebNotification/Strings_1066.js" behavior="0" />
      <RootComponent type="61" schemaName="adx_resources/WebNotification/Strings_1069.js" behavior="0" />
      <RootComponent type="61" schemaName="adx_resources/WebNotification/Strings_1081.js" behavior="0" />
      <RootComponent type="61" schemaName="adx_resources/WebNotification/Strings_1086.js" behavior="0" />
      <RootComponent type="61" schemaName="adx_resources/WebNotification/Strings_1087.js" behavior="0" />
      <RootComponent type="61" schemaName="adx_resources/WebNotification/Strings_1110.js" behavior="0" />
      <RootComponent type="61" schemaName="adx_resources/WebNotification/Strings_2052.js" behavior="0" />
      <RootComponent type="61" schemaName="adx_resources/WebNotification/Strings_2070.js" behavior="0" />
      <RootComponent type="61" schemaName="adx_resources/WebNotification/Strings_2074.js" behavior="0" />
      <RootComponent type="61" schemaName="adx_resources/WebNotification/Strings_3076.js" behavior="0" />
      <RootComponent type="61" schemaName="adx_resources/WebNotification/Strings_3082.js" behavior="0" />
      <RootComponent type="61" schemaName="adx_resources/WebNotification/Strings_3098.js" behavior="0" />
      <RootComponent type="61" schemaName="adx_webnotification/configuration.css" behavior="0" />
      <RootComponent type="61" schemaName="adx_webnotification/configuration.html" behavior="0" />
      <RootComponent type="61" schemaName="adx_webnotification/configuration.js" behavior="0" />
      <RootComponent type="91" schemaName="Adxstudio.Xrm.Plugins.WebNotification, Version=8.0.0.4, Culture=neutral, PublicKeyToken=53db17221a24259b" behavior="0" />
      <RootComponent type="91" schemaName="Adxstudio.Xrm.Plugins.WebNotificationUrl, Version=1.0.0.0, Culture=neutral, PublicKeyToken=39d0d8dae2392267" behavior="0" />
      <RootComponent type="91" schemaName="Adxstudio.Xrm.Workflow.WebNotifications, Version=8.3.0.2, Culture=neutral, PublicKeyToken=5ab17c5433ce4be7" behavior="0" />
      <RootComponent type="92" id="{358b9a4c-ccee-e511-80d4-00155db24d10}" behavior="0" />
    </RootComponents>
    <MissingDependencies>
      <MissingDependency>
        <Required key="0" type="1" schemaName="adx_webnotificationurl" displayName="Web Notification URL" solution="MicrosoftCrmPortalDependencies (8.3.0.0)" />
        <Dependent key="0" type="1" schemaName="adx_webnotificationurl" displayName="Web Notification URL" />
      </MissingDependency>
      <MissingDependency>
        <Required key="1" type="61" schemaName="msa_adx_webnotificationurl_medium" displayName="msa_adx_webnotificationurl_medium" solution="MicrosoftCrmPortalDependencies (8.3.0.0)" />
        <Dependent key="0" type="1" schemaName="adx_webnotificationurl" displayName="Web Notification URL" />
      </MissingDependency>
      <MissingDependency>
        <Required key="2" type="61" schemaName="msa_adx_webnotificationurl_small" displayName="msa_adx_webnotificationurl_small" solution="MicrosoftCrmPortalDependencies (8.3.0.0)" />
        <Dependent key="0" type="1" schemaName="adx_webnotificationurl" displayName="Web Notification URL" />
      </MissingDependency>
      <MissingDependency>
        <Required key="1" type="61" schemaName="msa_adx_webnotificationurl_medium" displayName="msa_adx_webnotificationurl_medium" solution="MicrosoftCrmPortalDependencies (8.3.0.0)" />
        <Dependent key="3" type="1" schemaName="adx_webnotificationentity" displayName="Web Notification Entity" />
      </MissingDependency>
      <MissingDependency>
        <Required key="2" type="61" schemaName="msa_adx_webnotificationurl_small" displayName="msa_adx_webnotificationurl_small" solution="MicrosoftCrmPortalDependencies (8.3.0.0)" />
        <Dependent key="3" type="1" schemaName="adx_webnotificationentity" displayName="Web Notification Entity" />
      </MissingDependency>
    </MissingDependencies>
  </SolutionManifest>
</ImportExportXml>