﻿<?xml version="1.0" encoding="utf-8"?>
<ImportExportXml version="8.1.0000.0079" SolutionPackageVersion="8.1" languagecode="1033" generatedBy="OnPremise" xmlns:xsi="http://www.w3.org/2001/XMLSchema-instance">
  <SolutionManifest>
    <UniqueName>PartnerPortal</UniqueName>
    <LocalizedNames>
      <LocalizedName description="Dynamics 365 Portals - Partner Portal" languagecode="1033" />
      <LocalizedName description="Портал на Dynamics 365 – Портал за партньори" languagecode="1026" />
      <LocalizedName description="Portals del Dynamics 365: portal d'associats" languagecode="1027" />
      <LocalizedName description="Portály Dynamics 365 – Partnerský portál" languagecode="1029" />
      <LocalizedName description="Dynamics 365-portaler - Partnerportal" languagecode="1030" />
      <LocalizedName description="Dynamics 365-Portals – Partnerportal" languagecode="1031" />
      <LocalizedName description="Πύλες Dynamics 365 - Πύλη συνεργατών" languagecode="1032" />
      <LocalizedName description="Portales de Dynamics 365: portal de asociados" languagecode="3082" />
      <LocalizedName description="Dynamics 365 portaalid – partneriportaal" languagecode="1061" />
      <LocalizedName description="Dynamics 365 Atariak: bazkideen ataria" languagecode="1069" />
      <LocalizedName description="Dynamics 365 -portaalit – kumppaniportaali" languagecode="1035" />
      <LocalizedName description="Portails Dynamics 365 - Portail partenaires" languagecode="1036" />
      <LocalizedName description="Portais de Dynamics 365: Portal de asociados" languagecode="1110" />
      <LocalizedName description="Dynamics 365 पोर्टल - भागीदार पोर्टल" languagecode="1081" />
      <LocalizedName description="Portali sustava Dynamics 365 – Partnerski portal" languagecode="1050" />
      <LocalizedName description="Dynamics 365 portálok – partnerportál" languagecode="1038" />
      <LocalizedName description="Portal Dynamics 365 - Portal Mitra." languagecode="1057" />
      <LocalizedName description="Portali di Dynamics 365 - Portale per partner." languagecode="1040" />
      <LocalizedName description="Dynamics 365 ポータル - パートナー ポータル" languagecode="1041" />
      <LocalizedName description="Dynamics 365 порталдары - Серіктес порталы" languagecode="1087" />
      <LocalizedName description="Dynamics 365 포털 - 파트너 포털" languagecode="1042" />
      <LocalizedName description="„Dynamics 365” portalai – partnerių portalas" languagecode="1063" />
      <LocalizedName description="Dynamics 365 portāli — Partneru portāls" languagecode="1062" />
      <LocalizedName description="Portal Dynamics 365 - Portal Rakan Kongsi" languagecode="1086" />
      <LocalizedName description="Dynamics 365-portaler – partnerportal" languagecode="1044" />
      <LocalizedName description="Dynamics 365-portals - Partnerportal" languagecode="1043" />
      <LocalizedName description="Portale usługi Dynamics 365 — portal partnerów" languagecode="1045" />
      <LocalizedName description="Portais do Dynamics 365 - Portal do Parceiro" languagecode="1046" />
      <LocalizedName description="Dynamics 365 Portais - Portal para Parceiros" languagecode="2070" />
      <LocalizedName description="Portaluri Dynamics 365 - Portalul pentru parteneri" languagecode="1048" />
      <LocalizedName description="Порталы Dynamics 365 — портал партнеров" languagecode="1049" />
      <LocalizedName description="Portály systému Dynamics 365 – partnerský portál" languagecode="1051" />
      <LocalizedName description="Portali storitve Dynamics 365 – portal za partnerje" languagecode="1060" />
      <LocalizedName description="Dynamics 365 портали – Портал за партнере" languagecode="3098" />
      <LocalizedName description="Dynamics 365 портали – Портал за партнере" languagecode="10266" />
      <LocalizedName description="Dynamics 365 portali – Portal za partnere" languagecode="2074" />
      <LocalizedName description="Dynamics 365 portali – Portal za partnere" languagecode="9242" />
      <LocalizedName description="Dynamics 365-portaler – partnerportal" languagecode="1053" />
      <LocalizedName description="พอร์ทัล Dynamics 365 - พอร์ทัลคู่ค้า" languagecode="1054" />
      <LocalizedName description="Dynamics 365 Portalları - Ortak Portalı" languagecode="1055" />
      <LocalizedName description="Портали Dynamics 365 – портал для партнерів" languagecode="1058" />
      <LocalizedName description="Cổng thông tin Dynamics 365 - Cổng thông tin Đối tác" languagecode="1066" />
      <LocalizedName description="Dynamics 365 门户 - 合作伙伴门户" languagecode="2052" />
      <LocalizedName description="Dynamics 365 入口網站 - 合作夥伴入口網站" languagecode="3076" />
      <LocalizedName description="Dynamics 365 入口網站 - 合作夥伴入口網站" languagecode="1028" />
    </LocalizedNames>
    <Descriptions>
      <Description description="A partner portal allows every organization with resellers, distributors, suppliers, or partners to have real-time access to every stage of shared activities." languagecode="1033" />
      <Description description="Партньорският портал позволява на всяка организация с риселъри, дистрибутори, доставчици или партньори да има достъп в реално време до всеки етап на споделените дейности." languagecode="1026" />
      <Description description="Un portal d'associats permet que qualsevol organització que tingui revenedors, distribuïdors, proveïdors o associats accedeixi en temps real a cadascuna de les fases de les activitats compartides." languagecode="1027" />
      <Description description="Partnerský portál poskytuje všem organizacím, včetně prodejců, distributorů, dodavatelů nebo partnerů, přístup v reálném čase ke všem fázím sdílených aktivit." languagecode="1029" />
      <Description description="En partnerportal giver alle organisationer, der har forhandlere, distributører, leverandører eller partnere mulighed for at have realtidsadgang til hver fase af delte aktiviteter." languagecode="1030" />
      <Description description="Partnerportale ermöglichen allen Organisationen mit Wiederverkäufern, Vertreibern, Lieferanten oder Partnern Echtzeit-Zugriff auf gemeinsame Aktivitäten sämtlicher Ebenen." languagecode="1031" />
      <Description description="Μια πύλη συνεργατών επιτρέπει σε κάθε οργανισμό με μεταπωλητές, διανομείς, προμηθευτές ή συνεργάτες να έχει πρόσβαση σε πραγματικό χρόνο σε κάθε στάδιο κοινόχρηστων δραστηριοτήτων," languagecode="1032" />
      <Description description="Un portal de asociados permite que cualquier organización que tenga revendedores, distribuidores, proveedores o asociados acceda en tiempo real a cada una de las fases de las actividades compartidas." languagecode="3082" />
      <Description description="Partneriportaal võimaldab saada igal edasimüüjate, levitajate, tarnijate või partneritega organisatsioonil reaalajas juurdepääsu jagatud tegevuse igale etapile." languagecode="1061" />
      <Description description="Bazkideen atariei esker, saltzaileak, banatzaileak, hornitzaileak edota bazkideak dituzten erakundeek partekatutako jardueren fase guztietarako sarbidea izango dute denbora errealean." languagecode="1069" />
      <Description description="Kumppaniportaalissa jokainen organisaatio, jolla on jälleenmyyjiä, jakelijoita, toimittajia tai kumppaneita, voi käyttää jaettuja toimintoja joka vaiheessa reaaliajassa." languagecode="1035" />
      <Description description="Un portail partenaires permet à chaque organisation qui traite avec des revendeurs, des distributeurs, des fournisseurs ou des partenaires d'accéder en temps réel à chaque phase des activités partagées." languagecode="1036" />
      <Description description="Un portal de asociados permite que as organizacións con revendedores, distribuidores, fornecedores ou asociados teñan acceso en tempo real a cada unha das fases das actividades compartidas." languagecode="1110" />
      <Description description="एक पोर्टल, पुनर्विक्रेताओं, वितरकों, आपूर्तिकर्ताओं या साझेदारों वाले प्रत्येक संगठन को साझा गतिविधियों के प्रत्येक अवस्था तक वास्तविक-समय में पहुँच प्रदान करता है." languagecode="1081" />
      <Description description="Partnerski portal omogućuje svakoj tvrtki ili ustanovi s prodavačima, distributerima, dobavljačima ili partnerima pristup svakoj fazi zajedničkih aktivnosti u stvarnom vremenu." languagecode="1050" />
      <Description description="A partnerportálok valamennyi viszonteladóval rendelkező szervezet, forgalmazó, beszállító vagy partner számára hozzáférést biztosítanak a megosztott tevékenységek minden fázisához." languagecode="1038" />
      <Description description="Portal mitra memungkinkan setiap organisasi dengan penjual, distributor, pemasok, atau mitra memiliki akses real-time ke setiap tahapan aktivitas bersama." languagecode="1057" />
      <Description description="Un portale per i partner permette a ogni organizzazione con rivenditori, distributori, fornitori o partner di avere accesso in tempo reale ad ogni fase delle attività condivise." languagecode="1040" />
      <Description description="パートナー ポータルを使用すると、再販業者、卸売業者、納入業者、またはパートナーと取引のあるあらゆる組織が、共有した活動のすべてのステージにリアルタイムでアクセスできます。" languagecode="1041" />
      <Description description="Серіктес порталы алып сатушылардан, таратушылардан, жабдықтаушылардан немесе серіктестерден тұратын әрбір ұйымда орталық әрекеттердің әрбір кезеңіне нақты уақытта қатынасуға мүмкіндік береді." languagecode="1087" />
      <Description description="파트너 포털은 재판매인, 배포자, 공급자 또는 파트너를 보유한 모든 조직에서 공유 활동의 모든 스테이지에 실시간으로 액세스할 수 있습니다." languagecode="1042" />
      <Description description="Partnerių portale visoms pardavėjų, platintojų, tiekėjo arba partnerių turinčioms organizacijoms suteikiama tiesioginė prieiga bet kuriuo bendros veiklos etapu." languagecode="1063" />
      <Description description="Partneru portālā jebkura organizācija un tās tālākpārdevēji, izplatītāji, piegādātāji vai partneri var reāllaikā piekļūt jebkuram koplietoto darbību posmam." languagecode="1062" />
      <Description description="Portal rakan kongsi membenarkan setiap organisasi dengan peruncit, pengedar, pembekal atau rakan kongsi mempunyai akses masa nyata ke setiap peringkat aktiviti berkongsi." languagecode="1086" />
      <Description description="En partnerportal gjør det mulig for alle organisasjoner med forhandlere, distributører, leverandører eller partnere å ha tilgang til hver fase i delte aktiviteter i sanntid." languagecode="1044" />
      <Description description="Met een partnerportal kan elke organisatie met wederverkopers, distributeurs, leveranciers of partners real-time toegang krijgen tot elke fase van gedeelde activiteiten." languagecode="1043" />
      <Description description="Portal partnerów umożliwia każdej organizacji mającej odsprzedawców, dystrybutorów, dostawców lub partnerów dostęp w czasie rzeczywistym do każdego etapu udostępnionych działań." languagecode="1045" />
      <Description description="Um portal do parceiro permite que organizações com revendedores, distribuidores, fornecedores ou parceiros tenham acesso em tempo real a todos os estágios das atividades compartilhadas." languagecode="1046" />
      <Description description="Um portal para parceiros permite às organizações com revendedores, distribuidores, fornecedores ou parceiros desfrutarem de acesso em tempo real a cada fase das atividades partilhadas." languagecode="2070" />
      <Description description="Un portal pentru parteneri permite oricărei organizații cu revânzători, distribuitori, furnizori sau parteneri acces în timp real la fiecare stadiu a activităților comune." languagecode="1048" />
      <Description description="Портал партнеров предоставляет любой организации с торговыми посредниками, агентами по продажам, поставщиками и партнерами доступ к каждой стадии совместных действий в реальном времени." languagecode="1049" />
      <Description description="Partnerský portál poskytuje všetkým organizáciám vrátane predajcov, distribútorov, dodávateľov alebo partnerov prístup v reálnom čase ku všetkým fázam zdieľaných aktivít." languagecode="1051" />
      <Description description="Portal za partnerje vsaki organizaciji s prodajalci, distributerji, dobavitelji ali partnerji omogoča dostop do vseh stopenj dejavnosti v skupni rabi v realnem času." languagecode="1060" />
      <Description description="Портал за партнере омогућава свакој организацији која има продавце, дистрибутере, добављаче или партнере приступ у реалном времену свим фазама дељених активности." languagecode="3098" />
      <Description description="Портал за партнере омогућава свакој организацији која има продавце, дистрибутере, добављаче или партнере приступ у реалном времену свим фазама дељених активности." languagecode="10266" />
      <Description description="Portal za partnere omogućava svakoj organizaciji koja ima prodavce, distributere, dobavljače ili partnere pristup u realnom vremenu svim fazama deljenih aktivnosti." languagecode="2074" />
      <Description description="Portal za partnere omogućava svakoj organizaciji koja ima prodavce, distributere, dobavljače ili partnere pristup u realnom vremenu svim fazama deljenih aktivnosti." languagecode="9242" />
      <Description description="Via en partnerportal kan alla organisationer som har återförsäljare, distributörer, leverantörer eller partner få åtkomst i realtid till alla stadier i delade aktiviteter." languagecode="1053" />
      <Description description="พอร์ทัลคู้ค้าช่วยให้ทุกองค์กรที่มีตัวแทนจำหน่าย ผู้จัดจำหน่าย ซัพพลายเออร์ หรือคู่ค้า สามารถเข้าถึงทุกลำดับขั้นของกิจกรรมที่ใช้ร่วมกันในแบบเรียลไทม์" languagecode="1054" />
      <Description description="Bir ortak portalı satıcılar, dağıtıcılar, tedarikçiler veya ortaklar bulunan her kuruluşun paylaşılan etkinliklerin her aşamasına gerçek zamanlı olarak erişmesine olanak tanır." languagecode="1055" />
      <Description description="Портал для партнерів надає кожній організації з усіма її торговельними та іншими партнерами, дистриб’юторами й постачальниками доступ до будь-якої стадії спільної діяльності в режимі реального часу." languagecode="1058" />
      <Description description="Cổng thông tin đối tác cho phép mọi tổ chức với nhà bán lẻ, nhà phân phối, nhà cung cấp hoặc đối tác có quyền truy cập theo thời gian thực vào mọi giai đoạn trong các hoạt động chung." languagecode="1066" />
      <Description description="每家拥有经销商、分销商、供应商或合作伙伴的组织都可以通过合作伙伴门户实时访问共享活动的每个阶段。" languagecode="2052" />
      <Description description="合作夥伴入口網站可讓具有轉銷商、經銷商、供應商或合作夥伴的每個組織都能即時存取共用活動的每個階段。" languagecode="3076" />
      <Description description="合作夥伴入口網站可讓具有轉銷商、經銷商、供應商或合作夥伴的每個組織都能即時存取共用活動的每個階段。" languagecode="1028" />
    </Descriptions>
    <Version>8.3.0.29</Version>
    <Managed>1</Managed>
    <Publisher>
      <UniqueName>adxstudio</UniqueName>
      <LocalizedNames>
        <LocalizedName description="Microsoft" languagecode="1033" />
        <LocalizedName description="Microsoft" languagecode="1026" />
        <LocalizedName description="Microsoft" languagecode="1027" />
        <LocalizedName description="Microsoft" languagecode="1029" />
        <LocalizedName description="Microsoft" languagecode="1030" />
        <LocalizedName description="Microsoft" languagecode="1031" />
        <LocalizedName description="Microsoft" languagecode="1032" />
        <LocalizedName description="Microsoft" languagecode="3082" />
        <LocalizedName description="Microsoft" languagecode="1061" />
        <LocalizedName description="Microsoft" languagecode="1069" />
        <LocalizedName description="Microsoft" languagecode="1035" />
        <LocalizedName description="Microsoft" languagecode="1036" />
        <LocalizedName description="Microsoft" languagecode="1110" />
        <LocalizedName description="Microsoft" languagecode="1081" />
        <LocalizedName description="Microsoft" languagecode="1050" />
        <LocalizedName description="Microsoft" languagecode="1038" />
        <LocalizedName description="Microsoft" languagecode="1057" />
        <LocalizedName description="Microsoft" languagecode="1040" />
        <LocalizedName description="Microsoft" languagecode="1041" />
        <LocalizedName description="Microsoft" languagecode="1087" />
        <LocalizedName description="Microsoft" languagecode="1042" />
        <LocalizedName description="„Microsoft“" languagecode="1063" />
        <LocalizedName description="Microsoft" languagecode="1062" />
        <LocalizedName description="Microsoft" languagecode="1086" />
        <LocalizedName description="Microsoft" languagecode="1044" />
        <LocalizedName description="Microsoft" languagecode="1043" />
        <LocalizedName description="Microsoft" languagecode="1045" />
        <LocalizedName description="Microsoft" languagecode="1046" />
        <LocalizedName description="Microsoft" languagecode="2070" />
        <LocalizedName description="Microsoft" languagecode="1048" />
        <LocalizedName description="Корпорация Майкрософт" languagecode="1049" />
        <LocalizedName description="Microsoft" languagecode="1051" />
        <LocalizedName description="Microsoft" languagecode="1060" />
        <LocalizedName description="Microsoft" languagecode="3098" />
        <LocalizedName description="Microsoft" languagecode="10266" />
        <LocalizedName description="Microsoft" languagecode="2074" />
        <LocalizedName description="Microsoft" languagecode="9242" />
        <LocalizedName description="Microsoft" languagecode="1053" />
        <LocalizedName description="Microsoft" languagecode="1054" />
        <LocalizedName description="Microsoft" languagecode="1055" />
        <LocalizedName description="Microsoft" languagecode="1058" />
        <LocalizedName description="Microsoft" languagecode="1066" />
        <LocalizedName description="Microsoft" languagecode="2052" />
        <LocalizedName description="Microsoft" languagecode="3076" />
        <LocalizedName description="Microsoft" languagecode="1028" />
      </LocalizedNames>
      <Descriptions />
      <EMailAddress>support@adxstudio.com</EMailAddress>
      <SupportingWebsiteUrl>http://www.adxstudio.com</SupportingWebsiteUrl>
      <CustomizationPrefix>adx</CustomizationPrefix>
      <CustomizationOptionValuePrefix>10000</CustomizationOptionValuePrefix>
      <Addresses>
        <Address>
          <AddressNumber>1</AddressNumber>
          <AddressTypeCode>1</AddressTypeCode>
          <City xsi:nil="true"></City>
          <County xsi:nil="true"></County>
          <Country xsi:nil="true"></Country>
          <Fax xsi:nil="true"></Fax>
          <FreightTermsCode xsi:nil="true"></FreightTermsCode>
          <ImportSequenceNumber xsi:nil="true"></ImportSequenceNumber>
          <Latitude xsi:nil="true"></Latitude>
          <Line1 xsi:nil="true"></Line1>
          <Line2 xsi:nil="true"></Line2>
          <Line3 xsi:nil="true"></Line3>
          <Longitude xsi:nil="true"></Longitude>
          <Name xsi:nil="true"></Name>
          <PostalCode xsi:nil="true"></PostalCode>
          <PostOfficeBox xsi:nil="true"></PostOfficeBox>
          <PrimaryContactName xsi:nil="true"></PrimaryContactName>
          <ShippingMethodCode>1</ShippingMethodCode>
          <StateOrProvince xsi:nil="true"></StateOrProvince>
          <Telephone1 xsi:nil="true"></Telephone1>
          <Telephone2 xsi:nil="true"></Telephone2>
          <Telephone3 xsi:nil="true"></Telephone3>
          <TimeZoneRuleVersionNumber xsi:nil="true"></TimeZoneRuleVersionNumber>
          <UPSZone xsi:nil="true"></UPSZone>
          <UTCOffset xsi:nil="true"></UTCOffset>
          <UTCConversionTimeZoneCode xsi:nil="true"></UTCConversionTimeZoneCode>
        </Address>
        <Address>
          <AddressNumber>2</AddressNumber>
          <AddressTypeCode>1</AddressTypeCode>
          <City xsi:nil="true"></City>
          <County xsi:nil="true"></County>
          <Country xsi:nil="true"></Country>
          <Fax xsi:nil="true"></Fax>
          <FreightTermsCode xsi:nil="true"></FreightTermsCode>
          <ImportSequenceNumber xsi:nil="true"></ImportSequenceNumber>
          <Latitude xsi:nil="true"></Latitude>
          <Line1 xsi:nil="true"></Line1>
          <Line2 xsi:nil="true"></Line2>
          <Line3 xsi:nil="true"></Line3>
          <Longitude xsi:nil="true"></Longitude>
          <Name xsi:nil="true"></Name>
          <PostalCode xsi:nil="true"></PostalCode>
          <PostOfficeBox xsi:nil="true"></PostOfficeBox>
          <PrimaryContactName xsi:nil="true"></PrimaryContactName>
          <ShippingMethodCode>1</ShippingMethodCode>
          <StateOrProvince xsi:nil="true"></StateOrProvince>
          <Telephone1 xsi:nil="true"></Telephone1>
          <Telephone2 xsi:nil="true"></Telephone2>
          <Telephone3 xsi:nil="true"></Telephone3>
          <TimeZoneRuleVersionNumber xsi:nil="true"></TimeZoneRuleVersionNumber>
          <UPSZone xsi:nil="true"></UPSZone>
          <UTCOffset xsi:nil="true"></UTCOffset>
          <UTCConversionTimeZoneCode xsi:nil="true"></UTCConversionTimeZoneCode>
        </Address>
      </Addresses>
    </Publisher>
    <RootComponents />
    <MissingDependencies />
  </SolutionManifest>
</ImportExportXml>