﻿<?xml version="1.0" encoding="utf-8"?>
<ImportExportXml xmlns:xsi="http://www.w3.org/2001/XMLSchema-instance">
  <Entities />
  <Roles />
  <Workflows>
    <Workflow WorkflowId="{f339f7fe-b41c-4ec7-a581-1dae9ff97933}" Name="AzureBlobStorageEnabled">
      <XamlFileName>/Workflows/AzureBlobStorageEnabled-F339F7FE-B41C-4EC7-A581-1DAE9FF97933.xaml</XamlFileName>
      <Type>1</Type>
      <Subprocess>0</Subprocess>
      <Category>3</Category>
      <Mode>0</Mode>
      <Scope>4</Scope>
      <OnDemand>1</OnDemand>
      <TriggerOnCreate>0</TriggerOnCreate>
      <TriggerOnDelete>0</TriggerOnDelete>
      <AsyncAutodelete>0</AsyncAutodelete>
      <SyncWorkflowLogOnFailure>1</SyncWorkflowLogOnFailure>
      <StateCode>1</StateCode>
      <StatusCode>2</StatusCode>
      <CreateStage>40</CreateStage>
      <RunAs>1</RunAs>
      <SdkMessageId>{b4aecddd-9c29-e511-9438-00155d03a501}</SdkMessageId>
      <UniqueName>AzureBlobStorageEnabled</UniqueName>
      <IsTransacted>1</IsTransacted>
      <IntroducedVersion>7.0.0001</IntroducedVersion>
      <IsCustomizable>1</IsCustomizable>
      <PrimaryEntity>none</PrimaryEntity>
    </Workflow>
    <Workflow WorkflowId="{7cf664bd-8831-436b-9659-7706830961ab}" Name="Azure Blob Storage Url">
      <XamlFileName>/Workflows/AzureBlobStorageUrl-7CF664BD-8831-436B-9659-7706830961AB.xaml</XamlFileName>
      <Type>1</Type>
      <Subprocess>0</Subprocess>
      <Category>3</Category>
      <Mode>0</Mode>
      <Scope>4</Scope>
      <OnDemand>1</OnDemand>
      <TriggerOnCreate>0</TriggerOnCreate>
      <TriggerOnDelete>0</TriggerOnDelete>
      <AsyncAutodelete>0</AsyncAutodelete>
      <SyncWorkflowLogOnFailure>1</SyncWorkflowLogOnFailure>
      <StateCode>1</StateCode>
      <StatusCode>2</StatusCode>
      <CreateStage>40</CreateStage>
      <RunAs>1</RunAs>
      <SdkMessageId>{8cd04f33-9d29-e511-9438-00155d03a501}</SdkMessageId>
      <UniqueName>AzureBlobStorageUrl</UniqueName>
      <IsTransacted>1</IsTransacted>
      <IntroducedVersion>7.0.0001</IntroducedVersion>
      <IsCustomizable>1</IsCustomizable>
      <PrimaryEntity>none</PrimaryEntity>
    </Workflow>
    <Workflow WorkflowId="{e054db8c-7e10-4d49-93b2-a78fa5e75f85}" Name="Generate Shared Access Signature">
      <XamlFileName>/Workflows/GenerateSharedAccessSignature-E054DB8C-7E10-4D49-93B2-A78FA5E75F85.xaml</XamlFileName>
      <Type>1</Type>
      <Subprocess>0</Subprocess>
      <Category>3</Category>
      <Mode>0</Mode>
      <Scope>4</Scope>
      <OnDemand>1</OnDemand>
      <TriggerOnCreate>0</TriggerOnCreate>
      <TriggerOnDelete>0</TriggerOnDelete>
      <AsyncAutodelete>0</AsyncAutodelete>
      <SyncWorkflowLogOnFailure>1</SyncWorkflowLogOnFailure>
      <StateCode>1</StateCode>
      <StatusCode>2</StatusCode>
      <CreateStage>40</CreateStage>
      <RunAs>1</RunAs>
      <SdkMessageId>{6d86b32b-9c29-e511-9438-00155d03a501}</SdkMessageId>
      <UniqueName>GenerateSharedAccessSignature</UniqueName>
      <IsTransacted>1</IsTransacted>
      <IntroducedVersion>7.0.0001</IntroducedVersion>
      <IsCustomizable>1</IsCustomizable>
      <PrimaryEntity>none</PrimaryEntity>
    </Workflow>
  </Workflows>
  <FieldSecurityProfiles />
  <Templates />
  <EntityMaps />
  <EntityRelationships />
  <OrganizationSettings />
  <optionsets />
  <WebResources>
    <WebResource>
      <WebResourceId>{5a52bd67-8729-e511-9438-00155d03a501}</WebResourceId>
      <Name>adx_angular/angular.min.js</Name>
      <DisplayName>angular.min.js</DisplayName>
      <Description>/*
 AngularJS v1.2.28
 (c) 2010-2014 Google, Inc. http://angularjs.org
 License: MIT
*/</Description>
      <WebResourceType>3</WebResourceType>
      <IntroducedVersion>7.0.0052</IntroducedVersion>
      <IsEnabledForMobileClient>0</IsEnabledForMobileClient>
      <FileName>/WebResources/adx_angularangularminjs5A52BD67-8729-E511-9438-00155D03A501</FileName>
    </WebResource>
    <WebResource>
      <WebResourceId>{27eeaefb-9629-e511-9438-00155d03a501}</WebResourceId>
      <Name>adx_annotations/adx.annotations.css</Name>
      <DisplayName>adx.annotations.css</DisplayName>
      <WebResourceType>2</WebResourceType>
      <IntroducedVersion>7.0.0001</IntroducedVersion>
      <IsEnabledForMobileClient>0</IsEnabledForMobileClient>
      <IsCustomizable>1</IsCustomizable>
      <CanBeDeleted>1</CanBeDeleted>
      <IsHidden>0</IsHidden>
      <FileName>/WebResources/adx_annotationsadxannotationscss27EEAEFB-9629-E511-9438-00155D03A501</FileName>
    </WebResource>
    <WebResource>
      <WebResourceId>{e4b920d7-9629-e511-9438-00155d03a501}</WebResourceId>
      <Name>adx_annotations/adx.annotations.html</Name>
      <DisplayName>adx.annotations.html</DisplayName>
      <WebResourceType>1</WebResourceType>
      <IntroducedVersion>7.0.0001</IntroducedVersion>
      <IsEnabledForMobileClient>0</IsEnabledForMobileClient>
      <IsCustomizable>1</IsCustomizable>
      <CanBeDeleted>1</CanBeDeleted>
      <IsHidden>0</IsHidden>
      <FileName>/WebResources/adx_annotationsadxannotationshtmlE4B920D7-9629-E511-9438-00155D03A501</FileName>
    </WebResource>
    <WebResource>
      <WebResourceId>{980460ec-9629-e511-9438-00155d03a501}</WebResourceId>
      <Name>adx_annotations/adx.annotations.js</Name>
      <DisplayName>adx.annotations.js</DisplayName>
      <WebResourceType>3</WebResourceType>
      <IntroducedVersion>7.0.0001</IntroducedVersion>
      <IsEnabledForMobileClient>0</IsEnabledForMobileClient>
      <IsCustomizable>1</IsCustomizable>
      <CanBeDeleted>1</CanBeDeleted>
      <IsHidden>0</IsHidden>
      <FileName>/WebResources/adx_annotationsadxannotationsjs980460EC-9629-E511-9438-00155D03A501</FileName>
    </WebResource>
    <WebResource>
      <WebResourceId>{d3d9ad3d-9729-e511-9438-00155d03a501}</WebResourceId>
      <Name>adx_annotations/imports/angular_file_model.js</Name>
      <DisplayName>angular_file_model.js</DisplayName>
      <Description>//
// angular-file-model
// ==================
//
// Directive that makes the inputs with type `file` to be
// available in the `$scope` and be assigned to a model.
//</Description>
      <WebResourceType>3</WebResourceType>
      <IntroducedVersion>7.0.0001</IntroducedVersion>
      <IsEnabledForMobileClient>0</IsEnabledForMobileClient>
      <IsCustomizable>1</IsCustomizable>
      <CanBeDeleted>1</CanBeDeleted>
      <IsHidden>0</IsHidden>
      <FileName>/WebResources/adx_annotationsimportsangular_file_modeljsD3D9AD3D-9729-E511-9438-00155D03A501</FileName>
    </WebResource>
    <WebResource>
      <WebResourceId>{a47eab55-9729-e511-9438-00155d03a501}</WebResourceId>
      <Name>adx_annotations/imports/azure_blob_upload.js</Name>
      <DisplayName>azure_blob_upload.js</DisplayName>
      <Description>/**!
 * AngularJS Azure blob upload service with http post and progress.
 * @author  Stephen Brannan - twitter: @kinstephen
 * @version 1.0.1
 * 
 * With revisions by Adxstudio (removed $log, added $q)
 */</Description>
      <WebResourceType>3</WebResourceType>
      <IntroducedVersion>7.0.0001</IntroducedVersion>
      <IsEnabledForMobileClient>0</IsEnabledForMobileClient>
      <IsCustomizable>1</IsCustomizable>
      <CanBeDeleted>1</CanBeDeleted>
      <IsHidden>0</IsHidden>
      <FileName>/WebResources/adx_annotationsimportsazure_blob_uploadjsA47EAB55-9729-E511-9438-00155D03A501</FileName>
    </WebResource>
    <WebResource>
      <WebResourceId>{dd9930c6-c867-e511-944c-00155d038602}</WebResourceId>
      <Name>adx_bootstrap_glyphicons/css/bootstrap.min.css</Name>
      <DisplayName>bootstrap.min.css</DisplayName>
      <WebResourceType>2</WebResourceType>
      <IntroducedVersion>7.0.0010</IntroducedVersion>
      <IsEnabledForMobileClient>0</IsEnabledForMobileClient>
      <FileName>/WebResources/adx_bootstrap_glyphiconscssbootstrapmincssDD9930C6-C867-E511-944C-00155D038602</FileName>
    </WebResource>
    <WebResource>
      <WebResourceId>{b385abd7-c867-e511-944c-00155d038602}</WebResourceId>
      <Name>adx_bootstrap_glyphicons/css/glyphicons_font_awesome_migrate.min.css</Name>
      <DisplayName>glyphicons_font_awesome_migrate.min.css</DisplayName>
      <WebResourceType>2</WebResourceType>
      <IntroducedVersion>7.0.0010</IntroducedVersion>
      <IsEnabledForMobileClient>0</IsEnabledForMobileClient>
      <FileName>/WebResources/adx_bootstrap_glyphiconscssglyphicons_font_awesomeB385ABD7-C867-E511-944C-00155D038602</FileName>
    </WebResource>
    <WebResource>
      <WebResourceId>{9ccc2cfc-c867-e511-944c-00155d038602}</WebResourceId>
      <Name>adx_bootstrap_glyphicons/fonts/glyphicons_halflings_regular.eot</Name>
      <DisplayName>glyphicons_halflings_regular.eot</DisplayName>
      <WebResourceType>2</WebResourceType>
      <IntroducedVersion>7.0.0010</IntroducedVersion>
      <IsEnabledForMobileClient>0</IsEnabledForMobileClient>
      <FileName>/WebResources/adx_bootstrap_glyphiconsfontsglyphicons_halflings_9CCC2CFC-C867-E511-944C-00155D038602</FileName>
    </WebResource>
    <WebResource>
      <WebResourceId>{f87ac707-c967-e511-944c-00155d038602}</WebResourceId>
      <Name>adx_bootstrap_glyphicons/fonts/glyphicons_halflings_regular.svg</Name>
      <DisplayName>glyphicons_halflings_regular.svg</DisplayName>
      <WebResourceType>2</WebResourceType>
      <IntroducedVersion>7.0.0010</IntroducedVersion>
      <IsEnabledForMobileClient>0</IsEnabledForMobileClient>
      <FileName>/WebResources/adx_bootstrap_glyphiconsfontsglyphicons_halflings_F87AC707-C967-E511-944C-00155D038602</FileName>
    </WebResource>
    <WebResource>
      <WebResourceId>{cd1abf14-c967-e511-944c-00155d038602}</WebResourceId>
      <Name>adx_bootstrap_glyphicons/fonts/glyphicons_halflings_regular.ttf</Name>
      <DisplayName>glyphicons_halflings_regular.ttf</DisplayName>
      <WebResourceType>2</WebResourceType>
      <IntroducedVersion>7.0.0010</IntroducedVersion>
      <IsEnabledForMobileClient>0</IsEnabledForMobileClient>
      <FileName>/WebResources/adx_bootstrap_glyphiconsfontsglyphicons_halflings_CD1ABF14-C967-E511-944C-00155D038602</FileName>
    </WebResource>
    <WebResource>
      <WebResourceId>{0b5d9423-c967-e511-944c-00155d038602}</WebResourceId>
      <Name>adx_bootstrap_glyphicons/fonts/glyphicons_halflings_regular.woff</Name>
      <DisplayName>glyphicons_halflings_regular.woff</DisplayName>
      <WebResourceType>2</WebResourceType>
      <IntroducedVersion>7.0.0010</IntroducedVersion>
      <IsEnabledForMobileClient>0</IsEnabledForMobileClient>
      <FileName>/WebResources/adx_bootstrap_glyphiconsfontsglyphicons_halflings_0B5D9423-C967-E511-944C-00155D038602</FileName>
    </WebResource>
    <WebResource>
      <WebResourceId>{5b664d2c-c967-e511-944c-00155d038602}</WebResourceId>
      <Name>adx_bootstrap_glyphicons/fonts/glyphicons_halflings_regular.woff2</Name>
      <DisplayName>glyphicons_halflings_regular.woff2</DisplayName>
      <WebResourceType>2</WebResourceType>
      <IntroducedVersion>7.0.0010</IntroducedVersion>
      <IsEnabledForMobileClient>0</IsEnabledForMobileClient>
      <FileName>/WebResources/adx_bootstrap_glyphiconsfontsglyphicons_halflings_5B664D2C-C967-E511-944C-00155D038602</FileName>
    </WebResource>
    <WebResource>
      <WebResourceId>{6a8f96e7-d450-e411-9437-00155d035d01}</WebResourceId>
      <Name>adx_framework/adx.sdk.js</Name>
      <DisplayName>adx.sdk.js</DisplayName>
      <WebResourceType>3</WebResourceType>
      <IntroducedVersion>7.0.0023</IntroducedVersion>
      <IsEnabledForMobileClient>0</IsEnabledForMobileClient>
      <FileName>/WebResources/adx_frameworkadxsdkjs6A8F96E7-D450-E411-9437-00155D035D01</FileName>
    </WebResource>
    <WebResource>
      <WebResourceId>{2e06c82f-63c1-e511-80d3-00155d9e7a06}</WebResourceId>
      <Name>adx_resources/ResourcesManager.js</Name>
      <DisplayName>Resources Manager</DisplayName>
      <Description>Resources Manager for localization</Description>
      <WebResourceType>3</WebResourceType>
      <IntroducedVersion>7.0.0011</IntroducedVersion>
      <IsEnabledForMobileClient>0</IsEnabledForMobileClient>
      <FileName>/WebResources/adx_resourcesResourcesManagerjs2E06C82F-63C1-E511-80D3-00155D9E7A06</FileName>
    </WebResource>
    <WebResource>
      <WebResourceId>{5812859a-61c5-e511-80d3-00155d9e7a06}</WebResourceId>
      <Name>adx_resources/AdxstudioAzureStorage/Strings_1026.js</Name>
      <DisplayName>Localized strings</DisplayName>
      <WebResourceType>3</WebResourceType>
      <IntroducedVersion>7.0.0012</IntroducedVersion>
      <IsEnabledForMobileClient>0</IsEnabledForMobileClient>
      <IsCustomizable>0</IsCustomizable>
      <CanBeDeleted>1</CanBeDeleted>
      <IsHidden>0</IsHidden>
      <FileName>/WebResources/adx_resourcesAdxstudioAzureStorageStrings_1026js5812859A-61C5-E511-80D3-00155D9E7A06</FileName>
    </WebResource>
    <WebResource>
      <WebResourceId>{5efe8fb2-61c5-e511-80d3-00155d9e7a06}</WebResourceId>
      <Name>adx_resources/AdxstudioAzureStorage/Strings_1027.js</Name>
      <DisplayName>Localized strings</DisplayName>
      <WebResourceType>3</WebResourceType>
      <IntroducedVersion>7.0.0012</IntroducedVersion>
      <IsEnabledForMobileClient>0</IsEnabledForMobileClient>
      <IsCustomizable>0</IsCustomizable>
      <CanBeDeleted>1</CanBeDeleted>
      <IsHidden>0</IsHidden>
      <FileName>/WebResources/adx_resourcesAdxstudioAzureStorageStrings_1027js5EFE8FB2-61C5-E511-80D3-00155D9E7A06</FileName>
    </WebResource>
    <WebResource>
      <WebResourceId>{1deb6594-371a-415f-8cc8-63d9568282bc}</WebResourceId>
      <Name>adx_resources/AdxstudioAzureStorage/Strings_1028.js</Name>
      <DisplayName>Localized strings</DisplayName>
      <WebResourceType>3</WebResourceType>
      <IntroducedVersion>7.0.0012</IntroducedVersion>
      <IsEnabledForMobileClient>0</IsEnabledForMobileClient>
      <IsCustomizable>0</IsCustomizable>
      <CanBeDeleted>1</CanBeDeleted>
      <IsHidden>0</IsHidden>
      <FileName>/WebResources/adx_resourcesAdxstudioAzureStorageStrings_1028js1DEB6594-371A-415F-8CC8-63D9568282BC</FileName>
    </WebResource>
    <WebResource>
      <WebResourceId>{613b1cd3-61c5-e511-80d3-00155d9e7a06}</WebResourceId>
      <Name>adx_resources/AdxstudioAzureStorage/Strings_1029.js</Name>
      <DisplayName>Localized strings</DisplayName>
      <WebResourceType>3</WebResourceType>
      <IntroducedVersion>7.0.0012</IntroducedVersion>
      <IsEnabledForMobileClient>0</IsEnabledForMobileClient>
      <IsCustomizable>0</IsCustomizable>
      <CanBeDeleted>1</CanBeDeleted>
      <IsHidden>0</IsHidden>
      <FileName>/WebResources/adx_resourcesAdxstudioAzureStorageStrings_1029js613B1CD3-61C5-E511-80D3-00155D9E7A06</FileName>
    </WebResource>
    <WebResource>
      <WebResourceId>{9cfc1b0e-63c5-e511-80d3-00155d9e7a06}</WebResourceId>
      <Name>adx_resources/AdxstudioAzureStorage/Strings_1030.js</Name>
      <DisplayName>Localized strings</DisplayName>
      <WebResourceType>3</WebResourceType>
      <IntroducedVersion>7.0.0012</IntroducedVersion>
      <IsEnabledForMobileClient>0</IsEnabledForMobileClient>
      <IsCustomizable>0</IsCustomizable>
      <CanBeDeleted>1</CanBeDeleted>
      <IsHidden>0</IsHidden>
      <FileName>/WebResources/adx_resourcesAdxstudioAzureStorageStrings_1030js9CFC1B0E-63C5-E511-80D3-00155D9E7A06</FileName>
    </WebResource>
    <WebResource>
      <WebResourceId>{d5021b1e-63c5-e511-80d3-00155d9e7a06}</WebResourceId>
      <Name>adx_resources/AdxstudioAzureStorage/Strings_1031.js</Name>
      <DisplayName>Localized strings</DisplayName>
      <WebResourceType>3</WebResourceType>
      <IntroducedVersion>7.0.0012</IntroducedVersion>
      <IsEnabledForMobileClient>0</IsEnabledForMobileClient>
      <IsCustomizable>0</IsCustomizable>
      <CanBeDeleted>1</CanBeDeleted>
      <IsHidden>0</IsHidden>
      <FileName>/WebResources/adx_resourcesAdxstudioAzureStorageStrings_1031jsD5021B1E-63C5-E511-80D3-00155D9E7A06</FileName>
    </WebResource>
    <WebResource>
      <WebResourceId>{8b245e37-63c5-e511-80d3-00155d9e7a06}</WebResourceId>
      <Name>adx_resources/AdxstudioAzureStorage/Strings_1032.js</Name>
      <DisplayName>Localized strings</DisplayName>
      <WebResourceType>3</WebResourceType>
      <IntroducedVersion>7.0.0012</IntroducedVersion>
      <IsEnabledForMobileClient>0</IsEnabledForMobileClient>
      <IsCustomizable>0</IsCustomizable>
      <CanBeDeleted>1</CanBeDeleted>
      <IsHidden>0</IsHidden>
      <FileName>/WebResources/adx_resourcesAdxstudioAzureStorageStrings_1032js8B245E37-63C5-E511-80D3-00155D9E7A06</FileName>
    </WebResource>
    <WebResource>
      <WebResourceId>{48a7ba99-30bb-e511-80d2-00155d9e7a06}</WebResourceId>
      <Name>adx_resources/AdxstudioAzureStorage/Strings_1033.js</Name>
      <DisplayName>Strings in English for AdxstudioAzureStorage</DisplayName>
      <Description>Localized strings in English for AdxstudioAzureStorage solution.</Description>
      <WebResourceType>3</WebResourceType>
      <IntroducedVersion>7.0.0011</IntroducedVersion>
      <IsEnabledForMobileClient>0</IsEnabledForMobileClient>
      <IsCustomizable>0</IsCustomizable>
      <CanBeDeleted>1</CanBeDeleted>
      <IsHidden>0</IsHidden>
      <FileName>/WebResources/adx_resourcesAdxstudioAzureStorageStrings_1033js48A7BA99-30BB-E511-80D2-00155D9E7A06</FileName>
    </WebResource>
    <WebResource>
      <WebResourceId>{5cc4d953-63c5-e511-80d3-00155d9e7a06}</WebResourceId>
      <Name>adx_resources/AdxstudioAzureStorage/Strings_1035.js</Name>
      <DisplayName>Localized strings</DisplayName>
      <WebResourceType>3</WebResourceType>
      <IntroducedVersion>7.0.0012</IntroducedVersion>
      <IsEnabledForMobileClient>0</IsEnabledForMobileClient>
      <IsCustomizable>0</IsCustomizable>
      <CanBeDeleted>1</CanBeDeleted>
      <IsHidden>0</IsHidden>
      <FileName>/WebResources/adx_resourcesAdxstudioAzureStorageStrings_1035js5CC4D953-63C5-E511-80D3-00155D9E7A06</FileName>
    </WebResource>
    <WebResource>
      <WebResourceId>{003f0f67-63c5-e511-80d3-00155d9e7a06}</WebResourceId>
      <Name>adx_resources/AdxstudioAzureStorage/Strings_1036.js</Name>
      <DisplayName>Localized strings</DisplayName>
      <WebResourceType>3</WebResourceType>
      <IntroducedVersion>7.0.0012</IntroducedVersion>
      <IsEnabledForMobileClient>0</IsEnabledForMobileClient>
      <IsCustomizable>0</IsCustomizable>
      <CanBeDeleted>1</CanBeDeleted>
      <IsHidden>0</IsHidden>
      <FileName>/WebResources/adx_resourcesAdxstudioAzureStorageStrings_1036js003F0F67-63C5-E511-80D3-00155D9E7A06</FileName>
    </WebResource>
    <WebResource>
      <WebResourceId>{02fb03ce-63c5-e511-80d3-00155d9e7a06}</WebResourceId>
      <Name>adx_resources/AdxstudioAzureStorage/Strings_1038.js</Name>
      <DisplayName>Localized strings</DisplayName>
      <WebResourceType>3</WebResourceType>
      <IntroducedVersion>7.0.0012</IntroducedVersion>
      <IsEnabledForMobileClient>0</IsEnabledForMobileClient>
      <IsCustomizable>0</IsCustomizable>
      <CanBeDeleted>1</CanBeDeleted>
      <IsHidden>0</IsHidden>
      <FileName>/WebResources/adx_resourcesAdxstudioAzureStorageStrings_1038js02FB03CE-63C5-E511-80D3-00155D9E7A06</FileName>
    </WebResource>
    <WebResource>
      <WebResourceId>{7bd463e1-63c5-e511-80d3-00155d9e7a06}</WebResourceId>
      <Name>adx_resources/AdxstudioAzureStorage/Strings_1040.js</Name>
      <DisplayName>Localized strings</DisplayName>
      <WebResourceType>3</WebResourceType>
      <IntroducedVersion>7.0.0012</IntroducedVersion>
      <IsEnabledForMobileClient>0</IsEnabledForMobileClient>
      <IsCustomizable>0</IsCustomizable>
      <CanBeDeleted>1</CanBeDeleted>
      <IsHidden>0</IsHidden>
      <FileName>/WebResources/adx_resourcesAdxstudioAzureStorageStrings_1040js7BD463E1-63C5-E511-80D3-00155D9E7A06</FileName>
    </WebResource>
    <WebResource>
      <WebResourceId>{d5be551a-9e1d-4849-a869-12fe230450b7}</WebResourceId>
      <Name>adx_resources/AdxstudioAzureStorage/Strings_1041.js</Name>
      <DisplayName>Localized strings</DisplayName>
      <WebResourceType>3</WebResourceType>
      <IntroducedVersion>7.0.0012</IntroducedVersion>
      <IsEnabledForMobileClient>0</IsEnabledForMobileClient>
      <IsCustomizable>0</IsCustomizable>
      <CanBeDeleted>1</CanBeDeleted>
      <IsHidden>0</IsHidden>
      <FileName>/WebResources/adx_resourcesAdxstudioAzureStorageStrings_1041jsD5BE551A-9E1D-4849-A869-12FE230450B7</FileName>
    </WebResource>
    <WebResource>
      <WebResourceId>{c1c8a812-50aa-45b2-a768-fe13287dc150}</WebResourceId>
      <Name>adx_resources/AdxstudioAzureStorage/Strings_1042.js</Name>
      <DisplayName>Localized strings</DisplayName>
      <WebResourceType>3</WebResourceType>
      <IntroducedVersion>7.0.0012</IntroducedVersion>
      <IsEnabledForMobileClient>0</IsEnabledForMobileClient>
      <IsCustomizable>0</IsCustomizable>
      <CanBeDeleted>1</CanBeDeleted>
      <IsHidden>0</IsHidden>
      <FileName>/WebResources/adx_resourcesAdxstudioAzureStorageStrings_1042jsC1C8A812-50AA-45B2-A768-FE13287DC150</FileName>
    </WebResource>
    <WebResource>
      <WebResourceId>{28f3cafd-63c5-e511-80d3-00155d9e7a06}</WebResourceId>
      <Name>adx_resources/AdxstudioAzureStorage/Strings_1043.js</Name>
      <DisplayName>Localized strings</DisplayName>
      <WebResourceType>3</WebResourceType>
      <IntroducedVersion>7.0.0012</IntroducedVersion>
      <IsEnabledForMobileClient>0</IsEnabledForMobileClient>
      <IsCustomizable>0</IsCustomizable>
      <CanBeDeleted>1</CanBeDeleted>
      <IsHidden>0</IsHidden>
      <FileName>/WebResources/adx_resourcesAdxstudioAzureStorageStrings_1043js28F3CAFD-63C5-E511-80D3-00155D9E7A06</FileName>
    </WebResource>
    <WebResource>
      <WebResourceId>{584dc332-64c5-e511-80d3-00155d9e7a06}</WebResourceId>
      <Name>adx_resources/AdxstudioAzureStorage/Strings_1044.js</Name>
      <DisplayName>Localized strings</DisplayName>
      <WebResourceType>3</WebResourceType>
      <IntroducedVersion>7.0.0012</IntroducedVersion>
      <IsEnabledForMobileClient>0</IsEnabledForMobileClient>
      <IsCustomizable>0</IsCustomizable>
      <CanBeDeleted>1</CanBeDeleted>
      <IsHidden>0</IsHidden>
      <FileName>/WebResources/adx_resourcesAdxstudioAzureStorageStrings_1044js584DC332-64C5-E511-80D3-00155D9E7A06</FileName>
    </WebResource>
    <WebResource>
      <WebResourceId>{f177ea54-64c5-e511-80d3-00155d9e7a06}</WebResourceId>
      <Name>adx_resources/AdxstudioAzureStorage/Strings_1045.js</Name>
      <DisplayName>Localized strings</DisplayName>
      <WebResourceType>3</WebResourceType>
      <IntroducedVersion>7.0.0012</IntroducedVersion>
      <IsEnabledForMobileClient>0</IsEnabledForMobileClient>
      <IsCustomizable>0</IsCustomizable>
      <CanBeDeleted>1</CanBeDeleted>
      <IsHidden>0</IsHidden>
      <FileName>/WebResources/adx_resourcesAdxstudioAzureStorageStrings_1045jsF177EA54-64C5-E511-80D3-00155D9E7A06</FileName>
    </WebResource>
    <WebResource>
      <WebResourceId>{710fc761-64c5-e511-80d3-00155d9e7a06}</WebResourceId>
      <Name>adx_resources/AdxstudioAzureStorage/Strings_1046.js</Name>
      <DisplayName>Localized strings</DisplayName>
      <WebResourceType>3</WebResourceType>
      <IntroducedVersion>7.0.0012</IntroducedVersion>
      <IsEnabledForMobileClient>0</IsEnabledForMobileClient>
      <IsCustomizable>0</IsCustomizable>
      <CanBeDeleted>1</CanBeDeleted>
      <IsHidden>0</IsHidden>
      <FileName>/WebResources/adx_resourcesAdxstudioAzureStorageStrings_1046js710FC761-64C5-E511-80D3-00155D9E7A06</FileName>
    </WebResource>
    <WebResource>
      <WebResourceId>{bf4b7b8c-64c5-e511-80d3-00155d9e7a06}</WebResourceId>
      <Name>adx_resources/AdxstudioAzureStorage/Strings_1048.js</Name>
      <DisplayName>Localized strings</DisplayName>
      <WebResourceType>3</WebResourceType>
      <IntroducedVersion>7.0.0012</IntroducedVersion>
      <IsEnabledForMobileClient>0</IsEnabledForMobileClient>
      <IsCustomizable>0</IsCustomizable>
      <CanBeDeleted>1</CanBeDeleted>
      <IsHidden>0</IsHidden>
      <FileName>/WebResources/adx_resourcesAdxstudioAzureStorageStrings_1048jsBF4B7B8C-64C5-E511-80D3-00155D9E7A06</FileName>
    </WebResource>
    <WebResource>
      <WebResourceId>{7bc410a2-64c5-e511-80d3-00155d9e7a06}</WebResourceId>
      <Name>adx_resources/AdxstudioAzureStorage/Strings_1049.js</Name>
      <DisplayName>Localized strings</DisplayName>
      <WebResourceType>3</WebResourceType>
      <IntroducedVersion>7.0.0012</IntroducedVersion>
      <IsEnabledForMobileClient>0</IsEnabledForMobileClient>
      <IsCustomizable>0</IsCustomizable>
      <CanBeDeleted>1</CanBeDeleted>
      <IsHidden>0</IsHidden>
      <FileName>/WebResources/adx_resourcesAdxstudioAzureStorageStrings_1049js7BC410A2-64C5-E511-80D3-00155D9E7A06</FileName>
    </WebResource>
    <WebResource>
      <WebResourceId>{0ee8d0bc-64c5-e511-80d3-00155d9e7a06}</WebResourceId>
      <Name>adx_resources/AdxstudioAzureStorage/Strings_1050.js</Name>
      <DisplayName>Localized strings</DisplayName>
      <WebResourceType>3</WebResourceType>
      <IntroducedVersion>7.0.0012</IntroducedVersion>
      <IsEnabledForMobileClient>0</IsEnabledForMobileClient>
      <IsCustomizable>0</IsCustomizable>
      <CanBeDeleted>1</CanBeDeleted>
      <IsHidden>0</IsHidden>
      <FileName>/WebResources/adx_resourcesAdxstudioAzureStorageStrings_1050js0EE8D0BC-64C5-E511-80D3-00155D9E7A06</FileName>
    </WebResource>
    <WebResource>
      <WebResourceId>{3362a2cc-64c5-e511-80d3-00155d9e7a06}</WebResourceId>
      <Name>adx_resources/AdxstudioAzureStorage/Strings_1051.js</Name>
      <DisplayName>Localized strings</DisplayName>
      <WebResourceType>3</WebResourceType>
      <IntroducedVersion>7.0.0012</IntroducedVersion>
      <IsEnabledForMobileClient>0</IsEnabledForMobileClient>
      <IsCustomizable>0</IsCustomizable>
      <CanBeDeleted>1</CanBeDeleted>
      <IsHidden>0</IsHidden>
      <FileName>/WebResources/adx_resourcesAdxstudioAzureStorageStrings_1051js3362A2CC-64C5-E511-80D3-00155D9E7A06</FileName>
    </WebResource>
    <WebResource>
      <WebResourceId>{c22b68db-64c5-e511-80d3-00155d9e7a06}</WebResourceId>
      <Name>adx_resources/AdxstudioAzureStorage/Strings_1053.js</Name>
      <DisplayName>Localized strings</DisplayName>
      <WebResourceType>3</WebResourceType>
      <IntroducedVersion>7.0.0012</IntroducedVersion>
      <IsEnabledForMobileClient>0</IsEnabledForMobileClient>
      <IsCustomizable>0</IsCustomizable>
      <CanBeDeleted>1</CanBeDeleted>
      <IsHidden>0</IsHidden>
      <FileName>/WebResources/adx_resourcesAdxstudioAzureStorageStrings_1053jsC22B68DB-64C5-E511-80D3-00155D9E7A06</FileName>
    </WebResource>
    <WebResource>
      <WebResourceId>{69a51de9-64c5-e511-80d3-00155d9e7a06}</WebResourceId>
      <Name>adx_resources/AdxstudioAzureStorage/Strings_1054.js</Name>
      <DisplayName>Localized strings</DisplayName>
      <WebResourceType>3</WebResourceType>
      <IntroducedVersion>7.0.0012</IntroducedVersion>
      <IsEnabledForMobileClient>0</IsEnabledForMobileClient>
      <IsCustomizable>0</IsCustomizable>
      <CanBeDeleted>1</CanBeDeleted>
      <IsHidden>0</IsHidden>
      <FileName>/WebResources/adx_resourcesAdxstudioAzureStorageStrings_1054js69A51DE9-64C5-E511-80D3-00155D9E7A06</FileName>
    </WebResource>
    <WebResource>
      <WebResourceId>{e17c86f5-64c5-e511-80d3-00155d9e7a06}</WebResourceId>
      <Name>adx_resources/AdxstudioAzureStorage/Strings_1055.js</Name>
      <DisplayName>Localized strings</DisplayName>
      <WebResourceType>3</WebResourceType>
      <IntroducedVersion>7.0.0012</IntroducedVersion>
      <IsEnabledForMobileClient>0</IsEnabledForMobileClient>
      <IsCustomizable>0</IsCustomizable>
      <CanBeDeleted>1</CanBeDeleted>
      <IsHidden>0</IsHidden>
      <FileName>/WebResources/adx_resourcesAdxstudioAzureStorageStrings_1055jsE17C86F5-64C5-E511-80D3-00155D9E7A06</FileName>
    </WebResource>
    <WebResource>
      <WebResourceId>{6f07e514-65c5-e511-80d3-00155d9e7a06}</WebResourceId>
      <Name>adx_resources/AdxstudioAzureStorage/Strings_1057.js</Name>
      <DisplayName>Localized strings</DisplayName>
      <WebResourceType>3</WebResourceType>
      <IntroducedVersion>7.0.0012</IntroducedVersion>
      <IsEnabledForMobileClient>0</IsEnabledForMobileClient>
      <IsCustomizable>0</IsCustomizable>
      <CanBeDeleted>1</CanBeDeleted>
      <IsHidden>0</IsHidden>
      <FileName>/WebResources/adx_resourcesAdxstudioAzureStorageStrings_1057js6F07E514-65C5-E511-80D3-00155D9E7A06</FileName>
    </WebResource>
    <WebResource>
      <WebResourceId>{ba5d3120-65c5-e511-80d3-00155d9e7a06}</WebResourceId>
      <Name>adx_resources/AdxstudioAzureStorage/Strings_1058.js</Name>
      <DisplayName>Localized strings</DisplayName>
      <WebResourceType>3</WebResourceType>
      <IntroducedVersion>7.0.0012</IntroducedVersion>
      <IsEnabledForMobileClient>0</IsEnabledForMobileClient>
      <IsCustomizable>0</IsCustomizable>
      <CanBeDeleted>1</CanBeDeleted>
      <IsHidden>0</IsHidden>
      <FileName>/WebResources/adx_resourcesAdxstudioAzureStorageStrings_1058jsBA5D3120-65C5-E511-80D3-00155D9E7A06</FileName>
    </WebResource>
    <WebResource>
      <WebResourceId>{63e1692e-65c5-e511-80d3-00155d9e7a06}</WebResourceId>
      <Name>adx_resources/AdxstudioAzureStorage/Strings_1060.js</Name>
      <DisplayName>Localized strings</DisplayName>
      <WebResourceType>3</WebResourceType>
      <IntroducedVersion>7.0.0012</IntroducedVersion>
      <IsEnabledForMobileClient>0</IsEnabledForMobileClient>
      <IsCustomizable>0</IsCustomizable>
      <CanBeDeleted>1</CanBeDeleted>
      <IsHidden>0</IsHidden>
      <FileName>/WebResources/adx_resourcesAdxstudioAzureStorageStrings_1060js63E1692E-65C5-E511-80D3-00155D9E7A06</FileName>
    </WebResource>
    <WebResource>
      <WebResourceId>{ad712d3c-65c5-e511-80d3-00155d9e7a06}</WebResourceId>
      <Name>adx_resources/AdxstudioAzureStorage/Strings_1061.js</Name>
      <DisplayName>Localized strings</DisplayName>
      <WebResourceType>3</WebResourceType>
      <IntroducedVersion>7.0.0012</IntroducedVersion>
      <IsEnabledForMobileClient>0</IsEnabledForMobileClient>
      <IsCustomizable>0</IsCustomizable>
      <CanBeDeleted>1</CanBeDeleted>
      <IsHidden>0</IsHidden>
      <FileName>/WebResources/adx_resourcesAdxstudioAzureStorageStrings_1061jsAD712D3C-65C5-E511-80D3-00155D9E7A06</FileName>
    </WebResource>
    <WebResource>
      <WebResourceId>{e62a9748-65c5-e511-80d3-00155d9e7a06}</WebResourceId>
      <Name>adx_resources/AdxstudioAzureStorage/Strings_1062.js</Name>
      <DisplayName>Localized strings</DisplayName>
      <WebResourceType>3</WebResourceType>
      <IntroducedVersion>7.0.0012</IntroducedVersion>
      <IsEnabledForMobileClient>0</IsEnabledForMobileClient>
      <IsCustomizable>0</IsCustomizable>
      <CanBeDeleted>1</CanBeDeleted>
      <IsHidden>0</IsHidden>
      <FileName>/WebResources/adx_resourcesAdxstudioAzureStorageStrings_1062jsE62A9748-65C5-E511-80D3-00155D9E7A06</FileName>
    </WebResource>
    <WebResource>
      <WebResourceId>{c1445d58-65c5-e511-80d3-00155d9e7a06}</WebResourceId>
      <Name>adx_resources/AdxstudioAzureStorage/Strings_1063.js</Name>
      <DisplayName>Localized strings</DisplayName>
      <WebResourceType>3</WebResourceType>
      <IntroducedVersion>7.0.0012</IntroducedVersion>
      <IsEnabledForMobileClient>0</IsEnabledForMobileClient>
      <IsCustomizable>0</IsCustomizable>
      <CanBeDeleted>1</CanBeDeleted>
      <IsHidden>0</IsHidden>
      <FileName>/WebResources/adx_resourcesAdxstudioAzureStorageStrings_1063jsC1445D58-65C5-E511-80D3-00155D9E7A06</FileName>
    </WebResource>
    <WebResource>
      <WebResourceId>{4a42e467-65c5-e511-80d3-00155d9e7a06}</WebResourceId>
      <Name>adx_resources/AdxstudioAzureStorage/Strings_1066.js</Name>
      <DisplayName>Localized strings</DisplayName>
      <WebResourceType>3</WebResourceType>
      <IntroducedVersion>7.0.0012</IntroducedVersion>
      <IsEnabledForMobileClient>0</IsEnabledForMobileClient>
      <IsCustomizable>0</IsCustomizable>
      <CanBeDeleted>1</CanBeDeleted>
      <IsHidden>0</IsHidden>
      <FileName>/WebResources/adx_resourcesAdxstudioAzureStorageStrings_1066js4A42E467-65C5-E511-80D3-00155D9E7A06</FileName>
    </WebResource>
    <WebResource>
      <WebResourceId>{028e6676-65c5-e511-80d3-00155d9e7a06}</WebResourceId>
      <Name>adx_resources/AdxstudioAzureStorage/Strings_1069.js</Name>
      <DisplayName>Localized strings</DisplayName>
      <WebResourceType>3</WebResourceType>
      <IntroducedVersion>7.0.0012</IntroducedVersion>
      <IsEnabledForMobileClient>0</IsEnabledForMobileClient>
      <IsCustomizable>0</IsCustomizable>
      <CanBeDeleted>1</CanBeDeleted>
      <IsHidden>0</IsHidden>
      <FileName>/WebResources/adx_resourcesAdxstudioAzureStorageStrings_1069js028E6676-65C5-E511-80D3-00155D9E7A06</FileName>
    </WebResource>
    <WebResource>
      <WebResourceId>{c1803795-65c5-e511-80d3-00155d9e7a06}</WebResourceId>
      <Name>adx_resources/AdxstudioAzureStorage/Strings_1081.js</Name>
      <DisplayName>Localized strings</DisplayName>
      <WebResourceType>3</WebResourceType>
      <IntroducedVersion>7.0.0012</IntroducedVersion>
      <IsEnabledForMobileClient>0</IsEnabledForMobileClient>
      <IsCustomizable>0</IsCustomizable>
      <CanBeDeleted>1</CanBeDeleted>
      <IsHidden>0</IsHidden>
      <FileName>/WebResources/adx_resourcesAdxstudioAzureStorageStrings_1081jsC1803795-65C5-E511-80D3-00155D9E7A06</FileName>
    </WebResource>
    <WebResource>
      <WebResourceId>{875257a5-65c5-e511-80d3-00155d9e7a06}</WebResourceId>
      <Name>adx_resources/AdxstudioAzureStorage/Strings_1086.js</Name>
      <DisplayName>Localized strings</DisplayName>
      <WebResourceType>3</WebResourceType>
      <IntroducedVersion>7.0.0012</IntroducedVersion>
      <IsEnabledForMobileClient>0</IsEnabledForMobileClient>
      <IsCustomizable>0</IsCustomizable>
      <CanBeDeleted>1</CanBeDeleted>
      <IsHidden>0</IsHidden>
      <FileName>/WebResources/adx_resourcesAdxstudioAzureStorageStrings_1086js875257A5-65C5-E511-80D3-00155D9E7A06</FileName>
    </WebResource>
    <WebResource>
      <WebResourceId>{077220b2-65c5-e511-80d3-00155d9e7a06}</WebResourceId>
      <Name>adx_resources/AdxstudioAzureStorage/Strings_1087.js</Name>
      <DisplayName>Localized strings</DisplayName>
      <WebResourceType>3</WebResourceType>
      <IntroducedVersion>7.0.0012</IntroducedVersion>
      <IsEnabledForMobileClient>0</IsEnabledForMobileClient>
      <IsCustomizable>0</IsCustomizable>
      <CanBeDeleted>1</CanBeDeleted>
      <IsHidden>0</IsHidden>
      <FileName>/WebResources/adx_resourcesAdxstudioAzureStorageStrings_1087js077220B2-65C5-E511-80D3-00155D9E7A06</FileName>
    </WebResource>
    <WebResource>
      <WebResourceId>{af830b16-66c5-e511-80d3-00155d9e7a06}</WebResourceId>
      <Name>adx_resources/AdxstudioAzureStorage/Strings_1110.js</Name>
      <DisplayName>Localized strings</DisplayName>
      <WebResourceType>3</WebResourceType>
      <IntroducedVersion>7.0.0012</IntroducedVersion>
      <IsEnabledForMobileClient>0</IsEnabledForMobileClient>
      <IsCustomizable>0</IsCustomizable>
      <CanBeDeleted>1</CanBeDeleted>
      <IsHidden>0</IsHidden>
      <FileName>/WebResources/adx_resourcesAdxstudioAzureStorageStrings_1110jsAF830B16-66C5-E511-80D3-00155D9E7A06</FileName>
    </WebResource>
    <WebResource>
      <WebResourceId>{bc052127-b59f-4437-808f-92851d057c1e}</WebResourceId>
      <Name>adx_resources/AdxstudioAzureStorage/Strings_2052.js</Name>
      <DisplayName>Localized strings</DisplayName>
      <WebResourceType>3</WebResourceType>
      <IntroducedVersion>7.0.0012</IntroducedVersion>
      <IsEnabledForMobileClient>0</IsEnabledForMobileClient>
      <IsCustomizable>0</IsCustomizable>
      <CanBeDeleted>1</CanBeDeleted>
      <IsHidden>0</IsHidden>
      <FileName>/WebResources/adx_resourcesAdxstudioAzureStorageStrings_2052jsBC052127-B59F-4437-808F-92851D057C1E</FileName>
    </WebResource>
    <WebResource>
      <WebResourceId>{3de8f027-66c5-e511-80d3-00155d9e7a06}</WebResourceId>
      <Name>adx_resources/AdxstudioAzureStorage/Strings_2070.js</Name>
      <DisplayName>Localized strings</DisplayName>
      <WebResourceType>3</WebResourceType>
      <IntroducedVersion>7.0.0012</IntroducedVersion>
      <IsEnabledForMobileClient>0</IsEnabledForMobileClient>
      <IsCustomizable>0</IsCustomizable>
      <CanBeDeleted>1</CanBeDeleted>
      <IsHidden>0</IsHidden>
      <FileName>/WebResources/adx_resourcesAdxstudioAzureStorageStrings_2070js3DE8F027-66C5-E511-80D3-00155D9E7A06</FileName>
    </WebResource>
    <WebResource>
      <WebResourceId>{c2eef536-66c5-e511-80d3-00155d9e7a06}</WebResourceId>
      <Name>adx_resources/AdxstudioAzureStorage/Strings_2074.js</Name>
      <DisplayName>Localized strings</DisplayName>
      <WebResourceType>3</WebResourceType>
      <IntroducedVersion>7.0.0012</IntroducedVersion>
      <IsEnabledForMobileClient>0</IsEnabledForMobileClient>
      <IsCustomizable>0</IsCustomizable>
      <CanBeDeleted>1</CanBeDeleted>
      <IsHidden>0</IsHidden>
      <FileName>/WebResources/adx_resourcesAdxstudioAzureStorageStrings_2074jsC2EEF536-66C5-E511-80D3-00155D9E7A06</FileName>
    </WebResource>
    <WebResource>
      <WebResourceId>{360c7fe8-cd71-4b20-89df-cf212e9792d5}</WebResourceId>
      <Name>adx_resources/AdxstudioAzureStorage/Strings_3076.js</Name>
      <DisplayName>Localized strings</DisplayName>
      <WebResourceType>3</WebResourceType>
      <IntroducedVersion>7.0.0012</IntroducedVersion>
      <IsEnabledForMobileClient>0</IsEnabledForMobileClient>
      <IsCustomizable>0</IsCustomizable>
      <CanBeDeleted>1</CanBeDeleted>
      <IsHidden>0</IsHidden>
      <FileName>/WebResources/adx_resourcesAdxstudioAzureStorageStrings_3076js360C7FE8-CD71-4B20-89DF-CF212E9792D5</FileName>
    </WebResource>
    <WebResource>
      <WebResourceId>{12adee47-66c5-e511-80d3-00155d9e7a06}</WebResourceId>
      <Name>adx_resources/AdxstudioAzureStorage/Strings_3082.js</Name>
      <DisplayName>Localized strings</DisplayName>
      <WebResourceType>3</WebResourceType>
      <IntroducedVersion>7.0.0012</IntroducedVersion>
      <IsEnabledForMobileClient>0</IsEnabledForMobileClient>
      <IsCustomizable>0</IsCustomizable>
      <CanBeDeleted>1</CanBeDeleted>
      <IsHidden>0</IsHidden>
      <FileName>/WebResources/adx_resourcesAdxstudioAzureStorageStrings_3082js12ADEE47-66C5-E511-80D3-00155D9E7A06</FileName>
    </WebResource>
    <WebResource>
      <WebResourceId>{d5510457-66c5-e511-80d3-00155d9e7a06}</WebResourceId>
      <Name>adx_resources/AdxstudioAzureStorage/Strings_3098.js</Name>
      <DisplayName>Localized strings</DisplayName>
      <WebResourceType>3</WebResourceType>
      <IntroducedVersion>7.0.0012</IntroducedVersion>
      <IsEnabledForMobileClient>0</IsEnabledForMobileClient>
      <IsCustomizable>0</IsCustomizable>
      <CanBeDeleted>1</CanBeDeleted>
      <IsHidden>0</IsHidden>
      <FileName>/WebResources/adx_resourcesAdxstudioAzureStorageStrings_3098jsD5510457-66C5-E511-80D3-00155D9E7A06</FileName>
    </WebResource>
    <WebResource>
      <WebResourceId>{d4b6b6e6-8729-e511-9438-00155d03a501}</WebResourceId>
      <Name>adx_scripts/es5_sham.min.js</Name>
      <DisplayName>es5_sham.min.js</DisplayName>
      <Description>/*!
 * https://github.com/es-shims/es5-shim
 * @license es5-shim Copyright 2009-2015 by contributors, MIT License
 * see https://github.com/es-shims/es5-shim/blob/v4.1.8/LICENSE
 */</Description>
      <WebResourceType>3</WebResourceType>
      <IntroducedVersion>7.0.0052</IntroducedVersion>
      <IsEnabledForMobileClient>0</IsEnabledForMobileClient>
      <FileName>/WebResources/adx_scriptses5_shamminjsD4B6B6E6-8729-E511-9438-00155D03A501</FileName>
    </WebResource>
    <WebResource>
      <WebResourceId>{394dc0bf-8729-e511-9438-00155d03a501}</WebResourceId>
      <Name>adx_scripts/es5_shim.min.js</Name>
      <DisplayName>es5_shim.min.js</DisplayName>
      <Description>/*!
 * https://github.com/es-shims/es5-shim
 * @license es5-shim Copyright 2009-2015 by contributors, MIT License
 * see https://github.com/es-shims/es5-shim/blob/v4.1.8/LICENSE
 */</Description>
      <WebResourceType>3</WebResourceType>
      <IntroducedVersion>7.0.0052</IntroducedVersion>
      <IsEnabledForMobileClient>0</IsEnabledForMobileClient>
      <FileName>/WebResources/adx_scriptses5_shimminjs394DC0BF-8729-E511-9438-00155D03A501</FileName>
    </WebResource>
    <WebResource>
      <WebResourceId>{d315bd8e-b454-e411-943a-00155d035d01}</WebResourceId>
      <Name>adx_scripts/jquery1.10.2.min.js</Name>
      <DisplayName>jquery1.10.2.min.js</DisplayName>
      <WebResourceType>3</WebResourceType>
      <IntroducedVersion>7.0.0023</IntroducedVersion>
      <IsEnabledForMobileClient>0</IsEnabledForMobileClient>
      <FileName>/WebResources/adx_scriptsjquery1102minjsD315BD8E-B454-E411-943A-00155D035D01</FileName>
    </WebResource>
    <WebResource>
      <WebResourceId>{59d1f765-8829-e511-9438-00155d03a501}</WebResourceId>
      <Name>adx_scripts/moment_with_locales.min.js</Name>
      <DisplayName>moment_with_locales.min.js</DisplayName>
      <Description>//! moment.js
//! version : 2.10.3
//! authors : Tim Wood, Iskren Chernev, Moment.js contributors
//! license : MIT
//! momentjs.com</Description>
      <WebResourceType>3</WebResourceType>
      <IntroducedVersion>7.0.0052</IntroducedVersion>
      <IsEnabledForMobileClient>0</IsEnabledForMobileClient>
      <FileName>/WebResources/adx_scriptsmoment_with_localesminjs59D1F765-8829-E511-9438-00155D03A501</FileName>
    </WebResource>
    <WebResource>
      <WebResourceId>{db34e39c-d450-e411-9437-00155d035d01}</WebResourceId>
      <Name>adx_scripts/underscore.min.js</Name>
      <DisplayName>underscore.min.js</DisplayName>
      <Description>v1.5.2</Description>
      <WebResourceType>3</WebResourceType>
      <IntroducedVersion>7.0.0023</IntroducedVersion>
      <IsEnabledForMobileClient>0</IsEnabledForMobileClient>
      <FileName>/WebResources/adx_scriptsunderscoreminjsDB34E39C-D450-E411-9437-00155D035D01</FileName>
    </WebResource>
  </WebResources>
  <SolutionPluginAssemblies>
    <PluginAssembly FullName="Adxstudio.Xrm.Workflow.AzureStorage, Version=1.0.0.0, Culture=neutral, PublicKeyToken=d3ebcae416f78f44" CustomizationLevel="1">
      <IsolationMode>2</IsolationMode>
      <SourceType>0</SourceType>
      <IntroducedVersion>1.0</IntroducedVersion>
      <FileName>/PluginAssemblies/AdxstudioXrmWorkflowAzureStorage-3F675679-5867-42DA-B23A-834BD3949EAC/AdxstudioXrmWorkflowAzureStorage.dll</FileName>
      <PluginTypes>
        <PluginType AssemblyQualifiedName="Adxstudio.Xrm.Workflow.AzureStorage.AzureBlobStorageEnabled, Adxstudio.Xrm.Workflow.AzureStorage, Version=1.0.0.0, Culture=neutral, PublicKeyToken=d3ebcae416f78f44" Name="Azure Blob Storage Enabled">
          <Description>Checks if Azure Blob Storage is enabled in this org</Description>
          <FriendlyName>68adca7f-c7bb-4499-a5d3-f153470ed5ca</FriendlyName>
          <WorkflowActivityGroupName>Adxstudio Azure Storage Utilities</WorkflowActivityGroupName>
        </PluginType>
        <PluginType AssemblyQualifiedName="Adxstudio.Xrm.Workflow.AzureStorage.AzureBlobStorageUrl, Adxstudio.Xrm.Workflow.AzureStorage, Version=1.0.0.0, Culture=neutral, PublicKeyToken=d3ebcae416f78f44" Name="Azure Blob Storage URL">
          <Description>Gets the Azure Blob Storage URL for an Annotation</Description>
          <FriendlyName>d03901ad-c1ef-46f9-b387-9c9c7d9f37dd</FriendlyName>
          <WorkflowActivityGroupName>Adxstudio Azure Storage Utilities</WorkflowActivityGroupName>
        </PluginType>
        <PluginType AssemblyQualifiedName="Adxstudio.Xrm.Workflow.AzureStorage.GenerateSharedAccessSignature, Adxstudio.Xrm.Workflow.AzureStorage, Version=1.0.0.0, Culture=neutral, PublicKeyToken=d3ebcae416f78f44" Name="Generate Shared Access Signature">
          <Description>Generates a Shared Access Signature for an Azure Storage resource</Description>
          <FriendlyName>e5713589-ef37-424e-9715-45030f792f6d</FriendlyName>
          <WorkflowActivityGroupName>Adxstudio Azure Storage Utilities</WorkflowActivityGroupName>
        </PluginType>
      </PluginTypes>
    </PluginAssembly>
  </SolutionPluginAssemblies>
  <Languages>
    <Language>1033</Language>
  </Languages>
</ImportExportXml>