﻿<?xml version="1.0" encoding="utf-8"?>
<ImportExportXml version="8.1.0000.0328" SolutionPackageVersion="8.1" languagecode="1033" generatedBy="OnPremise" xmlns:xsi="http://www.w3.org/2001/XMLSchema-instance">
  <SolutionManifest>
    <UniqueName>MicrosoftAzureStorage</UniqueName>
    <LocalizedNames>
      <LocalizedName description="Dynamics 365 Portals - Azure Storage" languagecode="1033" />
      <LocalizedName description="Портали на Dynamics 365 – Хранилище на Azure" languagecode="1026" />
      <LocalizedName description="Portals del Dynamics 365: emmagatzematge de l'Azure" languagecode="1027" />
      <LocalizedName description="Portály Dynamics 365 – Azure Storage" languagecode="1029" />
      <LocalizedName description="Dynamics 365-portaler - Azure Storage" languagecode="1030" />
      <LocalizedName description="Dynamics 365-Portale – Azure Storage" languagecode="1031" />
      <LocalizedName description="Πύλες Dynamics 365 - Υπηρεσία αποθήκευσης Azure" languagecode="1032" />
      <LocalizedName description="Portales de Dynamics 365: Azure Storage" languagecode="3082" />
      <LocalizedName description="Dynamics 365 portaalid – Azure’i salvestusruum" languagecode="1061" />
      <LocalizedName description="Dynamics 365 Atariak: Azure biltegia" languagecode="1069" />
      <LocalizedName description="Dynamics 365 -portaalit – Azure Storage" languagecode="1035" />
      <LocalizedName description="Portails Dynamics 365 - Azure Storage" languagecode="1036" />
      <LocalizedName description="Portais de Dynamics 365: Almacenamento de Azure" languagecode="1110" />
      <LocalizedName description="Dynamics 365 पोर्टल - Azure संग्रहण" languagecode="1081" />
      <LocalizedName description="Portali sustava Dynamics 365 – Pohrana servisa Microsoft Azure" languagecode="1050" />
      <LocalizedName description="Dynamics 365 portálok – Azure Storage" languagecode="1038" />
      <LocalizedName description="Portal Dynamics 365 - Azure Storage" languagecode="1057" />
      <LocalizedName description="Portali di Dynamics 365 - Archiviazione di Azure" languagecode="1040" />
      <LocalizedName description="Dynamics 365 ポータル - Azure Storage" languagecode="1041" />
      <LocalizedName description="Dynamics 365 порталдары - Azure сақтау орны" languagecode="1087" />
      <LocalizedName description="Dynamics 365 포털 - Azure 저장소" languagecode="1042" />
      <LocalizedName description="„Dynamics 365” portalai – „Azure“ saugykla" languagecode="1063" />
      <LocalizedName description="Dynamics 365 portāli — Azure Storage" languagecode="1062" />
      <LocalizedName description="Portal Dynamics 365 - Storan Azure" languagecode="1086" />
      <LocalizedName description="Dynamics 365-portaler – Azure Storage" languagecode="1044" />
      <LocalizedName description="Dynamics 365-portals - Azure Storage" languagecode="1043" />
      <LocalizedName description="Portale usługi Dynamics 365 — magazyn Azure" languagecode="1045" />
      <LocalizedName description="Portais do Dynamics 365 - Armazenamento do Azure" languagecode="1046" />
      <LocalizedName description="Dynamics 365 Portais - Armazenamento do Azure" languagecode="2070" />
      <LocalizedName description="Portaluri Dynamics 365 - Stocare Azure" languagecode="1048" />
      <LocalizedName description="Порталы Dynamics 365 — хранилище Azure" languagecode="1049" />
      <LocalizedName description="Portály systému Dynamics 365 – Azure Storage" languagecode="1051" />
      <LocalizedName description="Portali storitve Dynamics 365 – shramba storitve Azure" languagecode="1060" />
      <LocalizedName description="Dynamics 365 портали – Azure простор за складиштење" languagecode="3098" />
      <LocalizedName description="Dynamics 365 портали – Azure простор за складиштење" languagecode="10266" />
      <LocalizedName description="Dynamics 365 portali – Azure prostor za skladištenje" languagecode="2074" />
      <LocalizedName description="Dynamics 365 portali – Azure prostor za skladištenje" languagecode="9242" />
      <LocalizedName description="Dynamics 365-portaler – Azure Storage" languagecode="1053" />
      <LocalizedName description="พอร์ทัล Dynamics 365 - ที่เก็บข้อมูล Azure" languagecode="1054" />
      <LocalizedName description="Dynamics 365 Portalları - Azure Depolama" languagecode="1055" />
      <LocalizedName description="Портали Dynamics 365 – Azure Storage" languagecode="1058" />
      <LocalizedName description="Cổng thông tin Dynamics 365 - Lưu trữ Azure" languagecode="1066" />
      <LocalizedName description="Dynamics 365 门户 - Azure 存储" languagecode="2052" />
      <LocalizedName description="Dynamics 365 入口網站 - Azure 儲存體" languagecode="3076" />
      <LocalizedName description="Dynamics 365 入口網站 - Azure 儲存體" languagecode="1028" />
    </LocalizedNames>
    <Descriptions>
      <Description description="Includes web resource components that are used to manage entity file attachments in Azure Blob storage. " languagecode="1033" />
      <Description description="Включва компоненти на уеб ресурс, които се използват за управление на прикачвания на файлове към обект в хранилище за BLOB на Azure. " languagecode="1026" />
      <Description description="Inclou els components de recursos web que s'utilitzen per administrar les dades adjuntes del fitxer d'entitats a l'emmagatzematge de Blob de l'Azure. " languagecode="1027" />
      <Description description="Obsahuje součásti webových prostředků, které slouží ke správě souborů jako příloh entit ve službě Azure Blob Storage. " languagecode="1029" />
      <Description description="Omfatter komponenter til webressourcer, der bruges til at styre objekter med vedhæftede filer i Azure Blob Storage. " languagecode="1030" />
      <Description description="Enthält Webressourcenkomponenten, die zur Verwaltung von Entitätsdateianlagen im Azure-BLOB-Speicher verwendet werden. " languagecode="1031" />
      <Description description="Περιλαμβάνει στοιχεία πόρου web που χρησιμοποιούνται για τη διαχείριση συνημμένων αρχείων της οντότητας στον χώρο αποθήκευσης αντικειμένων Blob Azure. " languagecode="1032" />
      <Description description="Incluye componentes de recursos web que se utilizan para administrar los datos adjuntos del archivo de entidad en Almacenamiento de blobs de Azure. " languagecode="3082" />
      <Description description="Sisaldab veebiressursi komponente, mida kasutatakse CRM-i olemi failimanuste haldamiseks Azure’i bloobimälus. " languagecode="1061" />
      <Description description="Azure blob-biltegiko entitatearen fitxategi-eranskinak kudeatzeko erabiltzen diren web-baliabideen osagaiak ditu. " languagecode="1069" />
      <Description description="Sisältää verkkoresurssikomponentit, joilla hallitaan entiteetin tiedostoliitteitä Azure Blob -säilössä. " languagecode="1035" />
      <Description description="Inclut des composants de ressource Web qui sont utilisés pour gérer les fichiers joints de l'entité dans le stockage d'objets blob Azure. " languagecode="1036" />
      <Description description="Inclúe compoñentes de recurso web que se usan para xestionar anexos de ficheiros de entidade no almacenamento de BLOB de Azure. " languagecode="1110" />
      <Description description="इसमें वे वेब संसाधन घटक शामिल हैं जिनका उपयोग Azure ब्लॉब संग्रहण में निकाय फ़ाइल अनुलग्नकों का प्रबंधन करने के लिए किया जाता है. " languagecode="1081" />
      <Description description="Uključuje komponente web-resursa koje se koriste za upravljanje privicima datoteke entiteta u Azure spremištu blobova. " languagecode="1050" />
      <Description description="Olyan webes erőforrás-összetevőket tartalmaz, amelyeket az entitások fájlmellékleteinek kezelésére használnak az Azure Blob Storage-ban. " languagecode="1038" />
      <Description description="Mencakup komponen sumber daya web yang digunakan untuk mengelola lampiran file entitas dalam penyimpanan Azure Blob. " languagecode="1057" />
      <Description description="Include i componenti delle risorse Web utilizzati per gestire gli allegati dei file dell'entità nell'archivio BLOB di Azure. " languagecode="1040" />
      <Description description="Azure Blob Storage でエンティティのファイル添付を管理するために使用する Web リソース コンポーネントが含まれています。" languagecode="1041" />
      <Description description="Azure Blob сақтау орнындағы нысанның файл тіркемелерін басқару үшін пайдаланылатын веб-ресурсының құрамдастарын қамтиды. " languagecode="1087" />
      <Description description="Azure Blob 저장소에서 엔터티 첨부 파일을 관리하는 데 사용되는 웹 리소스 구성 요소가 들어 있습니다. " languagecode="1042" />
      <Description description="Apima žiniatinklio išteklių komponentus, kurie naudojami objektų failų priedams valdyti „Azure“ didelių dvejetainių objektų saugykloje." languagecode="1063" />
      <Description description="Iekļauj tīmekļa resursu komponentus, kas tiek izmantoti entītijas faila pielikumu pārvaldībai Azure Blob krātuvē." languagecode="1062" />
      <Description description="Termasuk komponen sumber web yang digunakan untuk menguruskan lampiran fail entiti dalam storan Blob Azure." languagecode="1086" />
      <Description description="Inkluderer webressurskomponenter som brukes til å administrere filvedlegg for enhet i Azure Blob-lagring. " languagecode="1044" />
      <Description description="Bevat onderdelen van webresources die worden gebruikt voor het beheren van bestandsbijlagen voor entiteiten in Azure-blobopslag. " languagecode="1043" />
      <Description description="Zawiera składniki zasobów sieci web służące do zarządzania załącznikami plików encji w Magazynie obiektów blob Azure. " languagecode="1045" />
      <Description description="Inclui componentes de recursos da Web que são usados para gerenciar anexos de arquivos da entidade no Armazenamento de Blobs do Azure. " languagecode="1046" />
      <Description description="Inclui componentes de recursos Web utilizados na gestão de anexos de ficheiros da entidade no armazenamento de Blobs do Azure. " languagecode="2070" />
      <Description description="Include componente de resurse web care sunt utilizate pentru a gestiona atașările de fișiere pentru entități în spațiul de stocare Azure Blob. " languagecode="1048" />
      <Description description="Содержит компоненты веб-ресурса, используемые для управления вложенными файлами сущностей в хранилище BLOB-объектов Azure." languagecode="1049" />
      <Description description="Obsahuje súčasti webových zdrojov, ktoré sa používajú na spravovanie súborov entít ako príloh v úložisku objektov BLOB na platforme Azure. " languagecode="1051" />
      <Description description="Vsebuje komponente spletnega vira, ki se uporabljajo za upravljanje datotečnih prilog entitete v shrambi zbirke dvojiških podatkov Azure. " languagecode="1060" />
      <Description description="Обухвата компоненте веб-ресурса које се користе за управљање прилозима датотеке ентитета у Azure складишту блоба. " languagecode="3098" />
      <Description description="Обухвата компоненте веб-ресурса које се користе за управљање прилозима датотеке ентитета у Azure складишту блоба. " languagecode="10266" />
      <Description description="Obuhvata komponente veb-resursa koje se koriste za upravljanje prilozima datoteke entiteta u Azure skladištu bloba. " languagecode="2074" />
      <Description description="Obuhvata komponente veb-resursa koje se koriste za upravljanje prilozima datoteke entiteta u Azure skladištu bloba. " languagecode="9242" />
      <Description description="Omfattar webbresurskomponenter som används för att hantera bifogade entitetsfiler i Azure blobblagring. " languagecode="1053" />
      <Description description="รวมส่วนประกอบทรัพยากรบนเว็บที่ใช้ในการจัดการสิ่งที่แนบไฟล์เอนทิตีในที่เก็บข้อมูล Azure Blob " languagecode="1054" />
      <Description description="Azure Blob depolama alanında varlık dosyası eklerini yönetmek için kullanılan web kaynağı bileşenlerini içerir. " languagecode="1055" />
      <Description description="Включає компоненти веб-ресурсу, які використовуються для керування файловими вкладення сутності у сховищі BLOB-об’єктів Azure. " languagecode="1058" />
      <Description description="Bao gồm các thành phần tài nguyên web được dùng để quản lý đính kèm tệp tin thực thể trong lưu trữ Azure Blob. " languagecode="1066" />
      <Description description="包含用于管理 Azure Blob 存储中的实体文件附件的 Web 资源组件。" languagecode="2052" />
      <Description description="包含在 Azure Blob 儲存體中用來管理實體檔案附件的 Web 資源元件。" languagecode="3076" />
      <Description description="包含在 Azure Blob 儲存體中用來管理實體檔案附件的 Web 資源元件。" languagecode="1028" />
    </Descriptions>
    <Version>8.3.0.0</Version>
    <Managed>1</Managed>
    <Publisher>
      <UniqueName>adxstudio</UniqueName>
      <LocalizedNames>
        <LocalizedName description="Microsoft" languagecode="1033" />
        <LocalizedName description="Microsoft" languagecode="1026" />
        <LocalizedName description="Microsoft" languagecode="1027" />
        <LocalizedName description="Microsoft" languagecode="1029" />
        <LocalizedName description="Microsoft" languagecode="1030" />
        <LocalizedName description="Microsoft" languagecode="1031" />
        <LocalizedName description="Microsoft" languagecode="1032" />
        <LocalizedName description="Microsoft" languagecode="3082" />
        <LocalizedName description="Microsoft" languagecode="1061" />
        <LocalizedName description="Microsoft" languagecode="1069" />
        <LocalizedName description="Microsoft" languagecode="1035" />
        <LocalizedName description="Microsoft" languagecode="1036" />
        <LocalizedName description="Microsoft" languagecode="1110" />
        <LocalizedName description="Microsoft" languagecode="1081" />
        <LocalizedName description="Microsoft" languagecode="1050" />
        <LocalizedName description="Microsoft" languagecode="1038" />
        <LocalizedName description="Microsoft" languagecode="1057" />
        <LocalizedName description="Microsoft" languagecode="1040" />
        <LocalizedName description="Microsoft" languagecode="1041" />
        <LocalizedName description="Microsoft" languagecode="1087" />
        <LocalizedName description="Microsoft" languagecode="1042" />
        <LocalizedName description="„Microsoft“" languagecode="1063" />
        <LocalizedName description="Microsoft" languagecode="1062" />
        <LocalizedName description="Microsoft" languagecode="1086" />
        <LocalizedName description="Microsoft" languagecode="1044" />
        <LocalizedName description="Microsoft" languagecode="1043" />
        <LocalizedName description="Microsoft" languagecode="1045" />
        <LocalizedName description="Microsoft" languagecode="1046" />
        <LocalizedName description="Microsoft" languagecode="2070" />
        <LocalizedName description="Microsoft" languagecode="1048" />
        <LocalizedName description="Корпорация Майкрософт" languagecode="1049" />
        <LocalizedName description="Microsoft" languagecode="1051" />
        <LocalizedName description="Microsoft" languagecode="1060" />
        <LocalizedName description="Microsoft" languagecode="3098" />
        <LocalizedName description="Microsoft" languagecode="10266" />
        <LocalizedName description="Microsoft" languagecode="2074" />
        <LocalizedName description="Microsoft" languagecode="9242" />
        <LocalizedName description="Microsoft" languagecode="1053" />
        <LocalizedName description="Microsoft" languagecode="1054" />
        <LocalizedName description="Microsoft" languagecode="1055" />
        <LocalizedName description="Microsoft" languagecode="1058" />
        <LocalizedName description="Microsoft" languagecode="1066" />
        <LocalizedName description="Microsoft" languagecode="2052" />
        <LocalizedName description="Microsoft" languagecode="3076" />
        <LocalizedName description="Microsoft" languagecode="1028" />
      </LocalizedNames>
      <Descriptions />
      <EMailAddress>support@adxstudio.com</EMailAddress>
      <SupportingWebsiteUrl>http://www.adxstudio.com</SupportingWebsiteUrl>
      <CustomizationPrefix>adx</CustomizationPrefix>
      <CustomizationOptionValuePrefix>10000</CustomizationOptionValuePrefix>
      <Addresses>
        <Address>
          <AddressNumber>1</AddressNumber>
          <AddressTypeCode>1</AddressTypeCode>
          <City xsi:nil="true"></City>
          <County xsi:nil="true"></County>
          <Country xsi:nil="true"></Country>
          <Fax xsi:nil="true"></Fax>
          <FreightTermsCode xsi:nil="true"></FreightTermsCode>
          <ImportSequenceNumber xsi:nil="true"></ImportSequenceNumber>
          <Latitude xsi:nil="true"></Latitude>
          <Line1 xsi:nil="true"></Line1>
          <Line2 xsi:nil="true"></Line2>
          <Line3 xsi:nil="true"></Line3>
          <Longitude xsi:nil="true"></Longitude>
          <Name xsi:nil="true"></Name>
          <PostalCode xsi:nil="true"></PostalCode>
          <PostOfficeBox xsi:nil="true"></PostOfficeBox>
          <PrimaryContactName xsi:nil="true"></PrimaryContactName>
          <ShippingMethodCode>1</ShippingMethodCode>
          <StateOrProvince xsi:nil="true"></StateOrProvince>
          <Telephone1 xsi:nil="true"></Telephone1>
          <Telephone2 xsi:nil="true"></Telephone2>
          <Telephone3 xsi:nil="true"></Telephone3>
          <TimeZoneRuleVersionNumber xsi:nil="true"></TimeZoneRuleVersionNumber>
          <UPSZone xsi:nil="true"></UPSZone>
          <UTCOffset xsi:nil="true"></UTCOffset>
          <UTCConversionTimeZoneCode xsi:nil="true"></UTCConversionTimeZoneCode>
        </Address>
        <Address>
          <AddressNumber>2</AddressNumber>
          <AddressTypeCode>1</AddressTypeCode>
          <City xsi:nil="true"></City>
          <County xsi:nil="true"></County>
          <Country xsi:nil="true"></Country>
          <Fax xsi:nil="true"></Fax>
          <FreightTermsCode xsi:nil="true"></FreightTermsCode>
          <ImportSequenceNumber xsi:nil="true"></ImportSequenceNumber>
          <Latitude xsi:nil="true"></Latitude>
          <Line1 xsi:nil="true"></Line1>
          <Line2 xsi:nil="true"></Line2>
          <Line3 xsi:nil="true"></Line3>
          <Longitude xsi:nil="true"></Longitude>
          <Name xsi:nil="true"></Name>
          <PostalCode xsi:nil="true"></PostalCode>
          <PostOfficeBox xsi:nil="true"></PostOfficeBox>
          <PrimaryContactName xsi:nil="true"></PrimaryContactName>
          <ShippingMethodCode>1</ShippingMethodCode>
          <StateOrProvince xsi:nil="true"></StateOrProvince>
          <Telephone1 xsi:nil="true"></Telephone1>
          <Telephone2 xsi:nil="true"></Telephone2>
          <Telephone3 xsi:nil="true"></Telephone3>
          <TimeZoneRuleVersionNumber xsi:nil="true"></TimeZoneRuleVersionNumber>
          <UPSZone xsi:nil="true"></UPSZone>
          <UTCOffset xsi:nil="true"></UTCOffset>
          <UTCConversionTimeZoneCode xsi:nil="true"></UTCConversionTimeZoneCode>
        </Address>
      </Addresses>
    </Publisher>
    <RootComponents>
      <RootComponent type="29" id="{7cf664bd-8831-436b-9659-7706830961ab}" behavior="0" />
      <RootComponent type="29" id="{e054db8c-7e10-4d49-93b2-a78fa5e75f85}" behavior="0" />
      <RootComponent type="29" id="{f339f7fe-b41c-4ec7-a581-1dae9ff97933}" behavior="0" />
      <RootComponent type="61" schemaName="adx_angular/angular.min.js" behavior="0" />
      <RootComponent type="61" schemaName="adx_annotations/adx.annotations.css" behavior="0" />
      <RootComponent type="61" schemaName="adx_annotations/adx.annotations.html" behavior="0" />
      <RootComponent type="61" schemaName="adx_annotations/adx.annotations.js" behavior="0" />
      <RootComponent type="61" schemaName="adx_annotations/imports/angular_file_model.js" behavior="0" />
      <RootComponent type="61" schemaName="adx_annotations/imports/azure_blob_upload.js" behavior="0" />
      <RootComponent type="61" schemaName="adx_bootstrap_glyphicons/css/bootstrap.min.css" behavior="0" />
      <RootComponent type="61" schemaName="adx_bootstrap_glyphicons/css/glyphicons_font_awesome_migrate.min.css" behavior="0" />
      <RootComponent type="61" schemaName="adx_bootstrap_glyphicons/fonts/glyphicons_halflings_regular.eot" behavior="0" />
      <RootComponent type="61" schemaName="adx_bootstrap_glyphicons/fonts/glyphicons_halflings_regular.svg" behavior="0" />
      <RootComponent type="61" schemaName="adx_bootstrap_glyphicons/fonts/glyphicons_halflings_regular.ttf" behavior="0" />
      <RootComponent type="61" schemaName="adx_bootstrap_glyphicons/fonts/glyphicons_halflings_regular.woff" behavior="0" />
      <RootComponent type="61" schemaName="adx_bootstrap_glyphicons/fonts/glyphicons_halflings_regular.woff2" behavior="0" />
      <RootComponent type="61" schemaName="adx_framework/adx.sdk.js" behavior="0" />
      <RootComponent type="61" schemaName="adx_resources/AdxstudioAzureStorage/Strings_1026.js" behavior="0" />
      <RootComponent type="61" schemaName="adx_resources/AdxstudioAzureStorage/Strings_1027.js" behavior="0" />
      <RootComponent type="61" schemaName="adx_resources/AdxstudioAzureStorage/Strings_1028.js" behavior="0" />
      <RootComponent type="61" schemaName="adx_resources/AdxstudioAzureStorage/Strings_1029.js" behavior="0" />
      <RootComponent type="61" schemaName="adx_resources/AdxstudioAzureStorage/Strings_1030.js" behavior="0" />
      <RootComponent type="61" schemaName="adx_resources/AdxstudioAzureStorage/Strings_1031.js" behavior="0" />
      <RootComponent type="61" schemaName="adx_resources/AdxstudioAzureStorage/Strings_1032.js" behavior="0" />
      <RootComponent type="61" schemaName="adx_resources/AdxstudioAzureStorage/Strings_1033.js" behavior="0" />
      <RootComponent type="61" schemaName="adx_resources/AdxstudioAzureStorage/Strings_1035.js" behavior="0" />
      <RootComponent type="61" schemaName="adx_resources/AdxstudioAzureStorage/Strings_1036.js" behavior="0" />
      <RootComponent type="61" schemaName="adx_resources/AdxstudioAzureStorage/Strings_1038.js" behavior="0" />
      <RootComponent type="61" schemaName="adx_resources/AdxstudioAzureStorage/Strings_1040.js" behavior="0" />
      <RootComponent type="61" schemaName="adx_resources/AdxstudioAzureStorage/Strings_1041.js" behavior="0" />
      <RootComponent type="61" schemaName="adx_resources/AdxstudioAzureStorage/Strings_1042.js" behavior="0" />
      <RootComponent type="61" schemaName="adx_resources/AdxstudioAzureStorage/Strings_1043.js" behavior="0" />
      <RootComponent type="61" schemaName="adx_resources/AdxstudioAzureStorage/Strings_1044.js" behavior="0" />
      <RootComponent type="61" schemaName="adx_resources/AdxstudioAzureStorage/Strings_1045.js" behavior="0" />
      <RootComponent type="61" schemaName="adx_resources/AdxstudioAzureStorage/Strings_1046.js" behavior="0" />
      <RootComponent type="61" schemaName="adx_resources/AdxstudioAzureStorage/Strings_1048.js" behavior="0" />
      <RootComponent type="61" schemaName="adx_resources/AdxstudioAzureStorage/Strings_1049.js" behavior="0" />
      <RootComponent type="61" schemaName="adx_resources/AdxstudioAzureStorage/Strings_1050.js" behavior="0" />
      <RootComponent type="61" schemaName="adx_resources/AdxstudioAzureStorage/Strings_1051.js" behavior="0" />
      <RootComponent type="61" schemaName="adx_resources/AdxstudioAzureStorage/Strings_1053.js" behavior="0" />
      <RootComponent type="61" schemaName="adx_resources/AdxstudioAzureStorage/Strings_1054.js" behavior="0" />
      <RootComponent type="61" schemaName="adx_resources/AdxstudioAzureStorage/Strings_1055.js" behavior="0" />
      <RootComponent type="61" schemaName="adx_resources/AdxstudioAzureStorage/Strings_1057.js" behavior="0" />
      <RootComponent type="61" schemaName="adx_resources/AdxstudioAzureStorage/Strings_1058.js" behavior="0" />
      <RootComponent type="61" schemaName="adx_resources/AdxstudioAzureStorage/Strings_1060.js" behavior="0" />
      <RootComponent type="61" schemaName="adx_resources/AdxstudioAzureStorage/Strings_1061.js" behavior="0" />
      <RootComponent type="61" schemaName="adx_resources/AdxstudioAzureStorage/Strings_1062.js" behavior="0" />
      <RootComponent type="61" schemaName="adx_resources/AdxstudioAzureStorage/Strings_1063.js" behavior="0" />
      <RootComponent type="61" schemaName="adx_resources/AdxstudioAzureStorage/Strings_1066.js" behavior="0" />
      <RootComponent type="61" schemaName="adx_resources/AdxstudioAzureStorage/Strings_1069.js" behavior="0" />
      <RootComponent type="61" schemaName="adx_resources/AdxstudioAzureStorage/Strings_1081.js" behavior="0" />
      <RootComponent type="61" schemaName="adx_resources/AdxstudioAzureStorage/Strings_1086.js" behavior="0" />
      <RootComponent type="61" schemaName="adx_resources/AdxstudioAzureStorage/Strings_1087.js" behavior="0" />
      <RootComponent type="61" schemaName="adx_resources/AdxstudioAzureStorage/Strings_1110.js" behavior="0" />
      <RootComponent type="61" schemaName="adx_resources/AdxstudioAzureStorage/Strings_2052.js" behavior="0" />
      <RootComponent type="61" schemaName="adx_resources/AdxstudioAzureStorage/Strings_2070.js" behavior="0" />
      <RootComponent type="61" schemaName="adx_resources/AdxstudioAzureStorage/Strings_2074.js" behavior="0" />
      <RootComponent type="61" schemaName="adx_resources/AdxstudioAzureStorage/Strings_3076.js" behavior="0" />
      <RootComponent type="61" schemaName="adx_resources/AdxstudioAzureStorage/Strings_3082.js" behavior="0" />
      <RootComponent type="61" schemaName="adx_resources/AdxstudioAzureStorage/Strings_3098.js" behavior="0" />
      <RootComponent type="61" schemaName="adx_resources/ResourcesManager.js" behavior="0" />
      <RootComponent type="61" schemaName="adx_scripts/es5_sham.min.js" behavior="0" />
      <RootComponent type="61" schemaName="adx_scripts/es5_shim.min.js" behavior="0" />
      <RootComponent type="61" schemaName="adx_scripts/jquery1.10.2.min.js" behavior="0" />
      <RootComponent type="61" schemaName="adx_scripts/moment_with_locales.min.js" behavior="0" />
      <RootComponent type="61" schemaName="adx_scripts/underscore.min.js" behavior="0" />
      <RootComponent type="91" schemaName="Adxstudio.Xrm.Workflow.AzureStorage, Version=1.0.0.0, Culture=neutral, PublicKeyToken=d3ebcae416f78f44" behavior="0" />
    </RootComponents>
    <MissingDependencies>
      <MissingDependency>
        <Required key="0" type="61" schemaName="adx_scripts/underscore.min.js" displayName="adx_scripts/underscore.min.js" solution="MicrosoftCrmPortalBase (8.1.0000)" />
        <Dependent key="0" type="61" schemaName="adx_scripts/underscore.min.js" displayName="adx_scripts/underscore.min.js" />
      </MissingDependency>
      <MissingDependency>
        <Required key="1" type="61" schemaName="adx_framework/adx.sdk.js" displayName="adx_framework/adx.sdk.js" solution="MicrosoftCrmPortalBase (8.1.0000)" />
        <Dependent key="1" type="61" schemaName="adx_framework/adx.sdk.js" displayName="adx_framework/adx.sdk.js" />
      </MissingDependency>
      <MissingDependency>
        <Required key="2" type="61" schemaName="adx_bootstrap_glyphicons/css/glyphicons_font_awesome_migrate.min.css" displayName="adx_bootstrap_glyphicons/css/glyphicons_font_awesome_migrate.min.css" solution="MicrosoftCrmPortalBase (8.1.0000)" />
        <Dependent key="2" type="61" schemaName="adx_bootstrap_glyphicons/css/glyphicons_font_awesome_migrate.min.css" displayName="adx_bootstrap_glyphicons/css/glyphicons_font_awesome_migrate.min.css" />
      </MissingDependency>
      <MissingDependency>
        <Required key="3" type="61" schemaName="adx_bootstrap_glyphicons/css/bootstrap.min.css" displayName="adx_bootstrap_glyphicons/css/bootstrap.min.css" solution="MicrosoftCrmPortalBase (8.1.0000)" />
        <Dependent key="3" type="61" schemaName="adx_bootstrap_glyphicons/css/bootstrap.min.css" displayName="adx_bootstrap_glyphicons/css/bootstrap.min.css" />
      </MissingDependency>
      <MissingDependency>
        <Required key="4" type="61" schemaName="adx_bootstrap_glyphicons/fonts/glyphicons_halflings_regular.eot" displayName="adx_bootstrap_glyphicons/fonts/glyphicons_halflings_regular.eot" solution="MicrosoftCrmPortalBase (8.1.0000)" />
        <Dependent key="4" type="61" schemaName="adx_bootstrap_glyphicons/fonts/glyphicons_halflings_regular.eot" displayName="adx_bootstrap_glyphicons/fonts/glyphicons_halflings_regular.eot" />
      </MissingDependency>
      <MissingDependency>
        <Required key="5" type="61" schemaName="adx_scripts/jquery1.10.2.min.js" displayName="adx_scripts/jquery1.10.2.min.js" solution="MicrosoftCrmPortalBase (8.1.0000)" />
        <Dependent key="5" type="61" schemaName="adx_scripts/jquery1.10.2.min.js" displayName="adx_scripts/jquery1.10.2.min.js" />
      </MissingDependency>
      <MissingDependency>
        <Required key="6" type="61" schemaName="adx_bootstrap_glyphicons/fonts/glyphicons_halflings_regular.ttf" displayName="adx_bootstrap_glyphicons/fonts/glyphicons_halflings_regular.ttf" solution="MicrosoftCrmPortalBase (8.1.0000)" />
        <Dependent key="6" type="61" schemaName="adx_bootstrap_glyphicons/fonts/glyphicons_halflings_regular.ttf" displayName="adx_bootstrap_glyphicons/fonts/glyphicons_halflings_regular.ttf" />
      </MissingDependency>
      <MissingDependency>
        <Required key="7" type="61" schemaName="adx_scripts/es5_sham.min.js" displayName="adx_scripts/es5_sham.min.js" solution="MicrosoftCrmPortalBase (8.1.0000)" />
        <Dependent key="7" type="61" schemaName="adx_scripts/es5_sham.min.js" displayName="adx_scripts/es5_sham.min.js" />
      </MissingDependency>
      <MissingDependency>
        <Required key="8" type="61" schemaName="adx_bootstrap_glyphicons/fonts/glyphicons_halflings_regular.woff2" displayName="adx_bootstrap_glyphicons/fonts/glyphicons_halflings_regular.woff2" solution="MicrosoftCrmPortalBase (8.1.0000)" />
        <Dependent key="8" type="61" schemaName="adx_bootstrap_glyphicons/fonts/glyphicons_halflings_regular.woff2" displayName="adx_bootstrap_glyphicons/fonts/glyphicons_halflings_regular.woff2" />
      </MissingDependency>
      <MissingDependency>
        <Required key="9" type="61" schemaName="adx_scripts/moment_with_locales.min.js" displayName="adx_scripts/moment_with_locales.min.js" solution="MicrosoftCrmPortalBase (8.1.0000)" />
        <Dependent key="9" type="61" schemaName="adx_scripts/moment_with_locales.min.js" displayName="adx_scripts/moment_with_locales.min.js" />
      </MissingDependency>
      <MissingDependency>
        <Required key="10" type="61" schemaName="adx_scripts/es5_shim.min.js" displayName="adx_scripts/es5_shim.min.js" solution="MicrosoftCrmPortalBase (8.1.0000)" />
        <Dependent key="10" type="61" schemaName="adx_scripts/es5_shim.min.js" displayName="adx_scripts/es5_shim.min.js" />
      </MissingDependency>
      <MissingDependency>
        <Required key="11" type="61" schemaName="adx_angular/angular.min.js" displayName="adx_angular/angular.min.js" solution="MicrosoftCrmPortalBase (8.1.0000)" />
        <Dependent key="11" type="61" schemaName="adx_angular/angular.min.js" displayName="adx_angular/angular.min.js" />
      </MissingDependency>
      <MissingDependency>
        <Required key="12" type="61" schemaName="adx_bootstrap_glyphicons/fonts/glyphicons_halflings_regular.svg" displayName="adx_bootstrap_glyphicons/fonts/glyphicons_halflings_regular.svg" solution="MicrosoftCrmPortalBase (8.1.0000)" />
        <Dependent key="12" type="61" schemaName="adx_bootstrap_glyphicons/fonts/glyphicons_halflings_regular.svg" displayName="adx_bootstrap_glyphicons/fonts/glyphicons_halflings_regular.svg" />
      </MissingDependency>
      <MissingDependency>
        <Required key="13" type="61" schemaName="adx_bootstrap_glyphicons/fonts/glyphicons_halflings_regular.woff" displayName="adx_bootstrap_glyphicons/fonts/glyphicons_halflings_regular.woff" solution="MicrosoftCrmPortalBase (8.1.0000)" />
        <Dependent key="13" type="61" schemaName="adx_bootstrap_glyphicons/fonts/glyphicons_halflings_regular.woff" displayName="adx_bootstrap_glyphicons/fonts/glyphicons_halflings_regular.woff" />
      </MissingDependency>
      <MissingDependency>
        <Required key="14" type="61" schemaName="adx_resources/ResourcesManager.js" displayName="adx_resources/ResourcesManager.js" solution="MicrosoftCrmPortalBase (8.1.0000)" />
        <Dependent key="14" type="61" schemaName="adx_resources/ResourcesManager.js" displayName="adx_resources/ResourcesManager.js" />
      </MissingDependency>
    </MissingDependencies>
  </SolutionManifest>
</ImportExportXml>